{
    "version": "0.4",
    "title": "Blog Standard",
    "type": "section",
    "metadata": {
        "template_type": "archive-blog",
        "include_in_zip": "1",
        "elementor_pro_required": null,
        "wp_page_template": "elementor_header_footer"
    },
    "content": [
        {
            "id": "6e92315a",
            "settings": {
                "flex_direction": "column",
                "flex_gap": {
                    "column": "30",
                    "row": "30",
                    "isLinked": true,
                    "unit": "px",
                    "size": 30
                },
                "margin": {
                    "unit": "px",
                    "top": "0",
                    "right": "0",
                    "bottom": "0",
                    "left": "0",
                    "isLinked": false
                },
                "padding": {
                    "unit": "px",
                    "top": "110",
                    "right": "15",
                    "bottom": "120",
                    "left": "15",
                    "isLinked": false
                },
                "padding_tablet": {
                    "unit": "em",
                    "top": "3",
                    "right": "1",
                    "bottom": "3",
                    "left": "1",
                    "isLinked": false
                },
                "padding_mobile_extra": {
                    "unit": "em",
                    "top": "",
                    "right": "",
                    "bottom": "",
                    "left": "",
                    "isLinked": true
                },
                "padding_mobile": {
                    "unit": "em",
                    "top": "",
                    "right": "",
                    "bottom": "",
                    "left": "",
                    "isLinked": true
                }
            },
            "elements": [
                {
                    "id": "5885865",
                    "settings": {
                        "title": "Blog Standard",
                        "header_size": "h1",
                        "align": "center"
                    },
                    "elements": [],
                    "isInner": false,
                    "widgetType": "heading",
                    "elType": "widget"
                },
                {
                    "id": "188b3e0",
                    "settings": {
                        "view": "inline",
                        "icon_list": [
                            {
                                "text": "Home",
                                "selected_icon": {
                                    "value": "",
                                    "library": ""
                                },
                                "_id": "86409c4",
                                "link": {
                                    "url": "#",
                                    "is_external": "",
                                    "nofollow": "",
                                    "custom_attributes": ""
                                }
                            },
                            {
                                "text": "Blog Standard",
                                "selected_icon": {
                                    "value": "fas fa-circle",
                                    "library": "fa-solid"
                                },
                                "_id": "fdad5f7"
                            }
                        ],
                        "space_between": {
                            "unit": "px",
                            "size": 20,
                            "sizes": []
                        },
                        "icon_align": "center",
                        "icon_size": {
                            "unit": "px",
                            "size": 5,
                            "sizes": []
                        },
                        "text_indent": {
                            "unit": "px",
                            "size": 20,
                            "sizes": []
                        },
                        "__globals__": {
                            "icon_typography_typography": "globals\/typography?id=3866898",
                            "text_color": "globals\/colors?id=primary",
                            "text_color_hover": "globals\/colors?id=secondary",
                            "icon_color": "globals\/colors?id=primary"
                        }
                    },
                    "elements": [],
                    "isInner": false,
                    "widgetType": "icon-list",
                    "elType": "widget"
                }
            ],
            "isInner": false,
            "elType": "container"
        },
        {
            "id": "5658497",
            "settings": {
                "flex_direction": "row",
                "flex_gap": {
                    "unit": "px",
                    "size": 30,
                    "column": "30",
                    "row": "30",
                    "isLinked": true
                },
                "flex_gap_tablet": {
                    "column": "20",
                    "row": "20",
                    "isLinked": true,
                    "unit": "px",
                    "size": 20
                },
                "margin": {
                    "unit": "px",
                    "top": "0",
                    "right": "0",
                    "bottom": "0",
                    "left": "0",
                    "isLinked": false
                },
                "padding": {
                    "unit": "px",
                    "top": "30",
                    "right": "15",
                    "bottom": "40",
                    "left": "15",
                    "isLinked": false
                },
                "padding_mobile": {
                    "unit": "em",
                    "top": "2",
                    "right": "1",
                    "bottom": "3",
                    "left": "1",
                    "isLinked": false
                }
            },
            "elements": [
                {
                    "id": "49809afd",
                    "settings": {
                        "flex_direction": "row",
                        "content_width": "full",
                        "width": {
                            "unit": "%",
                            "size": 67.7000000000000028421709430404007434844970703125
                        },
                        "width_tablet": {
                            "unit": "%",
                            "size": 65,
                            "sizes": []
                        },
                        "width_mobile_extra": {
                            "unit": "%",
                            "size": "",
                            "sizes": []
                        },
                        "width_mobile": {
                            "unit": "%",
                            "size": "",
                            "sizes": []
                        },
                        "flex_gap": {
                            "column": "30",
                            "row": "30",
                            "isLinked": true,
                            "unit": "px",
                            "size": 30
                        },
                        "flex_gap_tablet": {
                            "column": "20",
                            "row": "20",
                            "isLinked": true,
                            "unit": "px",
                            "size": 20
                        }
                    },
                    "elements": [
                        {
                            "id": "6f8fa602",
                            "settings": {
                                "posts_per_page": 4,
                                "button_text": "September 25, 2023",
                                "show_author": "",
                                "show_date": "",
                                "show_comment": "",
                                "border_radius": {
                                    "unit": "px",
                                    "top": "15",
                                    "right": "15",
                                    "bottom": "15",
                                    "left": "15",
                                    "isLinked": true
                                },
                                "padding_content_item_post": {
                                    "unit": "px",
                                    "top": "30",
                                    "right": "40",
                                    "bottom": "27",
                                    "left": "40",
                                    "isLinked": false
                                },
                                "border_radius_image": {
                                    "unit": "px",
                                    "top": "15",
                                    "right": "15",
                                    "bottom": "15",
                                    "left": "15",
                                    "isLinked": true
                                },
                                "show_overlay": "",
                                "icon_button": {
                                    "value": "",
                                    "library": ""
                                },
                                "_element_width": "initial",
                                "_element_width_mobile": "inherit",
                                "_element_custom_width": {
                                    "unit": "%",
                                    "size": 50,
                                    "sizes": []
                                },
                                "__globals__": {
                                    "background_color": "globals\/colors?id=5badb30",
                                    "bgcolor_content_item_post": "globals\/colors?id=5badb30",
                                    "title_typography_typography": "globals\/typography?id=beb8695",
                                    "title_color": "globals\/colors?id=primary",
                                    "title_color_hover": "globals\/colors?id=secondary",
                                    "meta_typography_typography": "globals\/typography?id=text",
                                    "meta_color": "globals\/colors?id=text",
                                    "meta_color_hover": "globals\/colors?id=secondary",
                                    "button_color": "globals\/colors?id=text",
                                    "button_color_hover": "globals\/colors?id=text",
                                    "border_color": "globals\/colors?id=accent"
                                },
                                "featured_width": {
                                    "unit": "%",
                                    "size": 50,
                                    "sizes": []
                                },
                                "padding_content_item_post_tablet": {
                                    "unit": "px",
                                    "top": "10",
                                    "right": "10",
                                    "bottom": "10",
                                    "left": "10",
                                    "isLinked": true
                                },
                                "padding_content_item_post_mobile": {
                                    "unit": "px",
                                    "top": "15",
                                    "right": "0",
                                    "bottom": "15",
                                    "left": "0",
                                    "isLinked": false
                                },
                                "title_margin": {
                                    "unit": "px",
                                    "top": "20",
                                    "right": "0",
                                    "bottom": "20",
                                    "left": "0",
                                    "isLinked": false
                                },
                                "posts_layout": "column-1",
                                "padding": {
                                    "unit": "px",
                                    "top": "15",
                                    "right": "15",
                                    "bottom": "15",
                                    "left": "15",
                                    "isLinked": "true"
                                },
                                "margin": {
                                    "unit": "px",
                                    "top": "0",
                                    "right": "0",
                                    "bottom": "30",
                                    "left": "0",
                                    "isLinked": false
                                },
                                "border_border": "solid",
                                "border_width": {
                                    "unit": "px",
                                    "top": "1",
                                    "right": "1",
                                    "bottom": "1",
                                    "left": "1",
                                    "isLinked": true
                                },
                                "posts_categories": [
                                    "design",
                                    "figma"
                                ]
                            },
                            "elements": [],
                            "isInner": false,
                            "widgetType": "tfposts",
                            "elType": "widget"
                        },
                        {
                            "id": "638b4bf2",
                            "settings": {
                                "posts_per_page": 4,
                                "button_text": "September 25, 2023",
                                "show_author": "",
                                "show_date": "",
                                "show_comment": "",
                                "border_radius": {
                                    "unit": "px",
                                    "top": "15",
                                    "right": "15",
                                    "bottom": "15",
                                    "left": "15",
                                    "isLinked": true
                                },
                                "padding_content_item_post": {
                                    "unit": "px",
                                    "top": "30",
                                    "right": "40",
                                    "bottom": "27",
                                    "left": "40",
                                    "isLinked": false
                                },
                                "border_radius_image": {
                                    "unit": "px",
                                    "top": "15",
                                    "right": "15",
                                    "bottom": "15",
                                    "left": "15",
                                    "isLinked": true
                                },
                                "show_overlay": "",
                                "icon_button": {
                                    "value": "",
                                    "library": ""
                                },
                                "_element_width": "initial",
                                "_element_width_mobile": "inherit",
                                "_element_custom_width": {
                                    "unit": "%",
                                    "size": 50,
                                    "sizes": []
                                },
                                "__globals__": {
                                    "background_color": "globals\/colors?id=5badb30",
                                    "bgcolor_content_item_post": "globals\/colors?id=5badb30",
                                    "title_typography_typography": "globals\/typography?id=beb8695",
                                    "title_color": "globals\/colors?id=primary",
                                    "title_color_hover": "globals\/colors?id=secondary",
                                    "meta_typography_typography": "globals\/typography?id=text",
                                    "meta_color": "globals\/colors?id=text",
                                    "meta_color_hover": "globals\/colors?id=secondary",
                                    "button_color": "globals\/colors?id=text",
                                    "button_color_hover": "globals\/colors?id=text",
                                    "border_color": "globals\/colors?id=accent"
                                },
                                "featured_width": {
                                    "unit": "%",
                                    "size": 50,
                                    "sizes": []
                                },
                                "padding_content_item_post_tablet": {
                                    "unit": "px",
                                    "top": "10",
                                    "right": "10",
                                    "bottom": "10",
                                    "left": "10",
                                    "isLinked": true
                                },
                                "padding_content_item_post_mobile": {
                                    "unit": "px",
                                    "top": "15",
                                    "right": "0",
                                    "bottom": "15",
                                    "left": "0",
                                    "isLinked": false
                                },
                                "title_margin": {
                                    "unit": "px",
                                    "top": "20",
                                    "right": "0",
                                    "bottom": "20",
                                    "left": "0",
                                    "isLinked": false
                                },
                                "posts_layout": "column-1",
                                "padding": {
                                    "unit": "px",
                                    "top": "15",
                                    "right": "15",
                                    "bottom": "15",
                                    "left": "15",
                                    "isLinked": true
                                },
                                "margin": {
                                    "unit": "px",
                                    "top": "0",
                                    "right": "0",
                                    "bottom": "30",
                                    "left": "0",
                                    "isLinked": false
                                },
                                "border_border": "solid",
                                "border_width": {
                                    "unit": "px",
                                    "top": "1",
                                    "right": "1",
                                    "bottom": "1",
                                    "left": "1",
                                    "isLinked": true
                                },
                                "posts_categories": [
                                    "design",
                                    "figma"
                                ]
                            },
                            "elements": [],
                            "isInner": false,
                            "widgetType": "tfposts",
                            "elType": "widget"
                        }
                    ],
                    "isInner": true,
                    "elType": "container"
                },
                {
                    "id": "1a81e9b",
                    "settings": {
                        "content_width": "full",
                        "width": {
                            "unit": "%",
                            "size": 32.2999999999999971578290569595992565155029296875,
                            "sizes": []
                        },
                        "width_tablet": {
                            "unit": "%",
                            "size": 35,
                            "sizes": []
                        },
                        "width_mobile_extra": {
                            "unit": "%",
                            "size": "",
                            "sizes": []
                        },
                        "width_mobile": {
                            "unit": "%",
                            "size": "",
                            "sizes": []
                        }
                    },
                    "elements": [
                        {
                            "id": "410cf95f",
                            "settings": {
                                "flex_direction": "column",
                                "width": {
                                    "unit": "%",
                                    "size": ""
                                },
                                "width_tablet": {
                                    "unit": "%",
                                    "size": "",
                                    "sizes": []
                                },
                                "width_mobile_extra": {
                                    "unit": "%",
                                    "size": "",
                                    "sizes": []
                                },
                                "width_mobile": {
                                    "unit": "%",
                                    "size": "",
                                    "sizes": []
                                },
                                "flex_gap": {
                                    "column": "45",
                                    "row": "45",
                                    "isLinked": true,
                                    "unit": "px",
                                    "size": 45
                                },
                                "background_background": "classic",
                                "border_border": "solid",
                                "border_width": {
                                    "unit": "px",
                                    "top": "1",
                                    "right": "1",
                                    "bottom": "1",
                                    "left": "1",
                                    "isLinked": true
                                },
                                "border_radius": {
                                    "unit": "px",
                                    "top": "15",
                                    "right": "15",
                                    "bottom": "15",
                                    "left": "15",
                                    "isLinked": true
                                },
                                "padding": {
                                    "unit": "px",
                                    "top": "45",
                                    "right": "40",
                                    "bottom": "45",
                                    "left": "40",
                                    "isLinked": false
                                },
                                "padding_tablet": {
                                    "unit": "em",
                                    "top": "1",
                                    "right": "1",
                                    "bottom": "1",
                                    "left": "1",
                                    "isLinked": true
                                },
                                "padding_mobile_extra": {
                                    "unit": "em",
                                    "top": "",
                                    "right": "",
                                    "bottom": "",
                                    "left": "",
                                    "isLinked": true
                                },
                                "padding_mobile": {
                                    "unit": "em",
                                    "top": "",
                                    "right": "",
                                    "bottom": "",
                                    "left": "",
                                    "isLinked": true
                                },
                                "__globals__": {
                                    "background_color": "globals\/colors?id=5badb30",
                                    "border_color": "globals\/colors?id=accent"
                                }
                            },
                            "elements": [
                                {
                                    "id": "5a6c27dd",
                                    "settings": [],
                                    "elements": [
                                        {
                                            "id": "24bfff9c",
                                            "settings": {
                                                "title": "Search",
                                                "__globals__": {
                                                    "title_color": "globals\/colors?id=primary",
                                                    "typography_typography": "globals\/typography?id=0f27948"
                                                }
                                            },
                                            "elements": [],
                                            "isInner": false,
                                            "widgetType": "heading",
                                            "elType": "widget"
                                        },
                                        {
                                            "id": "6dbed531",
                                            "settings": {
                                                "icon_search": {
                                                    "value": "icon icon-search11",
                                                    "library": "ekiticons"
                                                },
                                                "height": {
                                                    "unit": "px",
                                                    "size": 60,
                                                    "sizes": []
                                                },
                                                "padding-horizontal": {
                                                    "unit": "px",
                                                    "size": 20,
                                                    "sizes": []
                                                },
                                                "border-form": {
                                                    "unit": "px",
                                                    "top": "0",
                                                    "right": "0",
                                                    "bottom": "0",
                                                    "left": "0",
                                                    "isLinked": true
                                                },
                                                "border-radius-form": {
                                                    "unit": "px",
                                                    "top": "12",
                                                    "right": "12",
                                                    "bottom": "12",
                                                    "left": "12",
                                                    "isLinked": true
                                                },
                                                "form_search_placeholder_color": "#3E3E3E",
                                                "_padding": {
                                                    "unit": "px",
                                                    "top": "20",
                                                    "right": "0",
                                                    "bottom": "0",
                                                    "left": "0",
                                                    "isLinked": false
                                                },
                                                "__globals__": {
                                                    "form_search_background": "globals\/colors?id=29de16a",
                                                    "form_search_color": "globals\/colors?id=secondary"
                                                }
                                            },
                                            "elements": [],
                                            "isInner": false,
                                            "widgetType": "tf-search",
                                            "elType": "widget"
                                        }
                                    ],
                                    "isInner": true,
                                    "elType": "container"
                                },
                                {
                                    "id": "63b52c74",
                                    "settings": [],
                                    "elements": [
                                        {
                                            "id": "1cb0b73c",
                                            "settings": {
                                                "title": "Category",
                                                "__globals__": {
                                                    "title_color": "globals\/colors?id=primary",
                                                    "typography_typography": "globals\/typography?id=0f27948"
                                                }
                                            },
                                            "elements": [],
                                            "isInner": false,
                                            "widgetType": "heading",
                                            "elType": "widget"
                                        },
                                        {
                                            "id": "28c109c1",
                                            "settings": {
                                                "width": {
                                                    "unit": "px",
                                                    "size": 50,
                                                    "sizes": []
                                                },
                                                "width_tablet": {
                                                    "unit": "px",
                                                    "size": "",
                                                    "sizes": []
                                                },
                                                "width_mobile": {
                                                    "unit": "px",
                                                    "size": "",
                                                    "sizes": []
                                                },
                                                "text": "Divider",
                                                "weight": {
                                                    "unit": "px",
                                                    "size": 3,
                                                    "sizes": []
                                                },
                                                "_margin": {
                                                    "unit": "px",
                                                    "top": "0",
                                                    "right": "0",
                                                    "bottom": "0",
                                                    "left": "0",
                                                    "isLinked": false
                                                },
                                                "_padding": {
                                                    "unit": "px",
                                                    "top": "8",
                                                    "right": "0",
                                                    "bottom": "0",
                                                    "left": "0",
                                                    "isLinked": false
                                                },
                                                "__globals__": {
                                                    "color": "globals\/colors?id=accent"
                                                }
                                            },
                                            "elements": [],
                                            "isInner": false,
                                            "widgetType": "divider",
                                            "elType": "widget"
                                        },
                                        {
                                            "id": "6c34d933",
                                            "settings": {
                                                "icon_list": [
                                                    {
                                                        "_id": "d1a0eff",
                                                        "text": "Web Design",
                                                        "icons": {
                                                            "value": "fas fa-chevron-right",
                                                            "library": "fa-solid"
                                                        },
                                                        "link": "4"
                                                    },
                                                    {
                                                        "text": "Mobile Apps Design",
                                                        "icons": {
                                                            "value": "fas fa-chevron-right",
                                                            "library": "fa-solid"
                                                        },
                                                        "link": "4",
                                                        "_id": "ed231aa"
                                                    },
                                                    {
                                                        "text": "Brand Identity Design",
                                                        "icons": {
                                                            "value": "fas fa-chevron-right",
                                                            "library": "fa-solid"
                                                        },
                                                        "link": "4",
                                                        "_id": "4027699"
                                                    },
                                                    {
                                                        "text": "Motion Graphic Design",
                                                        "icons": {
                                                            "value": "fas fa-chevron-right",
                                                            "library": "fa-solid"
                                                        },
                                                        "link": "4",
                                                        "_id": "06e33ad"
                                                    },
                                                    {
                                                        "text": "Web Development",
                                                        "icons": {
                                                            "value": "fas fa-chevron-right",
                                                            "library": "fa-solid"
                                                        },
                                                        "link": "4",
                                                        "_id": "85563e7"
                                                    },
                                                    {
                                                        "text": "Digital Marketing",
                                                        "icons": {
                                                            "value": "fas fa-chevron-right",
                                                            "library": "fa-solid"
                                                        },
                                                        "link": "4",
                                                        "_id": "1da7848"
                                                    }
                                                ],
                                                "space_between": {
                                                    "unit": "px",
                                                    "size": 21,
                                                    "sizes": []
                                                },
                                                "icon_align": "left",
                                                "list_padding": {
                                                    "unit": "px",
                                                    "top": "0",
                                                    "right": "0",
                                                    "bottom": "0",
                                                    "left": "0",
                                                    "isLinked": false
                                                },
                                                "icon_size": {
                                                    "unit": "px",
                                                    "size": 15,
                                                    "sizes": []
                                                },
                                                "_margin": {
                                                    "unit": "px",
                                                    "top": "0",
                                                    "right": "0",
                                                    "bottom": "0",
                                                    "left": "0",
                                                    "isLinked": false
                                                },
                                                "_padding": {
                                                    "unit": "px",
                                                    "top": "22",
                                                    "right": "0",
                                                    "bottom": "0",
                                                    "left": "0",
                                                    "isLinked": false
                                                },
                                                "__globals__": {
                                                    "icon_typography_typography": "globals\/typography?id=3866898",
                                                    "text_color": "globals\/colors?id=4abd709",
                                                    "text_color_hover": "globals\/colors?id=secondary",
                                                    "icon_color": "globals\/colors?id=4abd709",
                                                    "icon_color_hover": "globals\/colors?id=secondary"
                                                }
                                            },
                                            "elements": [],
                                            "isInner": false,
                                            "widgetType": "elementskit-category-list",
                                            "elType": "widget"
                                        }
                                    ],
                                    "isInner": true,
                                    "elType": "container"
                                },
                                {
                                    "id": "2f9ff43c",
                                    "settings": [],
                                    "elements": [
                                        {
                                            "id": "1d6165e2",
                                            "settings": {
                                                "title": "Latest News",
                                                "__globals__": {
                                                    "title_color": "globals\/colors?id=primary",
                                                    "typography_typography": "globals\/typography?id=0f27948"
                                                }
                                            },
                                            "elements": [],
                                            "isInner": false,
                                            "widgetType": "heading",
                                            "elType": "widget"
                                        },
                                        {
                                            "id": "12bdd704",
                                            "settings": {
                                                "width": {
                                                    "unit": "px",
                                                    "size": 50,
                                                    "sizes": []
                                                },
                                                "width_tablet": {
                                                    "unit": "px",
                                                    "size": "",
                                                    "sizes": []
                                                },
                                                "width_mobile": {
                                                    "unit": "px",
                                                    "size": "",
                                                    "sizes": []
                                                },
                                                "text": "Divider",
                                                "weight": {
                                                    "unit": "px",
                                                    "size": 3,
                                                    "sizes": []
                                                },
                                                "_margin": {
                                                    "unit": "px",
                                                    "top": "0",
                                                    "right": "0",
                                                    "bottom": "0",
                                                    "left": "0",
                                                    "isLinked": false
                                                },
                                                "_padding": {
                                                    "unit": "px",
                                                    "top": "8",
                                                    "right": "0",
                                                    "bottom": "0",
                                                    "left": "0",
                                                    "isLinked": false
                                                },
                                                "__globals__": {
                                                    "color": "globals\/colors?id=accent"
                                                }
                                            },
                                            "elements": [],
                                            "isInner": false,
                                            "widgetType": "divider",
                                            "elType": "widget"
                                        },
                                        {
                                            "id": "14b5e303",
                                            "settings": {
                                                "posts_per_page": 3,
                                                "posts_layout_type": "list",
                                                "featured_width": {
                                                    "unit": "%",
                                                    "size": 25,
                                                    "sizes": []
                                                },
                                                "featured_margin_right": {
                                                    "unit": "px",
                                                    "size": 25,
                                                    "sizes": []
                                                },
                                                "show_button": "",
                                                "button_text": "Read More",
                                                "show_author": "",
                                                "show_category": "",
                                                "show_comment": "",
                                                "padding": {
                                                    "unit": "px",
                                                    "top": "0",
                                                    "right": "0",
                                                    "bottom": "0",
                                                    "left": "0",
                                                    "isLinked": false
                                                },
                                                "margin": {
                                                    "unit": "px",
                                                    "top": "10",
                                                    "right": "0",
                                                    "bottom": "35",
                                                    "left": "0",
                                                    "isLinked": false
                                                },
                                                "background_color": "#FFFFFF00",
                                                "bgcolor_content_item_post": "#FFFFFF00",
                                                "padding_content_item_post": {
                                                    "unit": "px",
                                                    "top": "0",
                                                    "right": "0",
                                                    "bottom": "0",
                                                    "left": "0",
                                                    "isLinked": false
                                                },
                                                "show_overlay": "",
                                                "title_typography_typography": "custom",
                                                "title_typography_font_family": "DM Sans",
                                                "title_typography_font_size": {
                                                    "unit": "px",
                                                    "size": 18,
                                                    "sizes": []
                                                },
                                                "title_typography_font_size_mobile": {
                                                    "unit": "px",
                                                    "size": 16,
                                                    "sizes": []
                                                },
                                                "title_typography_font_weight": "500",
                                                "title_typography_text_transform": "none",
                                                "title_typography_line_height": {
                                                    "unit": "em",
                                                    "size": 1.30220000000000002415845301584340631961822509765625,
                                                    "sizes": []
                                                },
                                                "title_typography_letter_spacing": {
                                                    "unit": "em",
                                                    "size": -0.0200000000000000004163336342344337026588618755340576171875,
                                                    "sizes": []
                                                },
                                                "title_typography_word_spacing": {
                                                    "unit": "em",
                                                    "size": "",
                                                    "sizes": []
                                                },
                                                "title_color": "#FFFFFF",
                                                "title_margin": {
                                                    "unit": "px",
                                                    "top": "0",
                                                    "right": "0",
                                                    "bottom": "0",
                                                    "left": "0",
                                                    "isLinked": false
                                                },
                                                "meta_color": "#FFFFFFA6",
                                                "meta_color_hover": "#FFFFFFA6",
                                                "date_icon": "fas fa-calendar-alt",
                                                "meta_icon_color": "#FFFFFF",
                                                "__globals__": {
                                                    "title_typography_typography": "globals\/typography?id=3866898",
                                                    "title_color": "globals\/colors?id=primary",
                                                    "meta_color": "globals\/colors?id=text",
                                                    "meta_color_hover": "globals\/colors?id=text",
                                                    "meta_icon_color": "globals\/colors?id=primary",
                                                    "meta_typography_typography": "globals\/typography?id=text",
                                                    "title_color_hover": "globals\/colors?id=secondary"
                                                },
                                                "posts_categories": [
                                                    "blog"
                                                ],
                                                "padding_content_item_post_mobile": {
                                                    "unit": "px",
                                                    "top": "10",
                                                    "right": "0",
                                                    "bottom": "0",
                                                    "left": "0",
                                                    "isLinked": false
                                                }
                                            },
                                            "elements": [],
                                            "isInner": false,
                                            "widgetType": "tfposts",
                                            "elType": "widget"
                                        }
                                    ],
                                    "isInner": true,
                                    "elType": "container"
                                },
                                {
                                    "id": "c48504c",
                                    "settings": [],
                                    "elements": [
                                        {
                                            "id": "1e023caf",
                                            "settings": {
                                                "title": "Popular Tags",
                                                "__globals__": {
                                                    "title_color": "globals\/colors?id=primary",
                                                    "typography_typography": "globals\/typography?id=0f27948"
                                                }
                                            },
                                            "elements": [],
                                            "isInner": false,
                                            "widgetType": "heading",
                                            "elType": "widget"
                                        },
                                        {
                                            "id": "5f640eef",
                                            "settings": {
                                                "width": {
                                                    "unit": "px",
                                                    "size": 50,
                                                    "sizes": []
                                                },
                                                "width_tablet": {
                                                    "unit": "px",
                                                    "size": "",
                                                    "sizes": []
                                                },
                                                "width_mobile": {
                                                    "unit": "px",
                                                    "size": "",
                                                    "sizes": []
                                                },
                                                "text": "Divider",
                                                "weight": {
                                                    "unit": "px",
                                                    "size": 3,
                                                    "sizes": []
                                                },
                                                "_margin": {
                                                    "unit": "px",
                                                    "top": "0",
                                                    "right": "0",
                                                    "bottom": "0",
                                                    "left": "0",
                                                    "isLinked": false
                                                },
                                                "_padding": {
                                                    "unit": "px",
                                                    "top": "8",
                                                    "right": "0",
                                                    "bottom": "0",
                                                    "left": "0",
                                                    "isLinked": false
                                                },
                                                "__globals__": {
                                                    "color": "globals\/colors?id=accent"
                                                }
                                            },
                                            "elements": [],
                                            "isInner": false,
                                            "widgetType": "divider",
                                            "elType": "widget"
                                        },
                                        {
                                            "id": "3dd1428e",
                                            "settings": {
                                                "flex_direction": "column",
                                                "flex_align_items": "flex-start",
                                                "flex_gap": {
                                                    "column": "10",
                                                    "row": "10",
                                                    "isLinked": true,
                                                    "unit": "px",
                                                    "size": 10
                                                },
                                                "margin": {
                                                    "unit": "px",
                                                    "top": "0",
                                                    "right": "0",
                                                    "bottom": "0",
                                                    "left": "0",
                                                    "isLinked": false
                                                },
                                                "padding": {
                                                    "unit": "px",
                                                    "top": "26",
                                                    "right": "0",
                                                    "bottom": "0",
                                                    "left": "0",
                                                    "isLinked": false
                                                }
                                            },
                                            "elements": [
                                                {
                                                    "id": "41d99b38",
                                                    "settings": {
                                                        "flex_direction": "row",
                                                        "flex_gap": {
                                                            "column": "10",
                                                            "row": "10",
                                                            "isLinked": true,
                                                            "unit": "px",
                                                            "size": 10
                                                        }
                                                    },
                                                    "elements": [
                                                        {
                                                            "id": "6b8bb70b",
                                                            "settings": {
                                                                "text": "Design",
                                                                "border_radius": {
                                                                    "unit": "px",
                                                                    "top": "10",
                                                                    "right": "10",
                                                                    "bottom": "10",
                                                                    "left": "10",
                                                                    "isLinked": true
                                                                },
                                                                "text_padding": {
                                                                    "unit": "px",
                                                                    "top": "7",
                                                                    "right": "15",
                                                                    "bottom": "7",
                                                                    "left": "15",
                                                                    "isLinked": false
                                                                },
                                                                "__globals__": {
                                                                    "background_color": "globals\/colors?id=accent",
                                                                    "button_text_color": "globals\/colors?id=text",
                                                                    "button_background_hover_color": "globals\/colors?id=secondary",
                                                                    "hover_color": "globals\/colors?id=5badb30",
                                                                    "typography_typography": "globals\/typography?id=c1b7fbf"
                                                                }
                                                            },
                                                            "elements": [],
                                                            "isInner": false,
                                                            "widgetType": "button",
                                                            "elType": "widget"
                                                        },
                                                        {
                                                            "id": "301c5776",
                                                            "settings": {
                                                                "text": "Figma",
                                                                "border_radius": {
                                                                    "unit": "px",
                                                                    "top": "10",
                                                                    "right": "10",
                                                                    "bottom": "10",
                                                                    "left": "10",
                                                                    "isLinked": true
                                                                },
                                                                "text_padding": {
                                                                    "unit": "px",
                                                                    "top": "7",
                                                                    "right": "15",
                                                                    "bottom": "7",
                                                                    "left": "15",
                                                                    "isLinked": false
                                                                },
                                                                "__globals__": {
                                                                    "background_color": "globals\/colors?id=accent",
                                                                    "button_text_color": "globals\/colors?id=text",
                                                                    "button_background_hover_color": "globals\/colors?id=secondary",
                                                                    "hover_color": "globals\/colors?id=5badb30",
                                                                    "typography_typography": "globals\/typography?id=c1b7fbf"
                                                                }
                                                            },
                                                            "elements": [],
                                                            "isInner": false,
                                                            "widgetType": "button",
                                                            "elType": "widget"
                                                        },
                                                        {
                                                            "id": "6bd4df5f",
                                                            "settings": {
                                                                "text": "Apps",
                                                                "border_radius": {
                                                                    "unit": "px",
                                                                    "top": "10",
                                                                    "right": "10",
                                                                    "bottom": "10",
                                                                    "left": "10",
                                                                    "isLinked": true
                                                                },
                                                                "text_padding": {
                                                                    "unit": "px",
                                                                    "top": "7",
                                                                    "right": "15",
                                                                    "bottom": "7",
                                                                    "left": "15",
                                                                    "isLinked": false
                                                                },
                                                                "__globals__": {
                                                                    "background_color": "globals\/colors?id=accent",
                                                                    "button_text_color": "globals\/colors?id=text",
                                                                    "button_background_hover_color": "globals\/colors?id=secondary",
                                                                    "hover_color": "globals\/colors?id=5badb30",
                                                                    "typography_typography": "globals\/typography?id=c1b7fbf"
                                                                }
                                                            },
                                                            "elements": [],
                                                            "isInner": false,
                                                            "widgetType": "button",
                                                            "elType": "widget"
                                                        }
                                                    ],
                                                    "isInner": true,
                                                    "elType": "container"
                                                },
                                                {
                                                    "id": "32296cdc",
                                                    "settings": {
                                                        "flex_direction": "row",
                                                        "flex_gap": {
                                                            "column": "10",
                                                            "row": "10",
                                                            "isLinked": true,
                                                            "unit": "px",
                                                            "size": 10
                                                        }
                                                    },
                                                    "elements": [
                                                        {
                                                            "id": "54a6585",
                                                            "settings": {
                                                                "text": "Branding",
                                                                "border_radius": {
                                                                    "unit": "px",
                                                                    "top": "10",
                                                                    "right": "10",
                                                                    "bottom": "10",
                                                                    "left": "10",
                                                                    "isLinked": true
                                                                },
                                                                "text_padding": {
                                                                    "unit": "px",
                                                                    "top": "7",
                                                                    "right": "15",
                                                                    "bottom": "7",
                                                                    "left": "15",
                                                                    "isLinked": false
                                                                },
                                                                "__globals__": {
                                                                    "background_color": "globals\/colors?id=accent",
                                                                    "button_text_color": "globals\/colors?id=text",
                                                                    "button_background_hover_color": "globals\/colors?id=secondary",
                                                                    "hover_color": "globals\/colors?id=5badb30",
                                                                    "typography_typography": "globals\/typography?id=c1b7fbf"
                                                                }
                                                            },
                                                            "elements": [],
                                                            "isInner": false,
                                                            "widgetType": "button",
                                                            "elType": "widget"
                                                        },
                                                        {
                                                            "id": "f962107",
                                                            "settings": {
                                                                "text": "Development",
                                                                "border_radius": {
                                                                    "unit": "px",
                                                                    "top": "10",
                                                                    "right": "10",
                                                                    "bottom": "10",
                                                                    "left": "10",
                                                                    "isLinked": true
                                                                },
                                                                "text_padding": {
                                                                    "unit": "px",
                                                                    "top": "7",
                                                                    "right": "15",
                                                                    "bottom": "7",
                                                                    "left": "15",
                                                                    "isLinked": false
                                                                },
                                                                "__globals__": {
                                                                    "background_color": "globals\/colors?id=accent",
                                                                    "button_text_color": "globals\/colors?id=text",
                                                                    "button_background_hover_color": "globals\/colors?id=secondary",
                                                                    "hover_color": "globals\/colors?id=5badb30",
                                                                    "typography_typography": "globals\/typography?id=c1b7fbf"
                                                                }
                                                            },
                                                            "elements": [],
                                                            "isInner": false,
                                                            "widgetType": "button",
                                                            "elType": "widget"
                                                        }
                                                    ],
                                                    "isInner": true,
                                                    "elType": "container"
                                                },
                                                {
                                                    "id": "15af240e",
                                                    "settings": {
                                                        "flex_direction": "row",
                                                        "flex_gap": {
                                                            "column": "10",
                                                            "row": "10",
                                                            "isLinked": true,
                                                            "unit": "px",
                                                            "size": 10
                                                        }
                                                    },
                                                    "elements": [
                                                        {
                                                            "id": "6b0c73",
                                                            "settings": {
                                                                "text": "Digital",
                                                                "border_radius": {
                                                                    "unit": "px",
                                                                    "top": "10",
                                                                    "right": "10",
                                                                    "bottom": "10",
                                                                    "left": "10",
                                                                    "isLinked": true
                                                                },
                                                                "text_padding": {
                                                                    "unit": "px",
                                                                    "top": "7",
                                                                    "right": "15",
                                                                    "bottom": "7",
                                                                    "left": "15",
                                                                    "isLinked": false
                                                                },
                                                                "__globals__": {
                                                                    "background_color": "globals\/colors?id=accent",
                                                                    "button_text_color": "globals\/colors?id=text",
                                                                    "button_background_hover_color": "globals\/colors?id=secondary",
                                                                    "hover_color": "globals\/colors?id=5badb30",
                                                                    "typography_typography": "globals\/typography?id=c1b7fbf"
                                                                }
                                                            },
                                                            "elements": [],
                                                            "isInner": false,
                                                            "widgetType": "button",
                                                            "elType": "widget"
                                                        },
                                                        {
                                                            "id": "200ec66a",
                                                            "settings": {
                                                                "text": "Mobile Apps",
                                                                "border_radius": {
                                                                    "unit": "px",
                                                                    "top": "10",
                                                                    "right": "10",
                                                                    "bottom": "10",
                                                                    "left": "10",
                                                                    "isLinked": true
                                                                },
                                                                "text_padding": {
                                                                    "unit": "px",
                                                                    "top": "7",
                                                                    "right": "15",
                                                                    "bottom": "7",
                                                                    "left": "15",
                                                                    "isLinked": false
                                                                },
                                                                "__globals__": {
                                                                    "background_color": "globals\/colors?id=accent",
                                                                    "button_text_color": "globals\/colors?id=text",
                                                                    "button_background_hover_color": "globals\/colors?id=secondary",
                                                                    "hover_color": "globals\/colors?id=5badb30",
                                                                    "typography_typography": "globals\/typography?id=c1b7fbf"
                                                                }
                                                            },
                                                            "elements": [],
                                                            "isInner": false,
                                                            "widgetType": "button",
                                                            "elType": "widget"
                                                        }
                                                    ],
                                                    "isInner": true,
                                                    "elType": "container"
                                                }
                                            ],
                                            "isInner": true,
                                            "elType": "container"
                                        }
                                    ],
                                    "isInner": true,
                                    "elType": "container"
                                },
                                {
                                    "id": "ec2431",
                                    "settings": {
                                        "background_background": "classic",
                                        "background_image": {
                                            "url": "https:\/\/themesflat.com\/noxfoliokit\/wp-content\/uploads\/2023\/10\/bg_contact_blog-N3RRN6B.jpg",
                                            "id": 603,
                                            "size": "",
                                            "alt": "",
                                            "source": "library"
                                        },
                                        "background_position": "center center",
                                        "background_repeat": "no-repeat",
                                        "background_size": "cover",
                                        "background_overlay_background": "classic",
                                        "background_overlay_opacity": {
                                            "unit": "px",
                                            "size": 0.90000000000000002220446049250313080847263336181640625,
                                            "sizes": []
                                        },
                                        "border_radius": {
                                            "unit": "px",
                                            "top": "15",
                                            "right": "15",
                                            "bottom": "15",
                                            "left": "15",
                                            "isLinked": true
                                        },
                                        "padding": {
                                            "unit": "px",
                                            "top": "105",
                                            "right": "40",
                                            "bottom": "40",
                                            "left": "40",
                                            "isLinked": false
                                        },
                                        "padding_tablet": {
                                            "unit": "em",
                                            "top": "3",
                                            "right": "1",
                                            "bottom": "1",
                                            "left": "1",
                                            "isLinked": false
                                        },
                                        "padding_mobile_extra": {
                                            "unit": "em",
                                            "top": "",
                                            "right": "",
                                            "bottom": "",
                                            "left": "",
                                            "isLinked": true
                                        },
                                        "padding_mobile": {
                                            "unit": "em",
                                            "top": "",
                                            "right": "",
                                            "bottom": "",
                                            "left": "",
                                            "isLinked": true
                                        },
                                        "__globals__": {
                                            "background_overlay_color": "globals\/colors?id=5f04074"
                                        }
                                    },
                                    "elements": [
                                        {
                                            "id": "2a988ac0",
                                            "settings": {
                                                "image": {
                                                    "url": "",
                                                    "id": "",
                                                    "size": ""
                                                },
                                                "title_text": "Get A Quote",
                                                "description_text": "Looking For Creative\nWeb Designer",
                                                "title_size": "h2",
                                                "text_align": "left",
                                                "title_bottom_space": {
                                                    "unit": "px",
                                                    "size": 5,
                                                    "sizes": []
                                                },
                                                "__globals__": {
                                                    "title_typography_typography": "globals\/typography?id=text",
                                                    "title_color": "globals\/colors?id=secondary",
                                                    "description_color": "globals\/colors?id=primary",
                                                    "description_typography_typography": "globals\/typography?id=9ef8ece"
                                                }
                                            },
                                            "elements": [],
                                            "isInner": false,
                                            "widgetType": "image-box",
                                            "elType": "widget"
                                        },
                                        {
                                            "id": "4a9856fc",
                                            "settings": {
                                                "text": "Hire Me",
                                                "align": "left",
                                                "selected_icon": {
                                                    "value": "fas fa-angle-right",
                                                    "library": "fa-solid"
                                                },
                                                "icon_align": "right",
                                                "animation_duration": "slow",
                                                "_margin": {
                                                    "unit": "px",
                                                    "top": "0",
                                                    "right": "0",
                                                    "bottom": "0",
                                                    "left": "0",
                                                    "isLinked": false
                                                },
                                                "_padding": {
                                                    "unit": "px",
                                                    "top": "38",
                                                    "right": "0",
                                                    "bottom": "0",
                                                    "left": "0",
                                                    "isLinked": false
                                                }
                                            },
                                            "elements": [],
                                            "isInner": false,
                                            "widgetType": "button",
                                            "elType": "widget"
                                        }
                                    ],
                                    "isInner": true,
                                    "elType": "container"
                                }
                            ],
                            "isInner": true,
                            "elType": "container"
                        }
                    ],
                    "isInner": true,
                    "elType": "container"
                }
            ],
            "isInner": false,
            "elType": "container"
        },
        {
            "id": "6b94c406",
            "settings": {
                "margin": {
                    "unit": "px",
                    "top": "0",
                    "right": "0",
                    "bottom": "0",
                    "left": "0",
                    "isLinked": false
                },
                "padding": {
                    "unit": "px",
                    "top": "0",
                    "right": "0",
                    "bottom": "130",
                    "left": "0",
                    "isLinked": false
                },
                "padding_tablet": {
                    "unit": "em",
                    "top": "0",
                    "right": "0",
                    "bottom": "3",
                    "left": "0",
                    "isLinked": false
                },
                "padding_mobile_extra": {
                    "unit": "em",
                    "top": "",
                    "right": "",
                    "bottom": "",
                    "left": "",
                    "isLinked": true
                },
                "padding_mobile": {
                    "unit": "em",
                    "top": "",
                    "right": "",
                    "bottom": "",
                    "left": "",
                    "isLinked": true
                }
            },
            "elements": [
                {
                    "id": "2ac9a48e",
                    "settings": {
                        "text": "View More News",
                        "align": "center",
                        "selected_icon": {
                            "value": "fas fa-angle-right",
                            "library": "fa-solid"
                        },
                        "icon_align": "right",
                        "animation_duration": "slow"
                    },
                    "elements": [],
                    "isInner": false,
                    "widgetType": "button",
                    "elType": "widget"
                }
            ],
            "isInner": false,
            "elType": "container"
        }
    ]
}