{
    "version": "0.4",
    "title": "Footer",
    "type": "section",
    "metadata": {
        "template_type": "section-footer",
        "include_in_zip": "1",
        "elementor_pro_required": null,
        "wp_page_template": "elementor_canvas"
    },
    "content": [
        {
            "id": "1d72d21b",
            "settings": {
                "flex_direction": "column",
                "background_background": "classic",
                "padding": {
                    "unit": "px",
                    "top": "0",
                    "right": "15",
                    "bottom": "0",
                    "left": "15",
                    "isLinked": false
                },
                "__globals__": {
                    "background_color": "globals\/colors?id=29de16a"
                }
            },
            "elements": [
                {
                    "id": "1d711960",
                    "settings": {
                        "flex_direction": "row",
                        "flex_gap_mobile": {
                            "column": "30",
                            "row": "30",
                            "isLinked": true,
                            "unit": "px",
                            "size": 30
                        },
                        "padding": {
                            "unit": "px",
                            "top": "95",
                            "right": "0",
                            "bottom": "95",
                            "left": "0",
                            "isLinked": false
                        },
                        "padding_tablet": {
                            "unit": "em",
                            "top": "3",
                            "right": "0",
                            "bottom": "5",
                            "left": "0",
                            "isLinked": false
                        },
                        "padding_mobile_extra": {
                            "unit": "em",
                            "top": "",
                            "right": "",
                            "bottom": "",
                            "left": "",
                            "isLinked": true
                        },
                        "padding_mobile": {
                            "unit": "em",
                            "top": "",
                            "right": "",
                            "bottom": "",
                            "left": "",
                            "isLinked": true
                        }
                    },
                    "elements": [
                        {
                            "id": "b12b1e7",
                            "settings": {
                                "content_width": "full",
                                "width": {
                                    "unit": "%",
                                    "size": 30,
                                    "sizes": []
                                }
                            },
                            "elements": [
                                {
                                    "id": "59f32acd",
                                    "settings": {
                                        "image": {
                                            "url": "https:\/\/themesflat.com\/noxfoliokit\/wp-content\/uploads\/2023\/10\/Logo.png",
                                            "id": 25,
                                            "size": "",
                                            "alt": "",
                                            "source": "library"
                                        },
                                        "align": "left"
                                    },
                                    "elements": [],
                                    "isInner": false,
                                    "widgetType": "image",
                                    "elType": "widget"
                                }
                            ],
                            "isInner": true,
                            "elType": "container"
                        },
                        {
                            "id": "466c4df3",
                            "settings": {
                                "content_width": "full",
                                "width": {
                                    "unit": "%",
                                    "size": 70,
                                    "sizes": []
                                },
                                "flex_direction": "row",
                                "flex_direction_tablet": "column",
                                "flex_gap": {
                                    "column": "207",
                                    "row": "207",
                                    "isLinked": true,
                                    "unit": "px",
                                    "size": 207
                                },
                                "flex_gap_tablet_extra": {
                                    "column": "100",
                                    "row": "100",
                                    "isLinked": true,
                                    "unit": "px",
                                    "size": 100
                                },
                                "flex_gap_tablet": {
                                    "column": "30",
                                    "row": "30",
                                    "isLinked": true,
                                    "unit": "px",
                                    "size": 30
                                }
                            },
                            "elements": [
                                {
                                    "id": "2308d63f",
                                    "settings": {
                                        "content_width": "full",
                                        "width": {
                                            "unit": "%",
                                            "size": 62,
                                            "sizes": []
                                        },
                                        "width_tablet": {
                                            "unit": "%",
                                            "size": 100,
                                            "sizes": []
                                        },
                                        "width_mobile_extra": {
                                            "unit": "%",
                                            "size": "",
                                            "sizes": []
                                        },
                                        "width_mobile": {
                                            "unit": "%",
                                            "size": "",
                                            "sizes": []
                                        }
                                    },
                                    "elements": [
                                        {
                                            "id": "2ea3953",
                                            "settings": {
                                                "title": "Quick Link",
                                                "__globals__": {
                                                    "title_color": "globals\/colors?id=primary",
                                                    "typography_typography": "globals\/typography?id=3866898"
                                                }
                                            },
                                            "elements": [],
                                            "isInner": false,
                                            "widgetType": "heading",
                                            "elType": "widget"
                                        },
                                        {
                                            "id": "57442c5d",
                                            "settings": {
                                                "view": "inline",
                                                "icon_list": [
                                                    {
                                                        "text": "Service",
                                                        "selected_icon": {
                                                            "value": "",
                                                            "library": ""
                                                        },
                                                        "_id": "c465625",
                                                        "link": {
                                                            "url": "#",
                                                            "is_external": "",
                                                            "nofollow": "",
                                                            "custom_attributes": ""
                                                        }
                                                    },
                                                    {
                                                        "text": "Projects ",
                                                        "selected_icon": {
                                                            "value": "",
                                                            "library": ""
                                                        },
                                                        "link": {
                                                            "url": "#",
                                                            "is_external": "",
                                                            "nofollow": "",
                                                            "custom_attributes": ""
                                                        },
                                                        "_id": "e9fd004"
                                                    },
                                                    {
                                                        "text": "Pricing",
                                                        "selected_icon": {
                                                            "value": "",
                                                            "library": ""
                                                        },
                                                        "link": {
                                                            "url": "#",
                                                            "is_external": "",
                                                            "nofollow": "",
                                                            "custom_attributes": ""
                                                        },
                                                        "_id": "d71ceec"
                                                    },
                                                    {
                                                        "text": "Faqs",
                                                        "selected_icon": {
                                                            "value": "",
                                                            "library": ""
                                                        },
                                                        "link": {
                                                            "url": "#",
                                                            "is_external": "",
                                                            "nofollow": "",
                                                            "custom_attributes": ""
                                                        },
                                                        "_id": "5e75cd8"
                                                    },
                                                    {
                                                        "text": "Contact",
                                                        "selected_icon": {
                                                            "value": "",
                                                            "library": ""
                                                        },
                                                        "link": {
                                                            "url": "#",
                                                            "is_external": "",
                                                            "nofollow": "",
                                                            "custom_attributes": ""
                                                        },
                                                        "_id": "93ede3d"
                                                    }
                                                ],
                                                "space_between": {
                                                    "unit": "px",
                                                    "size": 40,
                                                    "sizes": []
                                                },
                                                "_margin": {
                                                    "unit": "px",
                                                    "top": "0",
                                                    "right": "0",
                                                    "bottom": "0",
                                                    "left": "0",
                                                    "isLinked": false
                                                },
                                                "_padding": {
                                                    "unit": "px",
                                                    "top": "25",
                                                    "right": "0",
                                                    "bottom": "0",
                                                    "left": "0",
                                                    "isLinked": false
                                                },
                                                "__globals__": {
                                                    "icon_typography_typography": "globals\/typography?id=text",
                                                    "text_color": "globals\/colors?id=text",
                                                    "text_color_hover": "globals\/colors?id=secondary"
                                                }
                                            },
                                            "elements": [],
                                            "isInner": false,
                                            "widgetType": "icon-list",
                                            "elType": "widget"
                                        },
                                        {
                                            "id": "3f2dd205",
                                            "settings": {
                                                "mf_form_id": "223***1696473975692",
                                                "_margin": {
                                                    "unit": "px",
                                                    "top": "0",
                                                    "right": "0",
                                                    "bottom": "0",
                                                    "left": "0",
                                                    "isLinked": false
                                                },
                                                "_padding": {
                                                    "unit": "px",
                                                    "top": "50",
                                                    "right": "0",
                                                    "bottom": "0",
                                                    "left": "0",
                                                    "isLinked": false
                                                },
                                                "_padding_tablet": {
                                                    "unit": "em",
                                                    "top": "1",
                                                    "right": "0",
                                                    "bottom": "0",
                                                    "left": "0",
                                                    "isLinked": false
                                                },
                                                "_padding_mobile_extra": {
                                                    "unit": "em",
                                                    "top": "",
                                                    "right": "",
                                                    "bottom": "",
                                                    "left": "",
                                                    "isLinked": true
                                                },
                                                "_padding_mobile": {
                                                    "unit": "em",
                                                    "top": "",
                                                    "right": "",
                                                    "bottom": "",
                                                    "left": "",
                                                    "isLinked": true
                                                }
                                            },
                                            "elements": [],
                                            "isInner": false,
                                            "widgetType": "metform",
                                            "elType": "widget"
                                        }
                                    ],
                                    "isInner": true,
                                    "elType": "container"
                                },
                                {
                                    "id": "17ad9eb6",
                                    "settings": {
                                        "content_width": "full",
                                        "width": {
                                            "unit": "%",
                                            "size": 38,
                                            "sizes": []
                                        },
                                        "width_tablet": {
                                            "unit": "%",
                                            "size": 100,
                                            "sizes": []
                                        },
                                        "width_mobile_extra": {
                                            "unit": "%",
                                            "size": "",
                                            "sizes": []
                                        },
                                        "width_mobile": {
                                            "unit": "%",
                                            "size": "",
                                            "sizes": []
                                        }
                                    },
                                    "elements": [
                                        {
                                            "id": "467b5374",
                                            "settings": {
                                                "title": "Address",
                                                "__globals__": {
                                                    "title_color": "globals\/colors?id=primary",
                                                    "typography_typography": "globals\/typography?id=3866898"
                                                }
                                            },
                                            "elements": [],
                                            "isInner": false,
                                            "widgetType": "heading",
                                            "elType": "widget"
                                        },
                                        {
                                            "id": "67e09614",
                                            "settings": {
                                                "icon_list": [
                                                    {
                                                        "text": "55 Main Street, 2nd block , New York City",
                                                        "selected_icon": {
                                                            "value": "fas fa-map-marker-alt",
                                                            "library": "fa-solid"
                                                        },
                                                        "_id": "f8aef9f"
                                                    },
                                                    {
                                                        "text": "support@gmail.com",
                                                        "selected_icon": {
                                                            "value": "far fa-envelope",
                                                            "library": "fa-regular"
                                                        },
                                                        "_id": "97db8d0"
                                                    },
                                                    {
                                                        "text": "+880 (123) 456 88",
                                                        "selected_icon": {
                                                            "value": "icon icon-phone-call",
                                                            "library": "ekiticons"
                                                        },
                                                        "_id": "d67cbd2"
                                                    }
                                                ],
                                                "space_between": {
                                                    "unit": "px",
                                                    "size": 28,
                                                    "sizes": []
                                                },
                                                "icon_size": {
                                                    "unit": "px",
                                                    "size": 18,
                                                    "sizes": []
                                                },
                                                "text_indent": {
                                                    "unit": "px",
                                                    "size": 12,
                                                    "sizes": []
                                                },
                                                "icon_self_vertical_align": "flex-start",
                                                "icon_typography_typography": "custom",
                                                "icon_typography_font_family": "DM Sans",
                                                "icon_typography_font_size": {
                                                    "unit": "px",
                                                    "size": 18,
                                                    "sizes": []
                                                },
                                                "icon_typography_font_weight": "400",
                                                "icon_typography_text_transform": "none",
                                                "icon_typography_line_height": {
                                                    "unit": "em",
                                                    "size": 1.30220000000000002415845301584340631961822509765625,
                                                    "sizes": []
                                                },
                                                "icon_typography_letter_spacing": {
                                                    "unit": "em",
                                                    "size": -0.0200000000000000004163336342344337026588618755340576171875,
                                                    "sizes": []
                                                },
                                                "icon_typography_word_spacing": {
                                                    "unit": "em",
                                                    "size": "",
                                                    "sizes": []
                                                },
                                                "_margin": {
                                                    "unit": "px",
                                                    "top": "0",
                                                    "right": "0",
                                                    "bottom": "0",
                                                    "left": "0",
                                                    "isLinked": false
                                                },
                                                "_padding": {
                                                    "unit": "px",
                                                    "top": "30",
                                                    "right": "0",
                                                    "bottom": "0",
                                                    "left": "0",
                                                    "isLinked": false
                                                },
                                                "__globals__": {
                                                    "icon_typography_typography": "",
                                                    "icon_color": "globals\/colors?id=secondary"
                                                }
                                            },
                                            "elements": [],
                                            "isInner": false,
                                            "widgetType": "icon-list",
                                            "elType": "widget"
                                        }
                                    ],
                                    "isInner": true,
                                    "elType": "container"
                                }
                            ],
                            "isInner": true,
                            "elType": "container"
                        }
                    ],
                    "isInner": true,
                    "elType": "container"
                }
            ],
            "isInner": false,
            "elType": "container"
        },
        {
            "id": "155ed459",
            "settings": {
                "flex_direction": "column",
                "flex_gap_mobile": {
                    "column": "30",
                    "row": "30",
                    "isLinked": true,
                    "unit": "px",
                    "size": 30
                },
                "padding": {
                    "unit": "px",
                    "top": "0",
                    "right": "15",
                    "bottom": "25",
                    "left": "15",
                    "isLinked": false
                },
                "__globals__": {
                    "background_color": "globals\/colors?id=5badb30"
                },
                "background_image": {
                    "url": "https:\/\/themesflat.com\/noxfoliokit\/wp-content\/uploads\/2023\/10\/Line.png",
                    "id": 13,
                    "size": "",
                    "alt": "",
                    "source": "library"
                },
                "background_position": "center center",
                "background_repeat": "no-repeat",
                "background_size": "cover"
            },
            "elements": [
                {
                    "id": "18b0fdbd",
                    "settings": {
                        "content_width": "full",
                        "flex_justify_content": "flex-start",
                        "flex_align_items": "center",
                        "margin": {
                            "unit": "px",
                            "top": "-30",
                            "right": "0",
                            "bottom": "0",
                            "left": "0",
                            "isLinked": false
                        },
                        "padding": {
                            "unit": "px",
                            "top": "0",
                            "right": "0",
                            "bottom": "0",
                            "left": "0",
                            "isLinked": false
                        }
                    },
                    "elements": [
                        {
                            "id": "497ef695",
                            "settings": {
                                "scroll_top_width": {
                                    "unit": "px",
                                    "size": 60,
                                    "sizes": []
                                },
                                "scroll_top_height": {
                                    "unit": "px",
                                    "size": 60,
                                    "sizes": []
                                },
                                "scroll_top_border_radius": {
                                    "unit": "px",
                                    "top": "15",
                                    "right": "15",
                                    "bottom": "15",
                                    "left": "15",
                                    "isLinked": true
                                },
                                "icon": {
                                    "value": "fas fa-chevron-up",
                                    "library": "fa-solid"
                                },
                                "__globals__": {
                                    "scroll_top_background_color": "globals\/colors?id=secondary",
                                    "scroll_top_color": "globals\/colors?id=5badb30",
                                    "scroll_top_background_color_hover": "globals\/colors?id=primary",
                                    "scroll_top_color_hover": "globals\/colors?id=5badb30"
                                }
                            },
                            "elements": [],
                            "isInner": false,
                            "widgetType": "tf-scroll-top",
                            "elType": "widget"
                        }
                    ],
                    "isInner": true,
                    "elType": "container"
                },
                {
                    "id": "3a70f56d",
                    "settings": {
                        "content_width": "full",
                        "flex_direction": "row",
                        "flex_gap_mobile": {
                            "column": "30",
                            "row": "30",
                            "isLinked": true,
                            "unit": "px",
                            "size": 30
                        },
                        "margin": {
                            "unit": "px",
                            "top": "-7",
                            "right": "0",
                            "bottom": "0",
                            "left": "0",
                            "isLinked": false
                        },
                        "margin_mobile": {
                            "unit": "px",
                            "top": "0",
                            "right": "0",
                            "bottom": "0",
                            "left": "0",
                            "isLinked": false
                        },
                        "padding": {
                            "unit": "px",
                            "top": "0",
                            "right": "0",
                            "bottom": "0",
                            "left": "0",
                            "isLinked": false
                        }
                    },
                    "elements": [
                        {
                            "id": "631b121a",
                            "settings": {
                                "content_width": "full",
                                "width": {
                                    "unit": "%",
                                    "size": 50,
                                    "sizes": []
                                },
                                "margin": {
                                    "unit": "px",
                                    "top": "0",
                                    "right": "0",
                                    "bottom": "0",
                                    "left": "0",
                                    "isLinked": false
                                },
                                "padding": {
                                    "unit": "px",
                                    "top": "0",
                                    "right": "0",
                                    "bottom": "0",
                                    "left": "0",
                                    "isLinked": false
                                }
                            },
                            "elements": [
                                {
                                    "id": "18000cbf",
                                    "settings": {
                                        "ekit_heading_title": "Copyright @2023, {{Themesflat}} All Rights Reserved",
                                        "ekit_heading_link": {
                                            "url": "#",
                                            "is_external": "",
                                            "nofollow": "",
                                            "custom_attributes": ""
                                        },
                                        "ekit_heading_title_tag": "p",
                                        "ekit_heading_sub_title": "Time has changed",
                                        "shadow_text_content": "bussiness",
                                        "ekit_heading_show_seperator": "",
                                        "ekit_heading_title_align_mobile": "text_center",
                                        "ekit_heading_title_margin": {
                                            "unit": "px",
                                            "top": "0",
                                            "right": "0",
                                            "bottom": "0",
                                            "left": "0",
                                            "isLinked": false
                                        },
                                        "__globals__": {
                                            "ekit_heading_title_color": "globals\/colors?id=text",
                                            "ekit_heading_title_typography_typography": "globals\/typography?id=text",
                                            "ekit_heading_focused_title_color": "globals\/colors?id=secondary",
                                            "ekit_heading_focused_title_color_hover": "globals\/colors?id=secondary",
                                            "ekit_heading_focused_title_typography_typography": "globals\/typography?id=text"
                                        }
                                    },
                                    "elements": [],
                                    "isInner": false,
                                    "widgetType": "elementskit-heading",
                                    "elType": "widget"
                                }
                            ],
                            "isInner": true,
                            "elType": "container"
                        },
                        {
                            "id": "1d083f01",
                            "settings": {
                                "content_width": "full",
                                "width": {
                                    "unit": "%",
                                    "size": 50,
                                    "sizes": []
                                }
                            },
                            "elements": [
                                {
                                    "id": "1fc063d7",
                                    "settings": {
                                        "ekit_socialmedia_style": "text",
                                        "ekit_socialmedai_list_align": "right",
                                        "ekit_socialmedai_list_align_mobile": "center",
                                        "ekit_socialmedia_add_icons": [
                                            {
                                                "ekit_socialmedia_label": "Facebook",
                                                "ekit_socialmedia_icon_hover_bg_color": "#3B599800",
                                                "_id": "ebac156",
                                                "ekit_socialmedia_icon_bg_color": "#02010100",
                                                "__globals__": {
                                                    "ekit_socialmedia_icon_color": "globals\/colors?id=text",
                                                    "ekit_socialmedia_icon_hover_color": "globals\/colors?id=secondary"
                                                }
                                            },
                                            {
                                                "ekit_socialmedia_icons": {
                                                    "value": "icon icon-twitter",
                                                    "library": "ekiticons"
                                                },
                                                "ekit_socialmedia_label": "Twitter",
                                                "ekit_socialmedia_icon_hover_bg_color": "#1DA1F200",
                                                "_id": "4a2ef12",
                                                "ekit_socialmedia_icon_bg_color": "#02010100",
                                                "__globals__": {
                                                    "ekit_socialmedia_icon_color": "globals\/colors?id=text",
                                                    "ekit_socialmedia_icon_hover_color": "globals\/colors?id=secondary"
                                                }
                                            },
                                            {
                                                "ekit_socialmedia_icons": {
                                                    "value": "fab fa-instagram",
                                                    "library": "fa-brands"
                                                },
                                                "ekit_socialmedia_label": "Instagram",
                                                "ekit_socialmedia_icon_hover_bg_color": "#0077B500",
                                                "_id": "da3432f",
                                                "ekit_socialmedia_icon_bg_color": "#02010100",
                                                "__globals__": {
                                                    "ekit_socialmedia_icon_color": "globals\/colors?id=text",
                                                    "ekit_socialmedia_icon_hover_color": "globals\/colors?id=secondary"
                                                }
                                            },
                                            {
                                                "ekit_socialmedia_icons": {
                                                    "value": "icon icon-linkedin",
                                                    "library": "ekiticons"
                                                },
                                                "ekit_socialmedia_label": "LinkedIn",
                                                "ekit_socialmedia_icon_hover_bg_color": "#0077B500",
                                                "ekit_socialmedia_icon_bg_color": "#02010100",
                                                "_id": "55008d1",
                                                "__globals__": {
                                                    "ekit_socialmedia_icon_color": "globals\/colors?id=text",
                                                    "ekit_socialmedia_icon_hover_color": "globals\/colors?id=secondary"
                                                }
                                            }
                                        ],
                                        "ekit_socialmedai_list_item_align": "",
                                        "ekit_socialmedai_list_border_radius": {
                                            "unit": "%",
                                            "top": "0",
                                            "right": "0",
                                            "bottom": "0",
                                            "left": "0",
                                            "isLinked": false
                                        },
                                        "ekit_socialmedai_list_padding": {
                                            "unit": "px",
                                            "top": "0",
                                            "right": "0",
                                            "bottom": "0",
                                            "left": "0",
                                            "isLinked": false
                                        },
                                        "ekit_socialmedai_list_margin": {
                                            "unit": "px",
                                            "top": "0",
                                            "right": "0",
                                            "bottom": "0",
                                            "left": "44",
                                            "isLinked": false
                                        },
                                        "ekit_socialmedai_list_margin_mobile": {
                                            "unit": "px",
                                            "top": "0",
                                            "right": "2",
                                            "bottom": "0",
                                            "left": "2",
                                            "isLinked": false
                                        },
                                        "__globals__": {
                                            "ekit_socialmedai_list_typography_typography": "globals\/typography?id=text"
                                        }
                                    },
                                    "elements": [],
                                    "isInner": false,
                                    "widgetType": "elementskit-social-media",
                                    "elType": "widget"
                                }
                            ],
                            "isInner": true,
                            "elType": "container"
                        }
                    ],
                    "isInner": true,
                    "elType": "container"
                }
            ],
            "isInner": false,
            "elType": "container"
        }
    ]
}