{
    "version": "0.4",
    "title": "Form Message Home",
    "type": "section",
    "metadata": {
        "template_type": "section-contact",
        "include_in_zip": "1",
        "elementor_pro_required": null,
        "wp_page_template": "elementor_canvas"
    },
    "content": [
        {
            "id": "3de5824f",
            "settings": {
                "flex_direction": "column",
                "flex_gap": {
                    "column": "35",
                    "row": "35",
                    "isLinked": true,
                    "unit": "px",
                    "size": 35
                },
                "flex_gap_mobile": {
                    "column": "",
                    "row": "",
                    "isLinked": true,
                    "unit": "px",
                    "size": null
                }
            },
            "elements": [
                {
                    "id": "3d114677",
                    "settings": {
                        "flex_direction": "row",
                        "flex_gap": {
                            "unit": "px",
                            "size": 30,
                            "column": "30",
                            "row": "30",
                            "isLinked": true
                        }
                    },
                    "elements": [
                        {
                            "id": "6b3deb9e",
                            "settings": {
                                "flex_direction": "column",
                                "content_width": "full",
                                "width": {
                                    "unit": "%",
                                    "size": "50"
                                }
                            },
                            "elements": [
                                {
                                    "id": "4538056c",
                                    "settings": {
                                        "mf_input_label": "Full Name",
                                        "mf_input_placeholder": "Richard D. Hammond",
                                        "mf_input_required": "yes",
                                        "mf_input_validation_warning_message": "This field is required.",
                                        "mf_input_label_padding": {
                                            "unit": "px",
                                            "top": "0",
                                            "right": "0",
                                            "bottom": "0",
                                            "left": "0",
                                            "isLinked": false
                                        },
                                        "mf_input_label_margin": {
                                            "unit": "px",
                                            "top": "0",
                                            "right": "0",
                                            "bottom": "19",
                                            "left": "0",
                                            "isLinked": false
                                        },
                                        "mf_input_padding": {
                                            "unit": "px",
                                            "top": "14",
                                            "right": "30",
                                            "bottom": "14",
                                            "left": "30",
                                            "isLinked": false
                                        },
                                        "mf_input_background_background": "classic",
                                        "__globals__": {
                                            "mf_input_label_typography_typography": "globals\/typography?id=3866898",
                                            "mf_input_label_color": "globals\/colors?id=primary",
                                            "mf_input_background_color": "globals\/colors?id=5badb30",
                                            "mf_input_color": "globals\/colors?id=543ef92",
                                            "mf_input_color_hover": "globals\/colors?id=primary",
                                            "mf_input_color_focus": "globals\/colors?id=primary",
                                            "mf_input_border_color": "globals\/colors?id=accent",
                                            "mf_input_border_hover_color": "globals\/colors?id=secondary",
                                            "mf_input_border_focus_color": "globals\/colors?id=secondary",
                                            "mf_input_typgraphy_typography": "globals\/typography?id=text",
                                            "mf_input_place_holder_typography_typography": "globals\/typography?id=text",
                                            "mf_input_placeholder_color": "globals\/colors?id=543ef92"
                                        },
                                        "mf_input_label_margin_mobile": {
                                            "unit": "px",
                                            "top": "0",
                                            "right": "0",
                                            "bottom": "10",
                                            "left": "0",
                                            "isLinked": false
                                        },
                                        "mf_input_border_border": "solid",
                                        "mf_input_border_width": {
                                            "unit": "px",
                                            "top": "1",
                                            "right": "1",
                                            "bottom": "1",
                                            "left": "1",
                                            "isLinked": true
                                        },
                                        "mf_input_border_hover_border": "solid",
                                        "mf_input_border_hover_width": {
                                            "unit": "px",
                                            "top": "1",
                                            "right": "1",
                                            "bottom": "1",
                                            "left": "1",
                                            "isLinked": true
                                        },
                                        "mf_input_border_focus_border": "solid",
                                        "mf_input_border_focus_width": {
                                            "unit": "px",
                                            "top": "1",
                                            "right": "1",
                                            "bottom": "1",
                                            "left": "1",
                                            "isLinked": true
                                        },
                                        "mf_input_border_radius": {
                                            "unit": "px",
                                            "size": 15,
                                            "sizes": []
                                        }
                                    },
                                    "elements": [],
                                    "isInner": false,
                                    "widgetType": "mf-listing-fname",
                                    "elType": "widget"
                                }
                            ],
                            "isInner": true,
                            "elType": "container"
                        },
                        {
                            "id": "47fa8961",
                            "settings": {
                                "flex_direction": "column",
                                "content_width": "full",
                                "width": {
                                    "unit": "%",
                                    "size": "50"
                                }
                            },
                            "elements": [
                                {
                                    "id": "7b08afb3",
                                    "settings": {
                                        "mf_input_label": "Email Address",
                                        "mf_input_name": "mf-email",
                                        "mf_input_placeholder": "support@gmail.com",
                                        "mf_input_required": "yes",
                                        "mf_input_validation_warning_message": "This field is required.",
                                        "mf_input_label_margin": {
                                            "unit": "px",
                                            "top": "0",
                                            "right": "0",
                                            "bottom": "19",
                                            "left": "0",
                                            "isLinked": false
                                        },
                                        "mf_input_padding": {
                                            "unit": "px",
                                            "top": "14",
                                            "right": "30",
                                            "bottom": "14",
                                            "left": "30",
                                            "isLinked": false
                                        },
                                        "mf_input_background_background": "classic",
                                        "mf_input_border_border": "solid",
                                        "mf_input_border_width": {
                                            "unit": "px",
                                            "top": "1",
                                            "right": "1",
                                            "bottom": "1",
                                            "left": "1",
                                            "isLinked": true
                                        },
                                        "mf_input_border_hover_border": "solid",
                                        "mf_input_border_hover_width": {
                                            "unit": "px",
                                            "top": "1",
                                            "right": "1",
                                            "bottom": "1",
                                            "left": "1",
                                            "isLinked": true
                                        },
                                        "mf_input_border_focus_border": "solid",
                                        "mf_input_border_focus_width": {
                                            "unit": "px",
                                            "top": "1",
                                            "right": "1",
                                            "bottom": "1",
                                            "left": "1",
                                            "isLinked": true
                                        },
                                        "mf_input_border_radius": {
                                            "unit": "px",
                                            "size": 15,
                                            "sizes": []
                                        },
                                        "__globals__": {
                                            "mf_input_label_color": "globals\/colors?id=primary",
                                            "mf_input_label_typography_typography": "globals\/typography?id=3866898",
                                            "mf_input_color": "globals\/colors?id=543ef92",
                                            "mf_input_background_color": "globals\/colors?id=5badb30",
                                            "mf_input_color_hover": "globals\/colors?id=primary",
                                            "mf_input_color_focus": "globals\/colors?id=primary",
                                            "mf_input_border_color": "globals\/colors?id=accent",
                                            "mf_input_border_hover_color": "globals\/colors?id=secondary",
                                            "mf_input_border_focus_color": "globals\/colors?id=secondary",
                                            "mf_input_typgraphy_typography": "globals\/typography?id=text",
                                            "mf_input_place_holder_typography_typography": "globals\/typography?id=text",
                                            "mf_input_placeholder_color": "globals\/colors?id=543ef92"
                                        }
                                    },
                                    "elements": [],
                                    "isInner": false,
                                    "widgetType": "mf-email",
                                    "elType": "widget"
                                }
                            ],
                            "isInner": true,
                            "elType": "container"
                        }
                    ],
                    "isInner": true,
                    "elType": "container"
                },
                {
                    "id": "4622353",
                    "settings": {
                        "flex_direction": "row",
                        "flex_gap": {
                            "unit": "px",
                            "size": 30,
                            "column": "30",
                            "row": "30",
                            "isLinked": true
                        }
                    },
                    "elements": [
                        {
                            "id": "6a6539c3",
                            "settings": {
                                "flex_direction": "column",
                                "content_width": "full",
                                "width": {
                                    "unit": "%",
                                    "size": "50"
                                }
                            },
                            "elements": [
                                {
                                    "id": "45d07467",
                                    "settings": {
                                        "mf_input_label": "Phone Number",
                                        "mf_input_name": "mf-telephone",
                                        "mf_input_placeholder": "+880 (123) 456 88",
                                        "mf_input_required": "yes",
                                        "mf_input_validation_warning_message": "This field is required.",
                                        "mf_input_label_margin": {
                                            "unit": "px",
                                            "top": "0",
                                            "right": "0",
                                            "bottom": "19",
                                            "left": "0",
                                            "isLinked": false
                                        },
                                        "mf_input_padding": {
                                            "unit": "px",
                                            "top": "14",
                                            "right": "30",
                                            "bottom": "14",
                                            "left": "30",
                                            "isLinked": false
                                        },
                                        "mf_input_background_background": "classic",
                                        "mf_input_border_border": "solid",
                                        "mf_input_border_width": {
                                            "unit": "px",
                                            "top": "1",
                                            "right": "1",
                                            "bottom": "1",
                                            "left": "1",
                                            "isLinked": true
                                        },
                                        "mf_input_border_hover_border": "solid",
                                        "mf_input_border_hover_width": {
                                            "unit": "px",
                                            "top": "1",
                                            "right": "1",
                                            "bottom": "1",
                                            "left": "1",
                                            "isLinked": true
                                        },
                                        "mf_input_border_focus_border": "solid",
                                        "mf_input_border_focus_width": {
                                            "unit": "px",
                                            "top": "1",
                                            "right": "1",
                                            "bottom": "1",
                                            "left": "1",
                                            "isLinked": true
                                        },
                                        "mf_input_border_radius": {
                                            "unit": "px",
                                            "size": 15,
                                            "sizes": []
                                        },
                                        "__globals__": {
                                            "mf_input_label_color": "globals\/colors?id=primary",
                                            "mf_input_label_typography_typography": "globals\/typography?id=3866898",
                                            "mf_input_color": "globals\/colors?id=543ef92",
                                            "mf_input_background_color": "globals\/colors?id=5badb30",
                                            "mf_input_color_hover": "globals\/colors?id=primary",
                                            "mf_input_color_focus": "globals\/colors?id=primary",
                                            "mf_input_border_color": "globals\/colors?id=accent",
                                            "mf_input_border_hover_color": "globals\/colors?id=secondary",
                                            "mf_input_border_focus_color": "globals\/colors?id=secondary",
                                            "mf_input_typgraphy_typography": "globals\/typography?id=text",
                                            "mf_input_place_holder_typography_typography": "globals\/typography?id=text",
                                            "mf_input_placeholder_color": "globals\/colors?id=543ef92"
                                        }
                                    },
                                    "elements": [],
                                    "isInner": false,
                                    "widgetType": "mf-telephone",
                                    "elType": "widget"
                                }
                            ],
                            "isInner": true,
                            "elType": "container"
                        },
                        {
                            "id": "75d65814",
                            "settings": {
                                "flex_direction": "column",
                                "content_width": "full",
                                "width": {
                                    "unit": "%",
                                    "size": "50"
                                }
                            },
                            "elements": [
                                {
                                    "id": "41a1811f",
                                    "settings": {
                                        "mf_input_label": "Subject",
                                        "mf_input_name": "mf-select",
                                        "mf_input_placeholder": "I would like to discussed",
                                        "mf_input_list": [
                                            {
                                                "mf_input_option_text": "Item 1",
                                                "mf_input_option_value": "value-1",
                                                "_id": "5ef6cfa"
                                            },
                                            {
                                                "mf_input_option_text": "Item 2",
                                                "mf_input_option_value": "value-2",
                                                "_id": "c953e62"
                                            },
                                            {
                                                "mf_input_option_text": "Item 3",
                                                "mf_input_option_value": "value-3",
                                                "_id": "7c4845d"
                                            }
                                        ],
                                        "mf_input_validation_warning_message": "This field is required.",
                                        "mf_input_label_margin": {
                                            "unit": "px",
                                            "top": "0",
                                            "right": "0",
                                            "bottom": "19",
                                            "left": "0",
                                            "isLinked": false
                                        },
                                        "mf_input_padding": {
                                            "unit": "px",
                                            "top": "16",
                                            "right": "30",
                                            "bottom": "16",
                                            "left": "30",
                                            "isLinked": false
                                        },
                                        "mf_input_background_background": "classic",
                                        "mf_input_border_border": "solid",
                                        "mf_input_border_width": {
                                            "unit": "px",
                                            "top": "1",
                                            "right": "1",
                                            "bottom": "1",
                                            "left": "1",
                                            "isLinked": true
                                        },
                                        "mf_input_border_hover_border": "solid",
                                        "mf_input_border_hover_width": {
                                            "unit": "px",
                                            "top": "1",
                                            "right": "1",
                                            "bottom": "1",
                                            "left": "1",
                                            "isLinked": true
                                        },
                                        "mf_input_border_focus_border": "solid",
                                        "mf_input_border_focus_width": {
                                            "unit": "px",
                                            "top": "1",
                                            "right": "1",
                                            "bottom": "1",
                                            "left": "1",
                                            "isLinked": true
                                        },
                                        "mf_input_border_radius": {
                                            "unit": "px",
                                            "size": 15,
                                            "sizes": []
                                        },
                                        "__globals__": {
                                            "mf_input_label_color": "globals\/colors?id=primary",
                                            "mf_input_label_typography_typography": "globals\/typography?id=3866898",
                                            "mf_input_color": "globals\/colors?id=543ef92",
                                            "mf_input_background_color": "globals\/colors?id=5badb30",
                                            "mf_input_color_hover": "globals\/colors?id=primary",
                                            "mf_input_color_focus": "globals\/colors?id=primary",
                                            "mf_input_border_color": "globals\/colors?id=accent",
                                            "mf_input_border_hover_color": "globals\/colors?id=secondary",
                                            "mf_input_border_focus_color": "globals\/colors?id=secondary",
                                            "mf_input_typgraphy_typography": "globals\/typography?id=text",
                                            "mf_input_place_holder_typography_typography": "globals\/typography?id=text",
                                            "mf_input_placeholder_color": "globals\/colors?id=543ef92"
                                        }
                                    },
                                    "elements": [],
                                    "isInner": false,
                                    "widgetType": "mf-select",
                                    "elType": "widget"
                                }
                            ],
                            "isInner": true,
                            "elType": "container"
                        }
                    ],
                    "isInner": true,
                    "elType": "container"
                },
                {
                    "id": "57a6afb5",
                    "settings": {
                        "flex_gap": {
                            "unit": "px",
                            "size": 22,
                            "column": "22",
                            "row": "22",
                            "isLinked": true
                        }
                    },
                    "elements": [
                        {
                            "id": "62314e20",
                            "settings": {
                                "mf_input_label": "Message",
                                "mf_input_name": "mf-textarea",
                                "mf_input_placeholder": "write message",
                                "mf_input_validation_warning_message": "This field is required.",
                                "mf_input_label_margin": {
                                    "unit": "px",
                                    "top": "0",
                                    "right": "0",
                                    "bottom": "19",
                                    "left": "0",
                                    "isLinked": false
                                },
                                "mf_textarea_field_height": {
                                    "unit": "px",
                                    "size": 125,
                                    "sizes": []
                                },
                                "mf_input_padding": {
                                    "unit": "px",
                                    "top": "14",
                                    "right": "30",
                                    "bottom": "14",
                                    "left": "30",
                                    "isLinked": false
                                },
                                "mf_input_background_background": "classic",
                                "mf_input_border_border": "solid",
                                "mf_input_border_width": {
                                    "unit": "px",
                                    "top": "1",
                                    "right": "1",
                                    "bottom": "1",
                                    "left": "1",
                                    "isLinked": true
                                },
                                "mf_input_border_hover_border": "solid",
                                "mf_input_border_hover_width": {
                                    "unit": "px",
                                    "top": "1",
                                    "right": "1",
                                    "bottom": "1",
                                    "left": "1",
                                    "isLinked": true
                                },
                                "mf_input_border_focus_border": "solid",
                                "mf_input_border_focus_width": {
                                    "unit": "px",
                                    "top": "1",
                                    "right": "1",
                                    "bottom": "1",
                                    "left": "1",
                                    "isLinked": true
                                },
                                "mf_input_border_radius": {
                                    "unit": "px",
                                    "size": 15,
                                    "sizes": []
                                },
                                "_element_width": "inherit",
                                "__globals__": {
                                    "mf_input_label_color": "globals\/colors?id=primary",
                                    "mf_input_label_typography_typography": "globals\/typography?id=3866898",
                                    "mf_input_background_color": "globals\/colors?id=5badb30",
                                    "mf_input_color": "globals\/colors?id=543ef92",
                                    "mf_input_color_hover": "globals\/colors?id=primary",
                                    "mf_input_color_focus": "globals\/colors?id=primary",
                                    "mf_input_border_color": "globals\/colors?id=accent",
                                    "mf_input_border_hover_color": "globals\/colors?id=secondary",
                                    "mf_input_border_focus_color": "globals\/colors?id=secondary",
                                    "mf_input_typgraphy_typography": "globals\/typography?id=text",
                                    "mf_input_place_holder_typography_typography": "globals\/typography?id=text",
                                    "mf_input_placeholder_color": "globals\/colors?id=543ef92"
                                }
                            },
                            "elements": [],
                            "isInner": false,
                            "widgetType": "mf-textarea",
                            "elType": "widget"
                        },
                        {
                            "id": "2b3b7217",
                            "settings": {
                                "mf_btn_text": "Send Us Message",
                                "mf_btn_align": "left",
                                "mf_btn_icon": {
                                    "value": "fas fa-angle-right",
                                    "library": "fa-solid"
                                },
                                "mf_btn_icon_align": "right",
                                "mf_hidden_input": [
                                    {
                                        "_id": "bf37afc",
                                        "mf_hidden_input_name": "mf-hidden-input-name",
                                        "mf_hidden_input_value": "mf_hidden_input_value",
                                        "mf_hidden_input_class": "mf_hidden_input_class"
                                    }
                                ],
                                "mf_btn_text_padding": {
                                    "unit": "px",
                                    "top": "15",
                                    "right": "35",
                                    "bottom": "15",
                                    "left": "35",
                                    "isLinked": false
                                },
                                "mf_btn_text_padding_mobile": {
                                    "unit": "px",
                                    "top": "15",
                                    "right": "30",
                                    "bottom": "15",
                                    "left": "30",
                                    "isLinked": false
                                },
                                "mf_btn_bg_color_background": "classic",
                                "mf_btn_bg_hover_color_background": "classic",
                                "mf_btn_border_radius": {
                                    "unit": "px",
                                    "top": "15",
                                    "right": "15",
                                    "bottom": "15",
                                    "left": "15",
                                    "isLinked": true
                                },
                                "mf_btn_box_shadow_group_box_shadow_type": "yes",
                                "mf_btn_box_shadow_group_box_shadow": {
                                    "horizontal": 0,
                                    "vertical": 0,
                                    "blur": 0,
                                    "spread": 0,
                                    "color": "rgba(0,0,0,0.5)"
                                },
                                "__globals__": {
                                    "mf_btn_typography_typography": "globals\/typography?id=accent",
                                    "mf_btn_text_color": "globals\/colors?id=5badb30",
                                    "mf_btn_bg_color_color": "globals\/colors?id=secondary",
                                    "mf_btn_bg_hover_color_color": "globals\/colors?id=primary",
                                    "mf_btn_hover_color": "globals\/colors?id=5badb30",
                                    "mf_btn_normal_icon_color": "globals\/colors?id=5badb30",
                                    "mf_btn_hover_icon_color": "globals\/colors?id=5badb30"
                                }
                            },
                            "elements": [],
                            "isInner": false,
                            "widgetType": "mf-button",
                            "elType": "widget"
                        }
                    ],
                    "isInner": true,
                    "elType": "container"
                }
            ],
            "isInner": false,
            "elType": "container"
        }
    ]
}