{
    "version": "0.4",
    "title": "Form Sign Up Footer",
    "type": "section",
    "metadata": {
        "template_type": "section-cta",
        "include_in_zip": "1",
        "elementor_pro_required": null,
        "wp_page_template": "elementor_canvas"
    },
    "content": [
        {
            "id": "275d8e9b",
            "settings": {
                "flex_direction": "row",
                "flex_gap": {
                    "unit": "px",
                    "size": 20,
                    "column": "20",
                    "row": "20",
                    "isLinked": true
                },
                "flex_direction_mobile": "row"
            },
            "elements": [
                {
                    "id": "d504598",
                    "settings": {
                        "flex_direction": "row",
                        "flex_gap": {
                            "column": "10",
                            "row": "10",
                            "isLinked": true,
                            "unit": "px",
                            "size": 10
                        },
                        "flex_direction_mobile": "row",
                        "flex_gap_mobile": {
                            "column": "0",
                            "row": "0",
                            "isLinked": true,
                            "unit": "px",
                            "size": 0
                        }
                    },
                    "elements": [
                        {
                            "id": "16563c00",
                            "settings": {
                                "mf_input_label_status": "",
                                "mf_input_label": "Email",
                                "mf_input_name": "mf-email",
                                "mf_input_placeholder": "Email Address",
                                "mf_input_required": "yes",
                                "mf_input_validation_warning_message": "This field is required.",
                                "mf_input_padding": {
                                    "unit": "px",
                                    "top": "0",
                                    "right": "0",
                                    "bottom": "10",
                                    "left": "0",
                                    "isLinked": false
                                },
                                "mf_input_background_background": "classic",
                                "mf_input_background_color": "#02010100",
                                "mf_input_border_border": "solid",
                                "mf_input_border_width": {
                                    "unit": "px",
                                    "top": "0",
                                    "right": "0",
                                    "bottom": "2",
                                    "left": "0",
                                    "isLinked": false
                                },
                                "_element_width": "initial",
                                "_element_custom_width": {
                                    "unit": "%",
                                    "size": 70,
                                    "sizes": []
                                },
                                "__globals__": {
                                    "mf_input_color": "globals\/colors?id=text",
                                    "mf_input_color_hover": "globals\/colors?id=text",
                                    "mf_input_color_focus": "globals\/colors?id=text",
                                    "mf_input_border_color": "globals\/colors?id=accent",
                                    "mf_input_typgraphy_typography": "globals\/typography?id=text"
                                },
                                "_element_custom_width_tablet": {
                                    "unit": "%",
                                    "size": 78,
                                    "sizes": []
                                },
                                "_element_custom_width_mobile_extra": {
                                    "unit": "%",
                                    "size": "",
                                    "sizes": []
                                },
                                "_element_custom_width_mobile": {
                                    "unit": "%",
                                    "size": 62,
                                    "sizes": []
                                }
                            },
                            "elements": [],
                            "isInner": false,
                            "widgetType": "mf-email",
                            "elType": "widget"
                        },
                        {
                            "id": "77dce0d9",
                            "settings": {
                                "mf_btn_text": "Sign Up",
                                "mf_btn_align": "right",
                                "mf_btn_icon": {
                                    "value": "fas fa-angle-right",
                                    "library": "fa-solid"
                                },
                                "mf_btn_icon_align": "right",
                                "mf_hidden_input": [
                                    {
                                        "_id": "7b721d4",
                                        "mf_hidden_input_name": "mf-hidden-input-name",
                                        "mf_hidden_input_value": "mf_hidden_input_value",
                                        "mf_hidden_input_class": "mf_hidden_input_class"
                                    }
                                ],
                                "mf_btn_text_padding": {
                                    "unit": "px",
                                    "top": "12",
                                    "right": "25",
                                    "bottom": "12",
                                    "left": "25",
                                    "isLinked": false
                                },
                                "mf_btn_bg_color_background": "classic",
                                "mf_btn_bg_hover_color_background": "classic",
                                "mf_btn_border_radius": {
                                    "unit": "px",
                                    "top": "15",
                                    "right": "15",
                                    "bottom": "15",
                                    "left": "15",
                                    "isLinked": true
                                },
                                "mf_btn_box_shadow_group_box_shadow_type": "yes",
                                "mf_btn_box_shadow_group_box_shadow": {
                                    "horizontal": 0,
                                    "vertical": 0,
                                    "blur": 0,
                                    "spread": 0,
                                    "color": "rgba(0,0,0,0.5)"
                                },
                                "_element_width": "initial",
                                "_element_custom_width": {
                                    "unit": "%",
                                    "size": 30,
                                    "sizes": []
                                },
                                "_flex_align_self": "flex-start",
                                "__globals__": {
                                    "mf_btn_typography_typography": "globals\/typography?id=36be734",
                                    "mf_btn_bg_color_color": "globals\/colors?id=secondary",
                                    "mf_btn_text_color": "globals\/colors?id=5badb30",
                                    "mf_btn_bg_hover_color_color": "globals\/colors?id=primary",
                                    "mf_btn_hover_color": "globals\/colors?id=5badb30",
                                    "mf_btn_normal_icon_color": "globals\/colors?id=5badb30",
                                    "mf_btn_hover_icon_color": "globals\/colors?id=5badb30"
                                },
                                "mf_btn_text_padding_mobile": {
                                    "unit": "px",
                                    "top": "12",
                                    "right": "20",
                                    "bottom": "12",
                                    "left": "20",
                                    "isLinked": false
                                },
                                "_element_custom_width_tablet": {
                                    "unit": "%",
                                    "size": 22,
                                    "sizes": []
                                },
                                "_element_custom_width_mobile_extra": {
                                    "unit": "%",
                                    "size": "",
                                    "sizes": []
                                },
                                "_element_custom_width_mobile": {
                                    "unit": "%",
                                    "size": 38,
                                    "sizes": []
                                }
                            },
                            "elements": [],
                            "isInner": false,
                            "widgetType": "mf-button",
                            "elType": "widget"
                        }
                    ],
                    "isInner": true,
                    "elType": "container"
                }
            ],
            "isInner": false,
            "elType": "container"
        }
    ]
}