{
    "version": "0.4",
    "title": "Global Kit Styles",
    "type": "section",
    "metadata": {
        "template_type": "global-styles",
        "include_in_zip": "1",
        "elementor_pro_required": null,
        "additional_template_information": [
            "These are the global theme styles configured through the Elementor Theme Styles area."
        ],
        "wp_page_template": "default"
    },
    "content": [],
    "page_settings": {
        "system_colors": [
            {
                "_id": "primary",
                "title": "Primary",
                "color": "#FFFFFF"
            },
            {
                "_id": "secondary",
                "title": "Secondary",
                "color": "#C9F31D"
            },
            {
                "_id": "text",
                "title": "Text",
                "color": "#FFFFFFA6"
            },
            {
                "_id": "accent",
                "title": "Accent",
                "color": "#FFFFFF1A"
            }
        ],
        "custom_colors": [
            {
                "_id": "5badb30",
                "title": "Custom 1",
                "color": "#1F1F1F"
            },
            {
                "_id": "29de16a",
                "title": "Custom 2",
                "color": "#070707"
            },
            {
                "_id": "4abd709",
                "title": "Custom 3",
                "color": "#FFFFFF59"
            },
            {
                "_id": "8203241",
                "title": "Custom 4",
                "color": "#FFFFFF73"
            },
            {
                "_id": "5f04074",
                "title": "Custom 5",
                "color": "#131313"
            },
            {
                "_id": "543ef92",
                "title": "Custom 6",
                "color": "#FFFFFF33"
            },
            {
                "_id": "d84a1b3",
                "title": "Custom 7",
                "color": "#9A9A9A"
            }
        ],
        "system_typography": [
            {
                "_id": "primary",
                "title": "Primary",
                "typography_typography": "custom",
                "typography_font_family": "Roboto",
                "typography_font_weight": "600"
            },
            {
                "_id": "secondary",
                "title": "Secondary",
                "typography_typography": "custom",
                "typography_font_family": "Roboto Slab",
                "typography_font_weight": "400"
            },
            {
                "_id": "text",
                "title": "Text",
                "typography_typography": "custom",
                "typography_font_family": "Inter",
                "typography_font_weight": "400",
                "typography_font_size": {
                    "unit": "px",
                    "size": 16,
                    "sizes": []
                },
                "typography_text_transform": "none",
                "typography_line_height": {
                    "unit": "em",
                    "size": 1.875,
                    "sizes": []
                },
                "typography_letter_spacing": {
                    "unit": "px",
                    "size": 0,
                    "sizes": []
                }
            },
            {
                "_id": "accent",
                "title": "Accent",
                "typography_typography": "custom",
                "typography_font_family": "Inter",
                "typography_font_weight": "600",
                "typography_font_size": {
                    "unit": "px",
                    "size": 16,
                    "sizes": []
                },
                "typography_text_transform": "capitalize",
                "typography_line_height": {
                    "unit": "em",
                    "size": 1.20999999999999996447286321199499070644378662109375,
                    "sizes": []
                },
                "typography_font_size_tablet": {
                    "unit": "px",
                    "size": 14,
                    "sizes": []
                }
            }
        ],
        "custom_typography": [
            {
                "_id": "24b4a31",
                "title": "Title Hero",
                "typography_typography": "custom",
                "typography_font_family": "DM Sans",
                "typography_font_size": {
                    "unit": "px",
                    "size": 75,
                    "sizes": []
                },
                "typography_font_weight": "500",
                "typography_text_transform": "none",
                "typography_line_height": {
                    "unit": "em",
                    "size": 1,
                    "sizes": []
                },
                "typography_letter_spacing": {
                    "unit": "em",
                    "size": -0.0299999999999999988897769753748434595763683319091796875,
                    "sizes": []
                },
                "typography_font_size_mobile": {
                    "unit": "px",
                    "size": 55,
                    "sizes": []
                }
            },
            {
                "_id": "74854dd",
                "title": "Title Large Slider",
                "typography_typography": "custom",
                "typography_font_family": "DM Sans",
                "typography_font_size": {
                    "unit": "px",
                    "size": 65,
                    "sizes": []
                },
                "typography_font_weight": "700",
                "typography_text_transform": "none",
                "typography_line_height": {
                    "unit": "em",
                    "size": 1.153799999999999936761696517351083457469940185546875,
                    "sizes": []
                },
                "typography_letter_spacing": {
                    "unit": "em",
                    "size": -0.0299999999999999988897769753748434595763683319091796875,
                    "sizes": []
                }
            },
            {
                "_id": "1e6e6ac",
                "title": "Title Medium Slider",
                "typography_typography": "custom",
                "typography_font_family": "DM Sans",
                "typography_font_size": {
                    "unit": "px",
                    "size": 65,
                    "sizes": []
                },
                "typography_font_weight": "400",
                "typography_text_transform": "none",
                "typography_line_height": {
                    "unit": "em",
                    "size": 1.153799999999999936761696517351083457469940185546875,
                    "sizes": []
                },
                "typography_letter_spacing": {
                    "unit": "em",
                    "size": -0.0299999999999999988897769753748434595763683319091796875,
                    "sizes": []
                }
            },
            {
                "_id": "1de755d",
                "title": "Title Projects",
                "typography_typography": "custom",
                "typography_font_family": "DM Sans",
                "typography_font_size": {
                    "unit": "px",
                    "size": 48,
                    "sizes": []
                },
                "typography_font_weight": "500",
                "typography_line_height": {
                    "unit": "em",
                    "size": 1.1875,
                    "sizes": []
                },
                "typography_letter_spacing": {
                    "unit": "em",
                    "size": -0.0299999999999999988897769753748434595763683319091796875,
                    "sizes": []
                }
            },
            {
                "_id": "e9af34f",
                "title": "Title Large",
                "typography_typography": "custom",
                "typography_font_family": "DM Sans",
                "typography_font_size": {
                    "unit": "px",
                    "size": 45,
                    "sizes": []
                },
                "typography_font_weight": "500",
                "typography_text_transform": "none",
                "typography_line_height": {
                    "unit": "em",
                    "size": 1.1999999999999999555910790149937383830547332763671875,
                    "sizes": []
                },
                "typography_letter_spacing": {
                    "unit": "em",
                    "size": -0.0299999999999999988897769753748434595763683319091796875,
                    "sizes": []
                }
            },
            {
                "_id": "341b83e",
                "title": "Subtitle Slider",
                "typography_typography": "custom",
                "typography_font_family": "DM Sans",
                "typography_font_size": {
                    "unit": "px",
                    "size": 45,
                    "sizes": []
                },
                "typography_font_weight": "400",
                "typography_text_transform": "none",
                "typography_line_height": {
                    "unit": "em",
                    "size": 1.665999999999999925393012745189480483531951904296875,
                    "sizes": []
                },
                "typography_letter_spacing": {
                    "unit": "em",
                    "size": -0.0299999999999999988897769753748434595763683319091796875,
                    "sizes": []
                }
            },
            {
                "_id": "c6edb5b",
                "title": "Number Large",
                "typography_typography": "custom",
                "typography_font_family": "DM Sans",
                "typography_font_size": {
                    "unit": "px",
                    "size": 40,
                    "sizes": []
                },
                "typography_font_weight": "500",
                "typography_text_transform": "none",
                "typography_line_height": {
                    "unit": "em",
                    "size": 1.302000000000000046185277824406512081623077392578125,
                    "sizes": []
                },
                "typography_letter_spacing": {
                    "unit": "em",
                    "size": -0.0299999999999999988897769753748434595763683319091796875,
                    "sizes": []
                }
            },
            {
                "_id": "35bab88",
                "title": "Title Projects",
                "typography_typography": "custom",
                "typography_font_family": "DM Sans",
                "typography_font_size": {
                    "unit": "px",
                    "size": 30,
                    "sizes": []
                },
                "typography_font_weight": "600",
                "typography_text_transform": "none",
                "typography_line_height": {
                    "unit": "em",
                    "size": 1.1999999999999999555910790149937383830547332763671875,
                    "sizes": []
                },
                "typography_letter_spacing": {
                    "unit": "px",
                    "size": 0,
                    "sizes": []
                }
            },
            {
                "_id": "9ef8ece",
                "title": "Title Services",
                "typography_typography": "custom",
                "typography_font_family": "DM Sans",
                "typography_font_size": {
                    "unit": "px",
                    "size": 24,
                    "sizes": []
                },
                "typography_font_weight": "600",
                "typography_text_transform": "none",
                "typography_line_height": {
                    "unit": "em",
                    "size": 1.25,
                    "sizes": []
                },
                "typography_letter_spacing": {
                    "unit": "em",
                    "size": -0.0299999999999999988897769753748434595763683319091796875,
                    "sizes": []
                }
            },
            {
                "_id": "0f27948",
                "title": "Number Medium",
                "typography_typography": "custom",
                "typography_font_family": "DM Sans",
                "typography_font_size": {
                    "unit": "px",
                    "size": 24,
                    "sizes": []
                },
                "typography_font_weight": "400",
                "typography_text_transform": "none",
                "typography_line_height": {
                    "unit": "em",
                    "size": 1.25,
                    "sizes": []
                },
                "typography_letter_spacing": {
                    "unit": "em",
                    "size": -0.0299999999999999988897769753748434595763683319091796875,
                    "sizes": []
                }
            },
            {
                "_id": "beb8695",
                "title": "Title Testimonial",
                "typography_typography": "custom",
                "typography_font_family": "DM Sans",
                "typography_font_size": {
                    "unit": "px",
                    "size": 22,
                    "sizes": []
                },
                "typography_font_weight": "500",
                "typography_text_transform": "none",
                "typography_line_height": {
                    "unit": "em",
                    "size": 1.1999999999999999555910790149937383830547332763671875,
                    "sizes": []
                },
                "typography_letter_spacing": {
                    "unit": "em",
                    "size": -0.0299999999999999988897769753748434595763683319091796875,
                    "sizes": []
                }
            },
            {
                "_id": "34933bd",
                "title": "Number Small",
                "typography_typography": "custom",
                "typography_font_family": "DM Sans",
                "typography_font_size": {
                    "unit": "px",
                    "size": 20,
                    "sizes": []
                },
                "typography_font_weight": "700",
                "typography_text_transform": "none",
                "typography_line_height": {
                    "unit": "em",
                    "size": 1.25,
                    "sizes": []
                },
                "typography_letter_spacing": {
                    "unit": "em",
                    "size": -0.0299999999999999988897769753748434595763683319091796875,
                    "sizes": []
                }
            },
            {
                "_id": "16a9294",
                "title": "Title Explore",
                "typography_typography": "custom",
                "typography_font_family": "DM Sans",
                "typography_font_size": {
                    "unit": "px",
                    "size": 20,
                    "sizes": []
                },
                "typography_font_weight": "500",
                "typography_text_transform": "none",
                "typography_line_height": {
                    "unit": "em",
                    "size": 1.25,
                    "sizes": []
                },
                "typography_letter_spacing": {
                    "unit": "em",
                    "size": -0.0299999999999999988897769753748434595763683319091796875,
                    "sizes": []
                }
            },
            {
                "_id": "3866898",
                "title": "Title Large Contact",
                "typography_typography": "custom",
                "typography_font_family": "DM Sans",
                "typography_font_size": {
                    "unit": "px",
                    "size": 18,
                    "sizes": []
                },
                "typography_font_weight": "500",
                "typography_text_transform": "none",
                "typography_line_height": {
                    "unit": "em",
                    "size": 1.30220000000000002415845301584340631961822509765625,
                    "sizes": []
                },
                "typography_letter_spacing": {
                    "unit": "em",
                    "size": -0.0200000000000000004163336342344337026588618755340576171875,
                    "sizes": []
                },
                "typography_font_size_mobile": {
                    "unit": "px",
                    "size": 16,
                    "sizes": []
                }
            },
            {
                "_id": "a42c8fc",
                "title": "Title Medium Contact",
                "typography_typography": "custom",
                "typography_font_family": "DM Sans",
                "typography_font_size": {
                    "unit": "px",
                    "size": 16,
                    "sizes": []
                },
                "typography_font_weight": "700",
                "typography_text_transform": "none",
                "typography_line_height": {
                    "unit": "em",
                    "size": 1.25,
                    "sizes": []
                },
                "typography_letter_spacing": {
                    "unit": "em",
                    "size": -0.0200000000000000004163336342344337026588618755340576171875,
                    "sizes": []
                }
            },
            {
                "_id": "6e25728",
                "title": "Title About",
                "typography_typography": "custom",
                "typography_font_family": "Inter",
                "typography_font_size": {
                    "unit": "px",
                    "size": 20,
                    "sizes": []
                },
                "typography_font_weight": "500",
                "typography_text_transform": "none",
                "typography_line_height": {
                    "unit": "em",
                    "size": 1.20999999999999996447286321199499070644378662109375,
                    "sizes": []
                },
                "typography_letter_spacing": {
                    "unit": "em",
                    "size": -0.0200000000000000004163336342344337026588618755340576171875,
                    "sizes": []
                }
            },
            {
                "_id": "c1b7fbf",
                "title": "Subtitle ",
                "typography_typography": "custom",
                "typography_font_family": "Inter",
                "typography_font_size": {
                    "unit": "px",
                    "size": 16,
                    "sizes": []
                },
                "typography_font_weight": "500",
                "typography_text_transform": "none",
                "typography_line_height": {
                    "unit": "em",
                    "size": 1.20999999999999996447286321199499070644378662109375,
                    "sizes": []
                },
                "typography_letter_spacing": {
                    "unit": "px",
                    "size": 0,
                    "sizes": []
                }
            },
            {
                "_id": "36be734",
                "title": "Title Small Contact",
                "typography_typography": "custom",
                "typography_font_family": "Inter",
                "typography_font_size": {
                    "unit": "px",
                    "size": 14,
                    "sizes": []
                },
                "typography_font_weight": "600",
                "typography_line_height": {
                    "unit": "em",
                    "size": 1.20999999999999996447286321199499070644378662109375,
                    "sizes": []
                },
                "typography_letter_spacing": {
                    "unit": "px",
                    "size": 0,
                    "sizes": []
                }
            },
            {
                "_id": "f69a712",
                "title": "Subtitle Testimonials",
                "typography_typography": "custom",
                "typography_font_family": "DM Sans",
                "typography_font_size": {
                    "unit": "px",
                    "size": 14,
                    "sizes": []
                },
                "typography_font_weight": "400",
                "typography_text_transform": "none",
                "typography_line_height": {
                    "unit": "em",
                    "size": 1.25,
                    "sizes": []
                },
                "typography_letter_spacing": {
                    "unit": "px",
                    "size": 0,
                    "sizes": []
                }
            }
        ],
        "default_generic_fonts": "Sans-serif",
        "body_background_background": "classic",
        "body_background_image": {
            "url": "https:\/\/themesflat.com\/noxfoliokit\/wp-content\/uploads\/2023\/10\/Line.png",
            "id": 13,
            "size": "",
            "alt": "",
            "source": "library"
        },
        "body_background_position": "top center",
        "body_background_repeat": "no-repeat",
        "body_background_size": "auto",
        "container_width": {
            "unit": "px",
            "size": 1290,
            "sizes": []
        },
        "container_padding": {
            "unit": "px",
            "top": "0",
            "right": "0",
            "bottom": "0",
            "left": "0",
            "isLinked": false
        },
        "space_between_widgets": {
            "column": "0",
            "row": "0",
            "isLinked": false,
            "unit": "px",
            "size": 0
        },
        "page_title_selector": "h1.entry-title",
        "hello_footer_copyright_text": "All rights reserved",
        "activeItemIndex": 1,
        "__globals__": {
            "body_background_color": "globals\/colors?id=5f04074",
            "body_color": "globals\/colors?id=text",
            "body_typography_typography": "globals\/typography?id=text",
            "h1_color": "globals\/colors?id=primary",
            "h1_typography_typography": "globals\/typography?id=24b4a31",
            "h2_color": "globals\/colors?id=4abd709",
            "h2_typography_typography": "globals\/typography?id=c1b7fbf",
            "h3_color": "globals\/colors?id=primary",
            "h3_typography_typography": "globals\/typography?id=e9af34f",
            "h4_color": "globals\/colors?id=primary",
            "h4_typography_typography": "globals\/typography?id=16a9294",
            "button_typography_typography": "globals\/typography?id=accent",
            "button_background_color": "globals\/colors?id=secondary",
            "button_text_color": "globals\/colors?id=5badb30",
            "button_hover_background_color": "globals\/colors?id=primary",
            "button_hover_text_color": "globals\/colors?id=5badb30",
            "h5_color": "globals\/colors?id=secondary",
            "h5_typography_typography": "globals\/typography?id=f69a712"
        },
        "viewport_md": 768,
        "viewport_lg": 1025,
        "active_breakpoints": [
            "viewport_mobile",
            "viewport_mobile_extra",
            "viewport_tablet",
            "viewport_tablet_extra",
            "viewport_laptop"
        ],
        "viewport_tablet_extra": 1180,
        "viewport_laptop": 1440,
        "body_color": "#FFFFFFA6",
        "body_typography_typography": "custom",
        "body_typography_font_family": "Inter",
        "body_typography_font_size": {
            "unit": "px",
            "size": 16,
            "sizes": []
        },
        "body_typography_font_weight": "400",
        "body_typography_text_transform": "none",
        "body_typography_line_height": {
            "unit": "em",
            "size": 1.875,
            "sizes": []
        },
        "body_typography_letter_spacing": {
            "unit": "px",
            "size": 0,
            "sizes": []
        },
        "h1_color": "#FFFFFF",
        "h1_typography_typography": "custom",
        "h1_typography_font_family": "DM Sans",
        "h1_typography_font_size": {
            "unit": "px",
            "size": 75,
            "sizes": []
        },
        "h1_typography_font_weight": "500",
        "h1_typography_text_transform": "none",
        "h1_typography_line_height": {
            "unit": "em",
            "size": 1,
            "sizes": []
        },
        "h1_typography_letter_spacing": {
            "unit": "em",
            "size": -0.0299999999999999988897769753748434595763683319091796875,
            "sizes": []
        },
        "h1_typography_word_spacing": {
            "unit": "em",
            "size": "",
            "sizes": []
        },
        "h2_color": "#FFFFFF59",
        "h2_typography_typography": "custom",
        "h2_typography_font_family": "Inter",
        "h2_typography_font_size": {
            "unit": "px",
            "size": 16,
            "sizes": []
        },
        "h2_typography_font_weight": "500",
        "h2_typography_text_transform": "none",
        "h2_typography_line_height": {
            "unit": "em",
            "size": 1.20999999999999996447286321199499070644378662109375,
            "sizes": []
        },
        "h2_typography_letter_spacing": {
            "unit": "px",
            "size": 0,
            "sizes": []
        },
        "h2_typography_word_spacing": {
            "unit": "em",
            "size": "",
            "sizes": []
        },
        "h3_color": "#FFFFFF",
        "h3_typography_typography": "custom",
        "h3_typography_font_family": "DM Sans",
        "h3_typography_font_size": {
            "unit": "px",
            "size": 45,
            "sizes": []
        },
        "h3_typography_font_weight": "500",
        "h3_typography_text_transform": "none",
        "h3_typography_line_height": {
            "unit": "em",
            "size": 1.1999999999999999555910790149937383830547332763671875,
            "sizes": []
        },
        "h3_typography_letter_spacing": {
            "unit": "em",
            "size": -0.0299999999999999988897769753748434595763683319091796875,
            "sizes": []
        },
        "h3_typography_word_spacing": {
            "unit": "em",
            "size": "",
            "sizes": []
        },
        "h4_color": "#FFFFFF",
        "h4_typography_typography": "custom",
        "h4_typography_font_family": "DM Sans",
        "h4_typography_font_size": {
            "unit": "px",
            "size": 20,
            "sizes": []
        },
        "h4_typography_font_weight": "500",
        "h4_typography_text_transform": "none",
        "h4_typography_line_height": {
            "unit": "em",
            "size": 1.25,
            "sizes": []
        },
        "h4_typography_letter_spacing": {
            "unit": "em",
            "size": -0.0299999999999999988897769753748434595763683319091796875,
            "sizes": []
        },
        "h4_typography_word_spacing": {
            "unit": "em",
            "size": "",
            "sizes": []
        },
        "button_border_radius": {
            "unit": "px",
            "top": "16",
            "right": "16",
            "bottom": "16",
            "left": "16",
            "isLinked": true
        },
        "button_padding": {
            "unit": "px",
            "top": "15",
            "right": "35",
            "bottom": "15",
            "left": "35",
            "isLinked": false
        },
        "body_background_color": "#1F1F1F",
        "button_padding_tablet": {
            "unit": "px",
            "top": "15",
            "right": "20",
            "bottom": "15",
            "left": "20",
            "isLinked": false
        },
        "body_background_size_tablet": "cover"
    }
}