{
    "version": "0.4",
    "title": "Header",
    "type": "section",
    "metadata": {
        "template_type": "section-header",
        "include_in_zip": "1",
        "elementor_pro_required": null,
        "wp_page_template": "elementor_canvas"
    },
    "content": [
        {
            "id": "5397b705",
            "settings": {
                "flex_direction": "row",
                "margin": {
                    "unit": "px",
                    "top": "0",
                    "right": "0",
                    "bottom": "0",
                    "left": "0",
                    "isLinked": false
                },
                "padding": {
                    "unit": "px",
                    "top": "30",
                    "right": "15",
                    "bottom": "30",
                    "left": "15",
                    "isLinked": false
                },
                "boxed_width": {
                    "unit": "px",
                    "size": 1620,
                    "sizes": []
                }
            },
            "elements": [
                {
                    "id": "70cb7bfc",
                    "settings": {
                        "content_width": "full",
                        "width": {
                            "unit": "%",
                            "size": 20,
                            "sizes": []
                        },
                        "flex_justify_content": "center",
                        "width_mobile": {
                            "unit": "%",
                            "size": 50,
                            "sizes": []
                        }
                    },
                    "elements": [
                        {
                            "id": "7337cc70",
                            "settings": {
                                "image": {
                                    "url": "https:\/\/themesflat.com\/noxfoliokit\/wp-content\/uploads\/2023\/10\/Logo.png",
                                    "id": 25,
                                    "size": "",
                                    "alt": "",
                                    "source": "library"
                                },
                                "align": "left",
                                "link_to": "custom",
                                "link": {
                                    "url": "#",
                                    "is_external": "",
                                    "nofollow": "",
                                    "custom_attributes": ""
                                }
                            },
                            "elements": [],
                            "isInner": false,
                            "widgetType": "image",
                            "elType": "widget"
                        }
                    ],
                    "isInner": true,
                    "elType": "container"
                },
                {
                    "id": "15fea6d8",
                    "settings": {
                        "content_width": "full",
                        "width": {
                            "unit": "%",
                            "size": 60,
                            "sizes": []
                        },
                        "flex_justify_content": "center",
                        "width_tablet": {
                            "unit": "%",
                            "size": 80,
                            "sizes": []
                        },
                        "width_mobile": {
                            "unit": "%",
                            "size": 50,
                            "sizes": []
                        },
                        "flex_align_items": "center",
                        "flex_align_items_tablet": "flex-end"
                    },
                    "elements": [
                        {
                            "id": "65248665",
                            "settings": {
                                "one_page_enable": "",
                                "nav_menu_logo": {
                                    "url": "https:\/\/themesflat.com\/noxfoliokit\/wp-content\/uploads\/2023\/10\/Logo.png",
                                    "id": 25,
                                    "size": "",
                                    "alt": "",
                                    "source": "library"
                                },
                                "item_menu_horizontal_padding": {
                                    "unit": "px",
                                    "size": 20,
                                    "sizes": []
                                },
                                "item_menu_color": "#FFFFFF",
                                "item_menu_color_hover": "#C9F31D",
                                "item_menu_color_active": "#C9F31D",
                                "item_submenu_width": {
                                    "unit": "px",
                                    "size": 240,
                                    "sizes": []
                                },
                                "item_submenu_spacing": {
                                    "unit": "px",
                                    "size": 60,
                                    "sizes": []
                                },
                                "toggle_button_menu_size": {
                                    "unit": "px",
                                    "size": 25,
                                    "sizes": []
                                },
                                "toggle_button_menu_border_width": {
                                    "unit": "px",
                                    "size": 0,
                                    "sizes": []
                                },
                                "toggle_button_menu_border_radius": {
                                    "unit": "px",
                                    "size": 0,
                                    "sizes": []
                                },
                                "toggle_button_menu_padding": {
                                    "unit": "px",
                                    "top": "0",
                                    "right": "0",
                                    "bottom": "0",
                                    "left": "0",
                                    "isLinked": true
                                },
                                "_element_width": "auto",
                                "__globals__": {
                                    "item_menu_color": "globals\/colors?id=primary",
                                    "item_menu_typography_typography": "globals\/typography?id=text",
                                    "item_menu_color_hover": "globals\/colors?id=secondary",
                                    "item_menu_color_active": "globals\/colors?id=secondary",
                                    "item_submenu_typography_typography": "globals\/typography?id=f69a712",
                                    "item_submenu_color": "globals\/colors?id=5badb30",
                                    "item_submenu_background_color": "globals\/colors?id=primary",
                                    "item_submenu_background_color_hover": "globals\/colors?id=secondary",
                                    "item_submenu_color_hover": "globals\/colors?id=5badb30",
                                    "item_submenu_color_active": "globals\/colors?id=5badb30",
                                    "item_submenu_background_color_active": "globals\/colors?id=secondary",
                                    "toggle_button_menu_color": "globals\/colors?id=primary",
                                    "toggle_button_menu_color_hover": "globals\/colors?id=secondary",
                                    "panel_menu_color": "globals\/colors?id=primary",
                                    "panel_menu_color_hover": "globals\/colors?id=secondary",
                                    "panel_menu_color_active": "globals\/colors?id=secondary"
                                },
                                "item_menu_typography_typography": "custom",
                                "item_menu_typography_font_family": "Inter",
                                "item_menu_typography_font_size": {
                                    "unit": "px",
                                    "size": 16,
                                    "sizes": []
                                },
                                "item_menu_typography_font_weight": "400",
                                "item_menu_typography_text_transform": "none",
                                "item_menu_typography_line_height": {
                                    "unit": "em",
                                    "size": 1.875,
                                    "sizes": []
                                },
                                "item_menu_typography_letter_spacing": {
                                    "unit": "px",
                                    "size": 0,
                                    "sizes": []
                                },
                                "item_submenu_color": "#1F1F1F",
                                "item_submenu_background_color": "#FFFFFF",
                                "item_submenu_color_hover": "#1F1F1F",
                                "item_submenu_background_color_hover": "#C9F31D",
                                "item_submenu_color_active": "#1F1F1F",
                                "item_submenu_background_color_active": "#C9F31D",
                                "toggle_button_menu_color": "#FFFFFF",
                                "toggle_button_menu_color_hover": "#C9F31D"
                            },
                            "elements": [],
                            "isInner": false,
                            "widgetType": "tf-nav-menu",
                            "elType": "widget"
                        }
                    ],
                    "isInner": true,
                    "elType": "container"
                }
            ],
            "isInner": false,
            "elType": "container"
        }
    ]
}