{
    "version": "0.4",
    "title": "Project Grid View",
    "type": "page",
    "metadata": {
        "template_type": "single-page",
        "include_in_zip": "1",
        "elementor_pro_required": null,
        "wp_page_template": "elementor_header_footer"
    },
    "content": [
        {
            "id": "1119298b",
            "settings": {
                "flex_direction": "column",
                "flex_gap": {
                    "column": "30",
                    "row": "30",
                    "isLinked": true,
                    "unit": "px",
                    "size": 30
                },
                "margin": {
                    "unit": "px",
                    "top": "0",
                    "right": "0",
                    "bottom": "0",
                    "left": "0",
                    "isLinked": false
                },
                "padding": {
                    "unit": "px",
                    "top": "110",
                    "right": "15",
                    "bottom": "120",
                    "left": "15",
                    "isLinked": false
                },
                "padding_tablet": {
                    "unit": "em",
                    "top": "3",
                    "right": "1",
                    "bottom": "3",
                    "left": "1",
                    "isLinked": false
                },
                "padding_mobile_extra": {
                    "unit": "em",
                    "top": "",
                    "right": "",
                    "bottom": "",
                    "left": "",
                    "isLinked": true
                },
                "padding_mobile": {
                    "unit": "em",
                    "top": "",
                    "right": "",
                    "bottom": "",
                    "left": "",
                    "isLinked": true
                }
            },
            "elements": [
                {
                    "id": "7f7d7c49",
                    "settings": {
                        "title": "Project Grid View",
                        "header_size": "h1",
                        "align": "center"
                    },
                    "elements": [],
                    "isInner": false,
                    "widgetType": "heading",
                    "elType": "widget"
                },
                {
                    "id": "487de9d9",
                    "settings": {
                        "view": "inline",
                        "icon_list": [
                            {
                                "text": "Home",
                                "selected_icon": {
                                    "value": "",
                                    "library": ""
                                },
                                "_id": "86409c4",
                                "link": {
                                    "url": "#",
                                    "is_external": "",
                                    "nofollow": "",
                                    "custom_attributes": ""
                                }
                            },
                            {
                                "text": "Project Grid View",
                                "selected_icon": {
                                    "value": "fas fa-circle",
                                    "library": "fa-solid"
                                },
                                "_id": "fdad5f7"
                            }
                        ],
                        "space_between": {
                            "unit": "px",
                            "size": 20,
                            "sizes": []
                        },
                        "icon_align": "center",
                        "icon_size": {
                            "unit": "px",
                            "size": 5,
                            "sizes": []
                        },
                        "text_indent": {
                            "unit": "px",
                            "size": 20,
                            "sizes": []
                        },
                        "__globals__": {
                            "icon_typography_typography": "globals\/typography?id=3866898",
                            "text_color": "globals\/colors?id=primary",
                            "text_color_hover": "globals\/colors?id=secondary",
                            "icon_color": "globals\/colors?id=primary"
                        }
                    },
                    "elements": [],
                    "isInner": false,
                    "widgetType": "icon-list",
                    "elType": "widget"
                }
            ],
            "isInner": false,
            "elType": "container"
        },
        {
            "id": "4bfe988d",
            "settings": {
                "flex_direction": "column",
                "margin": {
                    "unit": "px",
                    "top": "0",
                    "right": "0",
                    "bottom": "0",
                    "left": "0",
                    "isLinked": false
                },
                "padding": {
                    "unit": "px",
                    "top": "15",
                    "right": "15",
                    "bottom": "126",
                    "left": "15",
                    "isLinked": false
                },
                "flex_gap": {
                    "column": "60",
                    "row": "60",
                    "isLinked": true,
                    "unit": "px",
                    "size": 60
                },
                "flex_gap_tablet": {
                    "column": "60",
                    "row": "60",
                    "isLinked": true,
                    "unit": "px",
                    "size": 60
                },
                "padding_tablet": {
                    "unit": "em",
                    "top": "1",
                    "right": "1",
                    "bottom": "3",
                    "left": "1",
                    "isLinked": false
                },
                "padding_mobile_extra": {
                    "unit": "em",
                    "top": "",
                    "right": "",
                    "bottom": "",
                    "left": "",
                    "isLinked": true
                },
                "padding_mobile": {
                    "unit": "em",
                    "top": "",
                    "right": "",
                    "bottom": "",
                    "left": "",
                    "isLinked": true
                }
            },
            "elements": [
                {
                    "id": "50c0a1cc",
                    "settings": {
                        "tab_list": [
                            {
                                "list_title": "Show All",
                                "_id": "57be507",
                                "icon_tabs": {
                                    "value": "",
                                    "library": ""
                                },
                                "list_content_text_type": "template",
                                "list_content_template": "templates-tabs-project-grid-view"
                            },
                            {
                                "list_title": "Design",
                                "icon_tabs": {
                                    "value": "",
                                    "library": ""
                                },
                                "list_content_text_type": "template",
                                "_id": "e0ac801",
                                "list_content_template": "templates-tabs-project-grid-view"
                            },
                            {
                                "list_title": "Branding",
                                "icon_tabs": {
                                    "value": "",
                                    "library": ""
                                },
                                "list_content_text_type": "template",
                                "_id": "1943532",
                                "list_content_template": "templates-tabs-project-grid-view"
                            },
                            {
                                "list_title": "Marketing",
                                "icon_tabs": {
                                    "value": "",
                                    "library": ""
                                },
                                "list_content_text_type": "template",
                                "_id": "f36c84e",
                                "list_content_template": "templates-tabs-project-grid-view"
                            },
                            {
                                "list_title": "Development",
                                "icon_tabs": {
                                    "value": "",
                                    "library": ""
                                },
                                "list_content_text_type": "template",
                                "_id": "79e5280",
                                "list_content_template": "templates-tabs-project-grid-view"
                            },
                            {
                                "list_title": "Mobile Apps",
                                "icon_tabs": {
                                    "value": "",
                                    "library": ""
                                },
                                "list_content_text_type": "template",
                                "_id": "f9c02ad",
                                "list_content_template": "templates-tabs-project-grid-view"
                            },
                            {
                                "list_title": "Graphics",
                                "icon_tabs": {
                                    "value": "",
                                    "library": ""
                                },
                                "list_content_text_type": "template",
                                "_id": "825df5a",
                                "list_content_template": "templates-tabs-project-grid-view"
                            }
                        ],
                        "nav_align": "nav-center",
                        "title_padding": {
                            "unit": "px",
                            "top": "0",
                            "right": "0",
                            "bottom": "0",
                            "left": "0",
                            "isLinked": false
                        },
                        "title_margin": {
                            "unit": "px",
                            "top": "0",
                            "right": "24",
                            "bottom": "0",
                            "left": "24",
                            "isLinked": false
                        },
                        "title_margin_tablet": {
                            "unit": "px",
                            "top": "0",
                            "right": "8",
                            "bottom": "0",
                            "left": "8",
                            "isLinked": false
                        },
                        "title_background_color_background": "classic",
                        "title_background_color_color": "#02010100",
                        "content_color": "",
                        "content_padding": {
                            "unit": "px",
                            "top": "0",
                            "right": "0",
                            "bottom": "0",
                            "left": "0",
                            "isLinked": false
                        },
                        "content_margin": {
                            "unit": "px",
                            "top": "64",
                            "right": "0",
                            "bottom": "0",
                            "left": "0",
                            "isLinked": false
                        },
                        "show_triger": "",
                        "__globals__": {
                            "title_color": "globals\/colors?id=4abd709",
                            "title_color_hover": "globals\/colors?id=secondary",
                            "title_color_active": "globals\/colors?id=secondary",
                            "title_typography_typography": "globals\/typography?id=3866898"
                        },
                        "content_margin_tablet": {
                            "unit": "em",
                            "top": "2",
                            "right": "0",
                            "bottom": "0",
                            "left": "0",
                            "isLinked": false
                        },
                        "content_margin_mobile_extra": {
                            "unit": "em",
                            "top": "",
                            "right": "",
                            "bottom": "",
                            "left": "",
                            "isLinked": true
                        },
                        "content_margin_mobile": {
                            "unit": "em",
                            "top": "",
                            "right": "",
                            "bottom": "",
                            "left": "",
                            "isLinked": true
                        }
                    },
                    "elements": [],
                    "isInner": false,
                    "widgetType": "tftabs",
                    "elType": "widget"
                },
                {
                    "id": "612c6c32",
                    "settings": {
                        "text": "View More Projects",
                        "align": "center",
                        "selected_icon": {
                            "value": "fas fa-angle-right",
                            "library": "fa-solid"
                        },
                        "icon_align": "right",
                        "animation_duration": "slow"
                    },
                    "elements": [],
                    "isInner": false,
                    "widgetType": "button",
                    "elType": "widget"
                }
            ],
            "isInner": false,
            "elType": "container"
        }
    ]
}