{
    "version": "0.4",
    "title": "Template Tab 01 Project Masonry",
    "type": "section",
    "metadata": {
        "template_type": "section-portfolio",
        "include_in_zip": "1",
        "elementor_pro_required": null,
        "wp_page_template": "elementor_canvas"
    },
    "content": [
        {
            "id": "4cbf6db8",
            "settings": {
                "flex_direction": "column",
                "flex_gap": {
                    "column": "30",
                    "row": "30",
                    "isLinked": true,
                    "unit": "px",
                    "size": 30
                }
            },
            "elements": [
                {
                    "id": "f75842b",
                    "settings": {
                        "flex_direction": "row",
                        "flex_gap": {
                            "column": "30",
                            "row": "30",
                            "isLinked": true,
                            "unit": "px",
                            "size": 30
                        }
                    },
                    "elements": [
                        {
                            "id": "dbce895",
                            "settings": {
                                "content_width": "full",
                                "width": {
                                    "unit": "%",
                                    "size": 33.332999999999998408384271897375583648681640625,
                                    "sizes": []
                                },
                                "flex_gap": {
                                    "column": "30",
                                    "row": "30",
                                    "isLinked": true,
                                    "unit": "px",
                                    "size": 30
                                }
                            },
                            "elements": [
                                {
                                    "id": "1862a0cb",
                                    "settings": {
                                        "image": {
                                            "url": "https:\/\/themesflat.com\/noxfoliokit\/wp-content\/uploads\/2023\/10\/Image-6.jpg",
                                            "id": 331,
                                            "size": "",
                                            "alt": "",
                                            "source": "library"
                                        },
                                        "title": "Product Design",
                                        "description": "Mobile Application Design",
                                        "button_text": "",
                                        "wrap_align": "left",
                                        "image_overlay_background_color": "#C9F31D99",
                                        "image_overlay_effect": "fade-in-up",
                                        "content_style": "style-2",
                                        "content_margin": {
                                            "unit": "em",
                                            "top": "20",
                                            "right": "0",
                                            "bottom": "0",
                                            "left": "1.5",
                                            "isLinked": false
                                        },
                                        "content_margin_laptop": {
                                            "unit": "em",
                                            "top": "",
                                            "right": "",
                                            "bottom": "",
                                            "left": "",
                                            "isLinked": true
                                        },
                                        "content_margin_tablet_extra": {
                                            "unit": "em",
                                            "top": "17",
                                            "right": "0",
                                            "bottom": "0",
                                            "left": "1.5",
                                            "isLinked": false
                                        },
                                        "content_margin_tablet": {
                                            "unit": "em",
                                            "top": "0",
                                            "right": "0",
                                            "bottom": "0",
                                            "left": "0",
                                            "isLinked": false
                                        },
                                        "content_margin_mobile_extra": {
                                            "unit": "em",
                                            "top": "",
                                            "right": "",
                                            "bottom": "",
                                            "left": "",
                                            "isLinked": true
                                        },
                                        "content_margin_mobile": {
                                            "unit": "em",
                                            "top": "",
                                            "right": "",
                                            "bottom": "",
                                            "left": "",
                                            "isLinked": true
                                        },
                                        "wrap_heading": "h2",
                                        "title_typography_typography": "custom",
                                        "title_typography_font_family": "Inter",
                                        "title_typography_font_size": {
                                            "unit": "px",
                                            "size": 16,
                                            "sizes": []
                                        },
                                        "title_typography_font_weight": "400",
                                        "title_typography_text_transform": "none",
                                        "title_typography_line_height": {
                                            "unit": "em",
                                            "size": 1.875,
                                            "sizes": []
                                        },
                                        "title_typography_letter_spacing": {
                                            "unit": "px",
                                            "size": 0,
                                            "sizes": []
                                        },
                                        "title_color": "#1F1F1F",
                                        "title_color_hover": "#1F1F1F",
                                        "description_typography_typography": "custom",
                                        "description_typography_font_family": "DM Sans",
                                        "description_typography_font_size": {
                                            "unit": "px",
                                            "size": 24,
                                            "sizes": []
                                        },
                                        "description_typography_font_weight": "600",
                                        "description_typography_text_transform": "none",
                                        "description_typography_line_height": {
                                            "unit": "em",
                                            "size": 1.25,
                                            "sizes": []
                                        },
                                        "description_typography_letter_spacing": {
                                            "unit": "em",
                                            "size": -0.0299999999999999988897769753748434595763683319091796875,
                                            "sizes": []
                                        },
                                        "description_typography_word_spacing": {
                                            "unit": "em",
                                            "size": "",
                                            "sizes": []
                                        },
                                        "description_color": "#1F1F1F",
                                        "button_padding": {
                                            "unit": "px",
                                            "top": "0",
                                            "right": "0",
                                            "bottom": "0",
                                            "left": "0",
                                            "isLinked": true
                                        },
                                        "button_color": "#1F1F1F",
                                        "button_bg_color": "#C9F31D00",
                                        "button_bg_color_hover": "#00000000",
                                        "icon_button": {
                                            "value": "fas fa-arrow-right",
                                            "library": "fa-solid"
                                        },
                                        "button_icon_spacer": {
                                            "unit": "px",
                                            "size": "",
                                            "sizes": []
                                        },
                                        "__globals__": {
                                            "title_typography_typography": "globals\/typography?id=text",
                                            "title_color": "globals\/colors?id=5badb30",
                                            "title_color_hover": "globals\/colors?id=5badb30",
                                            "description_typography_typography": "globals\/typography?id=9ef8ece",
                                            "description_color": "globals\/colors?id=5badb30",
                                            "image_overlay_background_color": "",
                                            "button_bg_color": "",
                                            "button_color": "globals\/colors?id=5badb30",
                                            "button_color_hover": "globals\/colors?id=5badb30"
                                        },
                                        "image_scale_hover": {
                                            "0": 1,
                                            "unit": "px",
                                            "size": 1.100000000000000088817841970012523233890533447265625,
                                            "sizes": []
                                        }
                                    },
                                    "elements": [],
                                    "isInner": false,
                                    "widgetType": "tfimagebox",
                                    "elType": "widget"
                                },
                                {
                                    "id": "6b705fd5",
                                    "settings": {
                                        "image": {
                                            "url": "https:\/\/themesflat.com\/noxfoliokit\/wp-content\/uploads\/2023\/10\/Image-3-2.jpg",
                                            "id": 337,
                                            "size": "",
                                            "alt": "",
                                            "source": "library"
                                        },
                                        "title": "Product Design",
                                        "description": "Mobile Application Design",
                                        "button_text": "",
                                        "wrap_align": "left",
                                        "image_overlay_background_color": "#C9F31D99",
                                        "image_overlay_effect": "fade-in-up",
                                        "content_style": "style-2",
                                        "content_margin": {
                                            "unit": "em",
                                            "top": "16",
                                            "right": "0",
                                            "bottom": "0",
                                            "left": "1.5",
                                            "isLinked": false
                                        },
                                        "content_margin_laptop": {
                                            "unit": "em",
                                            "top": "",
                                            "right": "",
                                            "bottom": "",
                                            "left": "",
                                            "isLinked": true
                                        },
                                        "content_margin_tablet_extra": {
                                            "unit": "em",
                                            "top": "13",
                                            "right": "0",
                                            "bottom": "0",
                                            "left": "1.5",
                                            "isLinked": false
                                        },
                                        "content_margin_tablet": {
                                            "unit": "em",
                                            "top": "0",
                                            "right": "0",
                                            "bottom": "0",
                                            "left": "0",
                                            "isLinked": false
                                        },
                                        "content_margin_mobile_extra": {
                                            "unit": "em",
                                            "top": "",
                                            "right": "",
                                            "bottom": "",
                                            "left": "",
                                            "isLinked": true
                                        },
                                        "content_margin_mobile": {
                                            "unit": "em",
                                            "top": "",
                                            "right": "",
                                            "bottom": "",
                                            "left": "",
                                            "isLinked": true
                                        },
                                        "wrap_heading": "h2",
                                        "title_typography_typography": "custom",
                                        "title_typography_font_family": "Inter",
                                        "title_typography_font_size": {
                                            "unit": "px",
                                            "size": 16,
                                            "sizes": []
                                        },
                                        "title_typography_font_weight": "400",
                                        "title_typography_text_transform": "none",
                                        "title_typography_line_height": {
                                            "unit": "em",
                                            "size": 1.875,
                                            "sizes": []
                                        },
                                        "title_typography_letter_spacing": {
                                            "unit": "px",
                                            "size": 0,
                                            "sizes": []
                                        },
                                        "title_color": "#1F1F1F",
                                        "title_color_hover": "#1F1F1F",
                                        "description_typography_typography": "custom",
                                        "description_typography_font_family": "DM Sans",
                                        "description_typography_font_size": {
                                            "unit": "px",
                                            "size": 24,
                                            "sizes": []
                                        },
                                        "description_typography_font_weight": "600",
                                        "description_typography_text_transform": "none",
                                        "description_typography_line_height": {
                                            "unit": "em",
                                            "size": 1.25,
                                            "sizes": []
                                        },
                                        "description_typography_letter_spacing": {
                                            "unit": "em",
                                            "size": -0.0299999999999999988897769753748434595763683319091796875,
                                            "sizes": []
                                        },
                                        "description_typography_word_spacing": {
                                            "unit": "em",
                                            "size": "",
                                            "sizes": []
                                        },
                                        "description_color": "#1F1F1F",
                                        "button_padding": {
                                            "unit": "px",
                                            "top": "0",
                                            "right": "0",
                                            "bottom": "0",
                                            "left": "0",
                                            "isLinked": true
                                        },
                                        "button_color": "#1F1F1F",
                                        "button_bg_color": "#C9F31D00",
                                        "button_bg_color_hover": "#00000000",
                                        "icon_button": {
                                            "value": "fas fa-arrow-right",
                                            "library": "fa-solid"
                                        },
                                        "button_icon_spacer": {
                                            "unit": "px",
                                            "size": "",
                                            "sizes": []
                                        },
                                        "__globals__": {
                                            "title_typography_typography": "globals\/typography?id=text",
                                            "title_color": "globals\/colors?id=5badb30",
                                            "title_color_hover": "globals\/colors?id=5badb30",
                                            "description_typography_typography": "globals\/typography?id=9ef8ece",
                                            "description_color": "globals\/colors?id=5badb30",
                                            "image_overlay_background_color": "",
                                            "button_bg_color": "",
                                            "button_color": "globals\/colors?id=5badb30",
                                            "button_color_hover": "globals\/colors?id=5badb30"
                                        },
                                        "image_scale_hover": {
                                            "0": 1,
                                            "unit": "px",
                                            "size": 1.100000000000000088817841970012523233890533447265625,
                                            "sizes": []
                                        }
                                    },
                                    "elements": [],
                                    "isInner": false,
                                    "widgetType": "tfimagebox",
                                    "elType": "widget"
                                },
                                {
                                    "id": "7c9b71dc",
                                    "settings": {
                                        "image": {
                                            "url": "https:\/\/themesflat.com\/noxfoliokit\/wp-content\/uploads\/2023\/10\/Image-6-1.jpg",
                                            "id": 334,
                                            "size": "",
                                            "alt": "",
                                            "source": "library"
                                        },
                                        "title": "Product Design",
                                        "description": "Mobile Application Design",
                                        "button_text": "",
                                        "wrap_align": "left",
                                        "image_overlay_background_color": "#C9F31D99",
                                        "image_overlay_effect": "fade-in-up",
                                        "content_style": "style-2",
                                        "content_margin": {
                                            "unit": "em",
                                            "top": "11",
                                            "right": "0",
                                            "bottom": "0",
                                            "left": "1",
                                            "isLinked": false
                                        },
                                        "content_margin_laptop": {
                                            "unit": "em",
                                            "top": "10",
                                            "right": "0",
                                            "bottom": "0",
                                            "left": "1.5",
                                            "isLinked": false
                                        },
                                        "content_margin_tablet_extra": {
                                            "unit": "em",
                                            "top": "8",
                                            "right": "0",
                                            "bottom": "0",
                                            "left": "1.5",
                                            "isLinked": false
                                        },
                                        "content_margin_tablet": {
                                            "unit": "em",
                                            "top": "0",
                                            "right": "0",
                                            "bottom": "0",
                                            "left": "0",
                                            "isLinked": false
                                        },
                                        "content_margin_mobile_extra": {
                                            "unit": "em",
                                            "top": "",
                                            "right": "",
                                            "bottom": "",
                                            "left": "",
                                            "isLinked": true
                                        },
                                        "content_margin_mobile": {
                                            "unit": "em",
                                            "top": "",
                                            "right": "",
                                            "bottom": "",
                                            "left": "",
                                            "isLinked": true
                                        },
                                        "wrap_heading": "h2",
                                        "title_typography_typography": "custom",
                                        "title_typography_font_family": "Inter",
                                        "title_typography_font_size": {
                                            "unit": "px",
                                            "size": 16,
                                            "sizes": []
                                        },
                                        "title_typography_font_weight": "400",
                                        "title_typography_text_transform": "none",
                                        "title_typography_line_height": {
                                            "unit": "em",
                                            "size": 1.875,
                                            "sizes": []
                                        },
                                        "title_typography_letter_spacing": {
                                            "unit": "px",
                                            "size": 0,
                                            "sizes": []
                                        },
                                        "title_color": "#1F1F1F",
                                        "title_color_hover": "#1F1F1F",
                                        "description_typography_typography": "custom",
                                        "description_typography_font_family": "DM Sans",
                                        "description_typography_font_size": {
                                            "unit": "px",
                                            "size": 24,
                                            "sizes": []
                                        },
                                        "description_typography_font_weight": "600",
                                        "description_typography_text_transform": "none",
                                        "description_typography_line_height": {
                                            "unit": "em",
                                            "size": 1.25,
                                            "sizes": []
                                        },
                                        "description_typography_letter_spacing": {
                                            "unit": "em",
                                            "size": -0.0299999999999999988897769753748434595763683319091796875,
                                            "sizes": []
                                        },
                                        "description_typography_word_spacing": {
                                            "unit": "em",
                                            "size": "",
                                            "sizes": []
                                        },
                                        "description_color": "#1F1F1F",
                                        "button_padding": {
                                            "unit": "px",
                                            "top": "0",
                                            "right": "0",
                                            "bottom": "0",
                                            "left": "0",
                                            "isLinked": true
                                        },
                                        "button_color": "#1F1F1F",
                                        "button_bg_color": "#C9F31D00",
                                        "button_bg_color_hover": "#00000000",
                                        "icon_button": {
                                            "value": "fas fa-arrow-right",
                                            "library": "fa-solid"
                                        },
                                        "button_icon_spacer": {
                                            "unit": "px",
                                            "size": "",
                                            "sizes": []
                                        },
                                        "__globals__": {
                                            "title_typography_typography": "globals\/typography?id=text",
                                            "title_color": "globals\/colors?id=5badb30",
                                            "title_color_hover": "globals\/colors?id=5badb30",
                                            "description_typography_typography": "globals\/typography?id=9ef8ece",
                                            "description_color": "globals\/colors?id=5badb30",
                                            "image_overlay_background_color": "",
                                            "button_bg_color": "",
                                            "button_color": "globals\/colors?id=5badb30",
                                            "button_color_hover": "globals\/colors?id=5badb30"
                                        },
                                        "image_scale_hover": {
                                            "0": 1,
                                            "unit": "px",
                                            "size": 1.100000000000000088817841970012523233890533447265625,
                                            "sizes": []
                                        }
                                    },
                                    "elements": [],
                                    "isInner": false,
                                    "widgetType": "tfimagebox",
                                    "elType": "widget"
                                }
                            ],
                            "isInner": true,
                            "elType": "container"
                        },
                        {
                            "id": "7d56196b",
                            "settings": {
                                "content_width": "full",
                                "width": {
                                    "unit": "%",
                                    "size": 33.332999999999998408384271897375583648681640625,
                                    "sizes": []
                                },
                                "flex_gap": {
                                    "column": "30",
                                    "row": "30",
                                    "isLinked": true,
                                    "unit": "px",
                                    "size": 30
                                }
                            },
                            "elements": [
                                {
                                    "id": "2ada5578",
                                    "settings": {
                                        "image": {
                                            "url": "https:\/\/themesflat.com\/noxfoliokit\/wp-content\/uploads\/2023\/10\/Image-1-4.jpg",
                                            "id": 339,
                                            "size": "",
                                            "alt": "",
                                            "source": "library"
                                        },
                                        "title": "Product Design",
                                        "description": "Mobile Application Design",
                                        "button_text": "",
                                        "wrap_align": "left",
                                        "image_overlay_background_color": "#C9F31D99",
                                        "image_overlay_effect": "fade-in-up",
                                        "content_style": "style-2",
                                        "content_margin": {
                                            "unit": "em",
                                            "top": "11",
                                            "right": "0",
                                            "bottom": "0",
                                            "left": "1",
                                            "isLinked": false
                                        },
                                        "content_margin_laptop": {
                                            "unit": "em",
                                            "top": "10",
                                            "right": "0",
                                            "bottom": "0",
                                            "left": "1.5",
                                            "isLinked": false
                                        },
                                        "content_margin_tablet_extra": {
                                            "unit": "em",
                                            "top": "8",
                                            "right": "0",
                                            "bottom": "0",
                                            "left": "1.5",
                                            "isLinked": false
                                        },
                                        "content_margin_tablet": {
                                            "unit": "em",
                                            "top": "0",
                                            "right": "0",
                                            "bottom": "0",
                                            "left": "0",
                                            "isLinked": false
                                        },
                                        "content_margin_mobile_extra": {
                                            "unit": "em",
                                            "top": "",
                                            "right": "",
                                            "bottom": "",
                                            "left": "",
                                            "isLinked": true
                                        },
                                        "content_margin_mobile": {
                                            "unit": "em",
                                            "top": "",
                                            "right": "",
                                            "bottom": "",
                                            "left": "",
                                            "isLinked": true
                                        },
                                        "wrap_heading": "h2",
                                        "title_typography_typography": "custom",
                                        "title_typography_font_family": "Inter",
                                        "title_typography_font_size": {
                                            "unit": "px",
                                            "size": 16,
                                            "sizes": []
                                        },
                                        "title_typography_font_weight": "400",
                                        "title_typography_text_transform": "none",
                                        "title_typography_line_height": {
                                            "unit": "em",
                                            "size": 1.875,
                                            "sizes": []
                                        },
                                        "title_typography_letter_spacing": {
                                            "unit": "px",
                                            "size": 0,
                                            "sizes": []
                                        },
                                        "title_color": "#1F1F1F",
                                        "title_color_hover": "#1F1F1F",
                                        "description_typography_typography": "custom",
                                        "description_typography_font_family": "DM Sans",
                                        "description_typography_font_size": {
                                            "unit": "px",
                                            "size": 24,
                                            "sizes": []
                                        },
                                        "description_typography_font_weight": "600",
                                        "description_typography_text_transform": "none",
                                        "description_typography_line_height": {
                                            "unit": "em",
                                            "size": 1.25,
                                            "sizes": []
                                        },
                                        "description_typography_letter_spacing": {
                                            "unit": "em",
                                            "size": -0.0299999999999999988897769753748434595763683319091796875,
                                            "sizes": []
                                        },
                                        "description_typography_word_spacing": {
                                            "unit": "em",
                                            "size": "",
                                            "sizes": []
                                        },
                                        "description_color": "#1F1F1F",
                                        "button_padding": {
                                            "unit": "px",
                                            "top": "0",
                                            "right": "0",
                                            "bottom": "0",
                                            "left": "0",
                                            "isLinked": true
                                        },
                                        "button_color": "#1F1F1F",
                                        "button_bg_color": "#C9F31D00",
                                        "button_bg_color_hover": "#00000000",
                                        "icon_button": {
                                            "value": "fas fa-arrow-right",
                                            "library": "fa-solid"
                                        },
                                        "button_icon_spacer": {
                                            "unit": "px",
                                            "size": "",
                                            "sizes": []
                                        },
                                        "__globals__": {
                                            "title_typography_typography": "globals\/typography?id=text",
                                            "title_color": "globals\/colors?id=5badb30",
                                            "title_color_hover": "globals\/colors?id=5badb30",
                                            "description_typography_typography": "globals\/typography?id=9ef8ece",
                                            "description_color": "globals\/colors?id=5badb30",
                                            "image_overlay_background_color": "",
                                            "button_bg_color": "",
                                            "button_color": "globals\/colors?id=5badb30",
                                            "button_color_hover": "globals\/colors?id=5badb30"
                                        },
                                        "image_scale_hover": {
                                            "0": 1,
                                            "unit": "px",
                                            "size": 1.100000000000000088817841970012523233890533447265625,
                                            "sizes": []
                                        }
                                    },
                                    "elements": [],
                                    "isInner": false,
                                    "widgetType": "tfimagebox",
                                    "elType": "widget"
                                },
                                {
                                    "id": "652a0894",
                                    "settings": {
                                        "image": {
                                            "url": "https:\/\/themesflat.com\/noxfoliokit\/wp-content\/uploads\/2023\/10\/Image-4-2.jpg",
                                            "id": 336,
                                            "size": "",
                                            "alt": "",
                                            "source": "library"
                                        },
                                        "title": "Product Design",
                                        "description": "Mobile Application Design",
                                        "button_text": "",
                                        "wrap_align": "left",
                                        "image_overlay_background_color": "#C9F31D99",
                                        "image_overlay_effect": "fade-in-up",
                                        "content_style": "style-2",
                                        "content_margin": {
                                            "unit": "em",
                                            "top": "20",
                                            "right": "0",
                                            "bottom": "0",
                                            "left": "1.5",
                                            "isLinked": false
                                        },
                                        "content_margin_laptop": {
                                            "unit": "em",
                                            "top": "",
                                            "right": "",
                                            "bottom": "",
                                            "left": "",
                                            "isLinked": true
                                        },
                                        "content_margin_tablet_extra": {
                                            "unit": "em",
                                            "top": "17",
                                            "right": "0",
                                            "bottom": "0",
                                            "left": "1.5",
                                            "isLinked": false
                                        },
                                        "content_margin_tablet": {
                                            "unit": "em",
                                            "top": "0",
                                            "right": "0",
                                            "bottom": "0",
                                            "left": "0",
                                            "isLinked": false
                                        },
                                        "content_margin_mobile_extra": {
                                            "unit": "em",
                                            "top": "",
                                            "right": "",
                                            "bottom": "",
                                            "left": "",
                                            "isLinked": true
                                        },
                                        "content_margin_mobile": {
                                            "unit": "em",
                                            "top": "",
                                            "right": "",
                                            "bottom": "",
                                            "left": "",
                                            "isLinked": true
                                        },
                                        "wrap_heading": "h2",
                                        "title_typography_typography": "custom",
                                        "title_typography_font_family": "Inter",
                                        "title_typography_font_size": {
                                            "unit": "px",
                                            "size": 16,
                                            "sizes": []
                                        },
                                        "title_typography_font_weight": "400",
                                        "title_typography_text_transform": "none",
                                        "title_typography_line_height": {
                                            "unit": "em",
                                            "size": 1.875,
                                            "sizes": []
                                        },
                                        "title_typography_letter_spacing": {
                                            "unit": "px",
                                            "size": 0,
                                            "sizes": []
                                        },
                                        "title_color": "#1F1F1F",
                                        "title_color_hover": "#1F1F1F",
                                        "description_typography_typography": "custom",
                                        "description_typography_font_family": "DM Sans",
                                        "description_typography_font_size": {
                                            "unit": "px",
                                            "size": 24,
                                            "sizes": []
                                        },
                                        "description_typography_font_weight": "600",
                                        "description_typography_text_transform": "none",
                                        "description_typography_line_height": {
                                            "unit": "em",
                                            "size": 1.25,
                                            "sizes": []
                                        },
                                        "description_typography_letter_spacing": {
                                            "unit": "em",
                                            "size": -0.0299999999999999988897769753748434595763683319091796875,
                                            "sizes": []
                                        },
                                        "description_typography_word_spacing": {
                                            "unit": "em",
                                            "size": "",
                                            "sizes": []
                                        },
                                        "description_color": "#1F1F1F",
                                        "button_padding": {
                                            "unit": "px",
                                            "top": "0",
                                            "right": "0",
                                            "bottom": "0",
                                            "left": "0",
                                            "isLinked": true
                                        },
                                        "button_color": "#1F1F1F",
                                        "button_bg_color": "#C9F31D00",
                                        "button_bg_color_hover": "#00000000",
                                        "icon_button": {
                                            "value": "fas fa-arrow-right",
                                            "library": "fa-solid"
                                        },
                                        "button_icon_spacer": {
                                            "unit": "px",
                                            "size": "",
                                            "sizes": []
                                        },
                                        "__globals__": {
                                            "title_typography_typography": "globals\/typography?id=text",
                                            "title_color": "globals\/colors?id=5badb30",
                                            "title_color_hover": "globals\/colors?id=5badb30",
                                            "description_typography_typography": "globals\/typography?id=9ef8ece",
                                            "description_color": "globals\/colors?id=5badb30",
                                            "image_overlay_background_color": "",
                                            "button_bg_color": "",
                                            "button_color": "globals\/colors?id=5badb30",
                                            "button_color_hover": "globals\/colors?id=5badb30"
                                        },
                                        "image_scale_hover": {
                                            "0": 1,
                                            "unit": "px",
                                            "size": 1.100000000000000088817841970012523233890533447265625,
                                            "sizes": []
                                        }
                                    },
                                    "elements": [],
                                    "isInner": false,
                                    "widgetType": "tfimagebox",
                                    "elType": "widget"
                                },
                                {
                                    "id": "26a24222",
                                    "settings": {
                                        "image": {
                                            "url": "https:\/\/themesflat.com\/noxfoliokit\/wp-content\/uploads\/2023\/10\/Image-7.jpg",
                                            "id": 333,
                                            "size": "",
                                            "alt": "",
                                            "source": "library"
                                        },
                                        "title": "Product Design",
                                        "description": "Mobile Application Design",
                                        "button_text": "",
                                        "wrap_align": "left",
                                        "image_overlay_background_color": "#C9F31D99",
                                        "image_overlay_effect": "fade-in-up",
                                        "content_style": "style-2",
                                        "content_margin": {
                                            "unit": "em",
                                            "top": "20",
                                            "right": "0",
                                            "bottom": "0",
                                            "left": "1.5",
                                            "isLinked": false
                                        },
                                        "content_margin_laptop": {
                                            "unit": "em",
                                            "top": "",
                                            "right": "",
                                            "bottom": "",
                                            "left": "",
                                            "isLinked": true
                                        },
                                        "content_margin_tablet_extra": {
                                            "unit": "em",
                                            "top": "17",
                                            "right": "0",
                                            "bottom": "0",
                                            "left": "1.5",
                                            "isLinked": false
                                        },
                                        "content_margin_tablet": {
                                            "unit": "em",
                                            "top": "0",
                                            "right": "0",
                                            "bottom": "0",
                                            "left": "0",
                                            "isLinked": false
                                        },
                                        "content_margin_mobile_extra": {
                                            "unit": "em",
                                            "top": "",
                                            "right": "",
                                            "bottom": "",
                                            "left": "",
                                            "isLinked": true
                                        },
                                        "content_margin_mobile": {
                                            "unit": "em",
                                            "top": "",
                                            "right": "",
                                            "bottom": "",
                                            "left": "",
                                            "isLinked": true
                                        },
                                        "wrap_heading": "h2",
                                        "title_typography_typography": "custom",
                                        "title_typography_font_family": "Inter",
                                        "title_typography_font_size": {
                                            "unit": "px",
                                            "size": 16,
                                            "sizes": []
                                        },
                                        "title_typography_font_weight": "400",
                                        "title_typography_text_transform": "none",
                                        "title_typography_line_height": {
                                            "unit": "em",
                                            "size": 1.875,
                                            "sizes": []
                                        },
                                        "title_typography_letter_spacing": {
                                            "unit": "px",
                                            "size": 0,
                                            "sizes": []
                                        },
                                        "title_color": "#1F1F1F",
                                        "title_color_hover": "#1F1F1F",
                                        "description_typography_typography": "custom",
                                        "description_typography_font_family": "DM Sans",
                                        "description_typography_font_size": {
                                            "unit": "px",
                                            "size": 24,
                                            "sizes": []
                                        },
                                        "description_typography_font_weight": "600",
                                        "description_typography_text_transform": "none",
                                        "description_typography_line_height": {
                                            "unit": "em",
                                            "size": 1.25,
                                            "sizes": []
                                        },
                                        "description_typography_letter_spacing": {
                                            "unit": "em",
                                            "size": -0.0299999999999999988897769753748434595763683319091796875,
                                            "sizes": []
                                        },
                                        "description_typography_word_spacing": {
                                            "unit": "em",
                                            "size": "",
                                            "sizes": []
                                        },
                                        "description_color": "#1F1F1F",
                                        "button_padding": {
                                            "unit": "px",
                                            "top": "0",
                                            "right": "0",
                                            "bottom": "0",
                                            "left": "0",
                                            "isLinked": true
                                        },
                                        "button_color": "#1F1F1F",
                                        "button_bg_color": "#C9F31D00",
                                        "button_bg_color_hover": "#00000000",
                                        "icon_button": {
                                            "value": "fas fa-arrow-right",
                                            "library": "fa-solid"
                                        },
                                        "button_icon_spacer": {
                                            "unit": "px",
                                            "size": "",
                                            "sizes": []
                                        },
                                        "__globals__": {
                                            "title_typography_typography": "globals\/typography?id=text",
                                            "title_color": "globals\/colors?id=5badb30",
                                            "title_color_hover": "globals\/colors?id=5badb30",
                                            "description_typography_typography": "globals\/typography?id=9ef8ece",
                                            "description_color": "globals\/colors?id=5badb30",
                                            "image_overlay_background_color": "",
                                            "button_bg_color": "",
                                            "button_color": "globals\/colors?id=5badb30",
                                            "button_color_hover": "globals\/colors?id=5badb30"
                                        },
                                        "image_scale_hover": {
                                            "0": 1,
                                            "unit": "px",
                                            "size": 1.100000000000000088817841970012523233890533447265625,
                                            "sizes": []
                                        }
                                    },
                                    "elements": [],
                                    "isInner": false,
                                    "widgetType": "tfimagebox",
                                    "elType": "widget"
                                }
                            ],
                            "isInner": true,
                            "elType": "container"
                        },
                        {
                            "id": "15d4d657",
                            "settings": {
                                "content_width": "full",
                                "width": {
                                    "unit": "%",
                                    "size": 33.332999999999998408384271897375583648681640625,
                                    "sizes": []
                                },
                                "flex_gap": {
                                    "column": "30",
                                    "row": "30",
                                    "isLinked": true,
                                    "unit": "px",
                                    "size": 30
                                }
                            },
                            "elements": [
                                {
                                    "id": "7f4d9144",
                                    "settings": {
                                        "image": {
                                            "url": "https:\/\/themesflat.com\/noxfoliokit\/wp-content\/uploads\/2023\/10\/Image-2-2.jpg",
                                            "id": 338,
                                            "size": "",
                                            "alt": "",
                                            "source": "library"
                                        },
                                        "title": "Product Design",
                                        "description": "Mobile Application Design",
                                        "button_text": "",
                                        "wrap_align": "left",
                                        "image_overlay_background_color": "#C9F31D99",
                                        "image_overlay_effect": "fade-in-up",
                                        "content_style": "style-2",
                                        "content_margin": {
                                            "unit": "em",
                                            "top": "16",
                                            "right": "0",
                                            "bottom": "0",
                                            "left": "1.5",
                                            "isLinked": false
                                        },
                                        "content_margin_laptop": {
                                            "unit": "em",
                                            "top": "",
                                            "right": "",
                                            "bottom": "",
                                            "left": "",
                                            "isLinked": true
                                        },
                                        "content_margin_tablet_extra": {
                                            "unit": "em",
                                            "top": "13",
                                            "right": "0",
                                            "bottom": "0",
                                            "left": "1.5",
                                            "isLinked": false
                                        },
                                        "content_margin_tablet": {
                                            "unit": "em",
                                            "top": "0",
                                            "right": "0",
                                            "bottom": "0",
                                            "left": "0",
                                            "isLinked": false
                                        },
                                        "content_margin_mobile_extra": {
                                            "unit": "em",
                                            "top": "",
                                            "right": "",
                                            "bottom": "",
                                            "left": "",
                                            "isLinked": true
                                        },
                                        "content_margin_mobile": {
                                            "unit": "em",
                                            "top": "",
                                            "right": "",
                                            "bottom": "",
                                            "left": "",
                                            "isLinked": true
                                        },
                                        "wrap_heading": "h2",
                                        "title_typography_typography": "custom",
                                        "title_typography_font_family": "Inter",
                                        "title_typography_font_size": {
                                            "unit": "px",
                                            "size": 16,
                                            "sizes": []
                                        },
                                        "title_typography_font_weight": "400",
                                        "title_typography_text_transform": "none",
                                        "title_typography_line_height": {
                                            "unit": "em",
                                            "size": 1.875,
                                            "sizes": []
                                        },
                                        "title_typography_letter_spacing": {
                                            "unit": "px",
                                            "size": 0,
                                            "sizes": []
                                        },
                                        "title_color": "#1F1F1F",
                                        "title_color_hover": "#1F1F1F",
                                        "description_typography_typography": "custom",
                                        "description_typography_font_family": "DM Sans",
                                        "description_typography_font_size": {
                                            "unit": "px",
                                            "size": 24,
                                            "sizes": []
                                        },
                                        "description_typography_font_weight": "600",
                                        "description_typography_text_transform": "none",
                                        "description_typography_line_height": {
                                            "unit": "em",
                                            "size": 1.25,
                                            "sizes": []
                                        },
                                        "description_typography_letter_spacing": {
                                            "unit": "em",
                                            "size": -0.0299999999999999988897769753748434595763683319091796875,
                                            "sizes": []
                                        },
                                        "description_typography_word_spacing": {
                                            "unit": "em",
                                            "size": "",
                                            "sizes": []
                                        },
                                        "description_color": "#1F1F1F",
                                        "button_padding": {
                                            "unit": "px",
                                            "top": "0",
                                            "right": "0",
                                            "bottom": "0",
                                            "left": "0",
                                            "isLinked": true
                                        },
                                        "button_color": "#1F1F1F",
                                        "button_bg_color": "#C9F31D00",
                                        "button_bg_color_hover": "#00000000",
                                        "icon_button": {
                                            "value": "fas fa-arrow-right",
                                            "library": "fa-solid"
                                        },
                                        "button_icon_spacer": {
                                            "unit": "px",
                                            "size": "",
                                            "sizes": []
                                        },
                                        "__globals__": {
                                            "title_typography_typography": "globals\/typography?id=text",
                                            "title_color": "globals\/colors?id=5badb30",
                                            "title_color_hover": "globals\/colors?id=5badb30",
                                            "description_typography_typography": "globals\/typography?id=9ef8ece",
                                            "description_color": "globals\/colors?id=5badb30",
                                            "image_overlay_background_color": "",
                                            "button_bg_color": "",
                                            "button_color": "globals\/colors?id=5badb30",
                                            "button_color_hover": "globals\/colors?id=5badb30"
                                        },
                                        "image_scale_hover": {
                                            "0": 1,
                                            "unit": "px",
                                            "size": 1.100000000000000088817841970012523233890533447265625,
                                            "sizes": []
                                        }
                                    },
                                    "elements": [],
                                    "isInner": false,
                                    "widgetType": "tfimagebox",
                                    "elType": "widget"
                                },
                                {
                                    "id": "604c556f",
                                    "settings": {
                                        "image": {
                                            "url": "https:\/\/themesflat.com\/noxfoliokit\/wp-content\/uploads\/2023\/10\/Image-5-2.jpg",
                                            "id": 335,
                                            "size": "",
                                            "alt": "",
                                            "source": "library"
                                        },
                                        "title": "Product Design",
                                        "description": "Mobile Application Design",
                                        "button_text": "",
                                        "wrap_align": "left",
                                        "image_overlay_background_color": "#C9F31D99",
                                        "image_overlay_effect": "fade-in-up",
                                        "content_style": "style-2",
                                        "content_margin": {
                                            "unit": "em",
                                            "top": "11",
                                            "right": "0",
                                            "bottom": "0",
                                            "left": "1",
                                            "isLinked": false
                                        },
                                        "content_margin_laptop": {
                                            "unit": "em",
                                            "top": "10",
                                            "right": "0",
                                            "bottom": "0",
                                            "left": "1.5",
                                            "isLinked": false
                                        },
                                        "content_margin_tablet_extra": {
                                            "unit": "em",
                                            "top": "8",
                                            "right": "0",
                                            "bottom": "0",
                                            "left": "1.5",
                                            "isLinked": false
                                        },
                                        "content_margin_tablet": {
                                            "unit": "em",
                                            "top": "0",
                                            "right": "0",
                                            "bottom": "0",
                                            "left": "0",
                                            "isLinked": false
                                        },
                                        "content_margin_mobile_extra": {
                                            "unit": "em",
                                            "top": "",
                                            "right": "",
                                            "bottom": "",
                                            "left": "",
                                            "isLinked": true
                                        },
                                        "content_margin_mobile": {
                                            "unit": "em",
                                            "top": "",
                                            "right": "",
                                            "bottom": "",
                                            "left": "",
                                            "isLinked": true
                                        },
                                        "wrap_heading": "h2",
                                        "title_typography_typography": "custom",
                                        "title_typography_font_family": "Inter",
                                        "title_typography_font_size": {
                                            "unit": "px",
                                            "size": 16,
                                            "sizes": []
                                        },
                                        "title_typography_font_weight": "400",
                                        "title_typography_text_transform": "none",
                                        "title_typography_line_height": {
                                            "unit": "em",
                                            "size": 1.875,
                                            "sizes": []
                                        },
                                        "title_typography_letter_spacing": {
                                            "unit": "px",
                                            "size": 0,
                                            "sizes": []
                                        },
                                        "title_color": "#1F1F1F",
                                        "title_color_hover": "#1F1F1F",
                                        "description_typography_typography": "custom",
                                        "description_typography_font_family": "DM Sans",
                                        "description_typography_font_size": {
                                            "unit": "px",
                                            "size": 24,
                                            "sizes": []
                                        },
                                        "description_typography_font_weight": "600",
                                        "description_typography_text_transform": "none",
                                        "description_typography_line_height": {
                                            "unit": "em",
                                            "size": 1.25,
                                            "sizes": []
                                        },
                                        "description_typography_letter_spacing": {
                                            "unit": "em",
                                            "size": -0.0299999999999999988897769753748434595763683319091796875,
                                            "sizes": []
                                        },
                                        "description_typography_word_spacing": {
                                            "unit": "em",
                                            "size": "",
                                            "sizes": []
                                        },
                                        "description_color": "#1F1F1F",
                                        "button_padding": {
                                            "unit": "px",
                                            "top": "0",
                                            "right": "0",
                                            "bottom": "0",
                                            "left": "0",
                                            "isLinked": true
                                        },
                                        "button_color": "#1F1F1F",
                                        "button_bg_color": "#C9F31D00",
                                        "button_bg_color_hover": "#00000000",
                                        "icon_button": {
                                            "value": "fas fa-arrow-right",
                                            "library": "fa-solid"
                                        },
                                        "button_icon_spacer": {
                                            "unit": "px",
                                            "size": "",
                                            "sizes": []
                                        },
                                        "__globals__": {
                                            "title_typography_typography": "globals\/typography?id=text",
                                            "title_color": "globals\/colors?id=5badb30",
                                            "title_color_hover": "globals\/colors?id=5badb30",
                                            "description_typography_typography": "globals\/typography?id=9ef8ece",
                                            "description_color": "globals\/colors?id=5badb30",
                                            "image_overlay_background_color": "",
                                            "button_bg_color": "",
                                            "button_color": "globals\/colors?id=5badb30",
                                            "button_color_hover": "globals\/colors?id=5badb30"
                                        },
                                        "image_scale_hover": {
                                            "0": 1,
                                            "unit": "px",
                                            "size": 1.100000000000000088817841970012523233890533447265625,
                                            "sizes": []
                                        }
                                    },
                                    "elements": [],
                                    "isInner": false,
                                    "widgetType": "tfimagebox",
                                    "elType": "widget"
                                },
                                {
                                    "id": "3bc76e23",
                                    "settings": {
                                        "image": {
                                            "url": "https:\/\/themesflat.com\/noxfoliokit\/wp-content\/uploads\/2023\/10\/Image-8.jpg",
                                            "id": 332,
                                            "size": "",
                                            "alt": "",
                                            "source": "library"
                                        },
                                        "title": "Product Design",
                                        "description": "Mobile Application Design",
                                        "button_text": "",
                                        "wrap_align": "left",
                                        "image_overlay_background_color": "#C9F31D99",
                                        "image_overlay_effect": "fade-in-up",
                                        "content_style": "style-2",
                                        "content_margin": {
                                            "unit": "em",
                                            "top": "16",
                                            "right": "0",
                                            "bottom": "0",
                                            "left": "1.5",
                                            "isLinked": false
                                        },
                                        "content_margin_laptop": {
                                            "unit": "em",
                                            "top": "",
                                            "right": "",
                                            "bottom": "",
                                            "left": "",
                                            "isLinked": true
                                        },
                                        "content_margin_tablet_extra": {
                                            "unit": "em",
                                            "top": "13",
                                            "right": "0",
                                            "bottom": "0",
                                            "left": "1.5",
                                            "isLinked": false
                                        },
                                        "content_margin_tablet": {
                                            "unit": "em",
                                            "top": "0",
                                            "right": "0",
                                            "bottom": "0",
                                            "left": "0",
                                            "isLinked": false
                                        },
                                        "content_margin_mobile_extra": {
                                            "unit": "em",
                                            "top": "",
                                            "right": "",
                                            "bottom": "",
                                            "left": "",
                                            "isLinked": true
                                        },
                                        "content_margin_mobile": {
                                            "unit": "em",
                                            "top": "",
                                            "right": "",
                                            "bottom": "",
                                            "left": "",
                                            "isLinked": true
                                        },
                                        "wrap_heading": "h2",
                                        "title_typography_typography": "custom",
                                        "title_typography_font_family": "Inter",
                                        "title_typography_font_size": {
                                            "unit": "px",
                                            "size": 16,
                                            "sizes": []
                                        },
                                        "title_typography_font_weight": "400",
                                        "title_typography_text_transform": "none",
                                        "title_typography_line_height": {
                                            "unit": "em",
                                            "size": 1.875,
                                            "sizes": []
                                        },
                                        "title_typography_letter_spacing": {
                                            "unit": "px",
                                            "size": 0,
                                            "sizes": []
                                        },
                                        "title_color": "#1F1F1F",
                                        "title_color_hover": "#1F1F1F",
                                        "description_typography_typography": "custom",
                                        "description_typography_font_family": "DM Sans",
                                        "description_typography_font_size": {
                                            "unit": "px",
                                            "size": 24,
                                            "sizes": []
                                        },
                                        "description_typography_font_weight": "600",
                                        "description_typography_text_transform": "none",
                                        "description_typography_line_height": {
                                            "unit": "em",
                                            "size": 1.25,
                                            "sizes": []
                                        },
                                        "description_typography_letter_spacing": {
                                            "unit": "em",
                                            "size": -0.0299999999999999988897769753748434595763683319091796875,
                                            "sizes": []
                                        },
                                        "description_typography_word_spacing": {
                                            "unit": "em",
                                            "size": "",
                                            "sizes": []
                                        },
                                        "description_color": "#1F1F1F",
                                        "button_padding": {
                                            "unit": "px",
                                            "top": "0",
                                            "right": "0",
                                            "bottom": "0",
                                            "left": "0",
                                            "isLinked": true
                                        },
                                        "button_color": "#1F1F1F",
                                        "button_bg_color": "#C9F31D00",
                                        "button_bg_color_hover": "#00000000",
                                        "icon_button": {
                                            "value": "fas fa-arrow-right",
                                            "library": "fa-solid"
                                        },
                                        "button_icon_spacer": {
                                            "unit": "px",
                                            "size": "",
                                            "sizes": []
                                        },
                                        "__globals__": {
                                            "title_typography_typography": "globals\/typography?id=text",
                                            "title_color": "globals\/colors?id=5badb30",
                                            "title_color_hover": "globals\/colors?id=5badb30",
                                            "description_typography_typography": "globals\/typography?id=9ef8ece",
                                            "description_color": "globals\/colors?id=5badb30",
                                            "image_overlay_background_color": "",
                                            "button_bg_color": "",
                                            "button_color": "globals\/colors?id=5badb30",
                                            "button_color_hover": "globals\/colors?id=5badb30"
                                        },
                                        "image_scale_hover": {
                                            "0": 1,
                                            "unit": "px",
                                            "size": 1.100000000000000088817841970012523233890533447265625,
                                            "sizes": []
                                        }
                                    },
                                    "elements": [],
                                    "isInner": false,
                                    "widgetType": "tfimagebox",
                                    "elType": "widget"
                                }
                            ],
                            "isInner": true,
                            "elType": "container"
                        }
                    ],
                    "isInner": true,
                    "elType": "container"
                }
            ],
            "isInner": false,
            "elType": "container"
        }
    ]
}