{
    "version": "0.4",
    "title": "Template Tab 01 Project Grid View",
    "type": "section",
    "metadata": {
        "template_type": "section-portfolio",
        "include_in_zip": "1",
        "elementor_pro_required": null,
        "wp_page_template": "elementor_canvas"
    },
    "content": [
        {
            "id": "7863354b",
            "settings": {
                "flex_direction": "column",
                "flex_gap": {
                    "column": "60",
                    "row": "60",
                    "isLinked": true,
                    "unit": "px",
                    "size": 60
                }
            },
            "elements": [
                {
                    "id": "2c3d9ee2",
                    "settings": {
                        "flex_direction": "row",
                        "flex_gap": {
                            "column": "30",
                            "row": "30",
                            "isLinked": true,
                            "unit": "px",
                            "size": 30
                        }
                    },
                    "elements": [
                        {
                            "id": "b0baf6a",
                            "settings": {
                                "content_width": "full",
                                "width": {
                                    "unit": "%",
                                    "size": 50,
                                    "sizes": []
                                },
                                "flex_gap": {
                                    "column": "30",
                                    "row": "30",
                                    "isLinked": true,
                                    "unit": "px",
                                    "size": 30
                                },
                                "flex_gap_mobile": {
                                    "column": "15",
                                    "row": "15",
                                    "isLinked": true,
                                    "unit": "px",
                                    "size": 15
                                }
                            },
                            "elements": [
                                {
                                    "id": "6b9b56c8",
                                    "settings": {
                                        "image": {
                                            "url": "https:\/\/themesflat.com\/noxfoliokit\/wp-content\/uploads\/2023\/10\/Image-5.jpg",
                                            "id": 263,
                                            "size": "",
                                            "alt": "",
                                            "source": "library"
                                        },
                                        "title": "",
                                        "description": "",
                                        "button_text": "",
                                        "image_overlay_background_color": "#1F1F1FA6",
                                        "content_style": "style-2",
                                        "button_padding": {
                                            "unit": "px",
                                            "top": "20",
                                            "right": "25",
                                            "bottom": "20",
                                            "left": "25",
                                            "isLinked": false
                                        },
                                        "button_padding_mobile": {
                                            "unit": "px",
                                            "top": "17",
                                            "right": "22",
                                            "bottom": "17",
                                            "left": "22",
                                            "isLinked": false
                                        },
                                        "button_margin": {
                                            "unit": "em",
                                            "top": "14",
                                            "right": "0",
                                            "bottom": "0",
                                            "left": "0",
                                            "isLinked": false
                                        },
                                        "button_margin_laptop": {
                                            "unit": "em",
                                            "top": "",
                                            "right": "",
                                            "bottom": "",
                                            "left": "",
                                            "isLinked": true
                                        },
                                        "button_margin_tablet_extra": {
                                            "unit": "em",
                                            "top": "13",
                                            "right": "0",
                                            "bottom": "0",
                                            "left": "0",
                                            "isLinked": false
                                        },
                                        "button_margin_tablet": {
                                            "unit": "em",
                                            "top": "8",
                                            "right": "0",
                                            "bottom": "0",
                                            "left": "0",
                                            "isLinked": false
                                        },
                                        "button_margin_mobile_extra": {
                                            "unit": "em",
                                            "top": "",
                                            "right": "",
                                            "bottom": "",
                                            "left": "",
                                            "isLinked": true
                                        },
                                        "button_margin_mobile": {
                                            "unit": "em",
                                            "top": "",
                                            "right": "",
                                            "bottom": "",
                                            "left": "",
                                            "isLinked": true
                                        },
                                        "button_color": "#1F1F1F",
                                        "button_bg_color": "#C9F31D",
                                        "button_border_radius": {
                                            "unit": "%",
                                            "top": "100",
                                            "right": "100",
                                            "bottom": "100",
                                            "left": "100",
                                            "isLinked": true
                                        },
                                        "button_color_hover": "#1F1F1F",
                                        "button_bg_color_hover": "#C9F31D",
                                        "icon_button": {
                                            "value": "fas fa-arrow-right",
                                            "library": "fa-solid"
                                        },
                                        "button_icon_size": {
                                            "unit": "px",
                                            "size": 18,
                                            "sizes": []
                                        },
                                        "button_icon_spacer": {
                                            "unit": "px",
                                            "size": "",
                                            "sizes": []
                                        },
                                        "__globals__": {
                                            "button_bg_color": "globals\/colors?id=secondary",
                                            "button_color": "globals\/colors?id=5badb30",
                                            "button_bg_color_hover": "globals\/colors?id=secondary",
                                            "button_color_hover": "globals\/colors?id=5badb30",
                                            "image_overlay_background_color": ""
                                        },
                                        "image_scale_hover": {
                                            "0": 1,
                                            "unit": "px",
                                            "size": 1.100000000000000088817841970012523233890533447265625,
                                            "sizes": []
                                        },
                                        "image_overlay_effect": "fade-in-up"
                                    },
                                    "elements": [],
                                    "isInner": false,
                                    "widgetType": "tfimagebox",
                                    "elType": "widget"
                                },
                                {
                                    "id": "5afccdc",
                                    "settings": {
                                        "flex_gap": {
                                            "column": "8",
                                            "row": "8",
                                            "isLinked": true,
                                            "unit": "px",
                                            "size": 8
                                        },
                                        "margin": {
                                            "unit": "px",
                                            "top": "0",
                                            "right": "0",
                                            "bottom": "0",
                                            "left": "0",
                                            "isLinked": false
                                        },
                                        "padding": {
                                            "unit": "px",
                                            "top": "0",
                                            "right": "50",
                                            "bottom": "0",
                                            "left": "50",
                                            "isLinked": false
                                        },
                                        "padding_tablet": {
                                            "unit": "px",
                                            "top": "0",
                                            "right": "30",
                                            "bottom": "0",
                                            "left": "30",
                                            "isLinked": false
                                        }
                                    },
                                    "elements": [
                                        {
                                            "id": "312a646b",
                                            "settings": {
                                                "title": "Product Design",
                                                "__globals__": {
                                                    "title_color": "globals\/colors?id=secondary",
                                                    "typography_typography": "globals\/typography?id=text"
                                                }
                                            },
                                            "elements": [],
                                            "isInner": false,
                                            "widgetType": "heading",
                                            "elType": "widget"
                                        },
                                        {
                                            "id": "415f467b",
                                            "settings": {
                                                "title": "Mobile Application Design",
                                                "header_size": "h3",
                                                "title_color": "#C9F31D",
                                                "typography_typography": "custom",
                                                "typography_font_family": "DM Sans",
                                                "typography_font_size": {
                                                    "unit": "px",
                                                    "size": 30,
                                                    "sizes": []
                                                },
                                                "typography_font_weight": "500",
                                                "typography_text_transform": "none",
                                                "typography_line_height": {
                                                    "unit": "em",
                                                    "size": 1.302000000000000046185277824406512081623077392578125,
                                                    "sizes": []
                                                },
                                                "typography_letter_spacing": {
                                                    "unit": "em",
                                                    "size": -0.0299999999999999988897769753748434595763683319091796875,
                                                    "sizes": []
                                                },
                                                "typography_word_spacing": {
                                                    "unit": "em",
                                                    "size": "",
                                                    "sizes": []
                                                },
                                                "__globals__": {
                                                    "title_color": "globals\/colors?id=primary",
                                                    "typography_typography": ""
                                                }
                                            },
                                            "elements": [],
                                            "isInner": false,
                                            "widgetType": "heading",
                                            "elType": "widget"
                                        }
                                    ],
                                    "isInner": true,
                                    "elType": "container"
                                }
                            ],
                            "isInner": true,
                            "elType": "container"
                        },
                        {
                            "id": "c738706",
                            "settings": {
                                "content_width": "full",
                                "width": {
                                    "unit": "%",
                                    "size": 50,
                                    "sizes": []
                                },
                                "flex_gap": {
                                    "column": "30",
                                    "row": "30",
                                    "isLinked": true,
                                    "unit": "px",
                                    "size": 30
                                },
                                "flex_gap_mobile": {
                                    "column": "15",
                                    "row": "15",
                                    "isLinked": true,
                                    "unit": "px",
                                    "size": 15
                                }
                            },
                            "elements": [
                                {
                                    "id": "baf93e6",
                                    "settings": {
                                        "image": {
                                            "url": "https:\/\/themesflat.com\/noxfoliokit\/wp-content\/uploads\/2023\/10\/Image-1-3.jpg",
                                            "id": 268,
                                            "size": "",
                                            "alt": "",
                                            "source": "library"
                                        },
                                        "title": "",
                                        "description": "",
                                        "button_text": "",
                                        "image_overlay_background_color": "#1F1F1FA6",
                                        "content_style": "style-2",
                                        "button_padding": {
                                            "unit": "px",
                                            "top": "20",
                                            "right": "25",
                                            "bottom": "20",
                                            "left": "25",
                                            "isLinked": false
                                        },
                                        "button_padding_mobile": {
                                            "unit": "px",
                                            "top": "17",
                                            "right": "22",
                                            "bottom": "17",
                                            "left": "22",
                                            "isLinked": false
                                        },
                                        "button_margin": {
                                            "unit": "em",
                                            "top": "14",
                                            "right": "0",
                                            "bottom": "0",
                                            "left": "0",
                                            "isLinked": false
                                        },
                                        "button_margin_laptop": {
                                            "unit": "em",
                                            "top": "",
                                            "right": "",
                                            "bottom": "",
                                            "left": "",
                                            "isLinked": true
                                        },
                                        "button_margin_tablet_extra": {
                                            "unit": "em",
                                            "top": "13",
                                            "right": "0",
                                            "bottom": "0",
                                            "left": "0",
                                            "isLinked": false
                                        },
                                        "button_margin_tablet": {
                                            "unit": "em",
                                            "top": "8",
                                            "right": "0",
                                            "bottom": "0",
                                            "left": "0",
                                            "isLinked": false
                                        },
                                        "button_margin_mobile_extra": {
                                            "unit": "em",
                                            "top": "",
                                            "right": "",
                                            "bottom": "",
                                            "left": "",
                                            "isLinked": true
                                        },
                                        "button_margin_mobile": {
                                            "unit": "em",
                                            "top": "",
                                            "right": "",
                                            "bottom": "",
                                            "left": "",
                                            "isLinked": true
                                        },
                                        "button_color": "#1F1F1F",
                                        "button_bg_color": "#C9F31D",
                                        "button_border_radius": {
                                            "unit": "%",
                                            "top": "100",
                                            "right": "100",
                                            "bottom": "100",
                                            "left": "100",
                                            "isLinked": true
                                        },
                                        "button_color_hover": "#1F1F1F",
                                        "button_bg_color_hover": "#C9F31D",
                                        "icon_button": {
                                            "value": "fas fa-arrow-right",
                                            "library": "fa-solid"
                                        },
                                        "button_icon_size": {
                                            "unit": "px",
                                            "size": 18,
                                            "sizes": []
                                        },
                                        "button_icon_spacer": {
                                            "unit": "px",
                                            "size": "",
                                            "sizes": []
                                        },
                                        "__globals__": {
                                            "button_bg_color": "globals\/colors?id=secondary",
                                            "button_color": "globals\/colors?id=5badb30",
                                            "button_bg_color_hover": "globals\/colors?id=secondary",
                                            "button_color_hover": "globals\/colors?id=5badb30",
                                            "image_overlay_background_color": ""
                                        },
                                        "image_scale_hover": {
                                            "0": 1,
                                            "unit": "px",
                                            "size": 1.100000000000000088817841970012523233890533447265625,
                                            "sizes": []
                                        },
                                        "image_overlay_effect": "fade-in-up"
                                    },
                                    "elements": [],
                                    "isInner": false,
                                    "widgetType": "tfimagebox",
                                    "elType": "widget"
                                },
                                {
                                    "id": "26fb292a",
                                    "settings": {
                                        "flex_gap": {
                                            "column": "8",
                                            "row": "8",
                                            "isLinked": true,
                                            "unit": "px",
                                            "size": 8
                                        },
                                        "margin": {
                                            "unit": "px",
                                            "top": "0",
                                            "right": "0",
                                            "bottom": "0",
                                            "left": "0",
                                            "isLinked": false
                                        },
                                        "padding": {
                                            "unit": "px",
                                            "top": "0",
                                            "right": "50",
                                            "bottom": "0",
                                            "left": "50",
                                            "isLinked": false
                                        },
                                        "padding_tablet": {
                                            "unit": "px",
                                            "top": "0",
                                            "right": "30",
                                            "bottom": "0",
                                            "left": "30",
                                            "isLinked": false
                                        }
                                    },
                                    "elements": [
                                        {
                                            "id": "46bd0ab2",
                                            "settings": {
                                                "title": "Product Design",
                                                "__globals__": {
                                                    "title_color": "globals\/colors?id=secondary",
                                                    "typography_typography": "globals\/typography?id=text"
                                                }
                                            },
                                            "elements": [],
                                            "isInner": false,
                                            "widgetType": "heading",
                                            "elType": "widget"
                                        },
                                        {
                                            "id": "432dcbdc",
                                            "settings": {
                                                "title": "Website Makeup Design",
                                                "header_size": "h3",
                                                "title_color": "#C9F31D",
                                                "typography_typography": "custom",
                                                "typography_font_family": "DM Sans",
                                                "typography_font_size": {
                                                    "unit": "px",
                                                    "size": 30,
                                                    "sizes": []
                                                },
                                                "typography_font_weight": "500",
                                                "typography_text_transform": "none",
                                                "typography_line_height": {
                                                    "unit": "em",
                                                    "size": 1.302000000000000046185277824406512081623077392578125,
                                                    "sizes": []
                                                },
                                                "typography_letter_spacing": {
                                                    "unit": "em",
                                                    "size": -0.0299999999999999988897769753748434595763683319091796875,
                                                    "sizes": []
                                                },
                                                "typography_word_spacing": {
                                                    "unit": "em",
                                                    "size": "",
                                                    "sizes": []
                                                },
                                                "__globals__": {
                                                    "title_color": "globals\/colors?id=primary",
                                                    "typography_typography": ""
                                                }
                                            },
                                            "elements": [],
                                            "isInner": false,
                                            "widgetType": "heading",
                                            "elType": "widget"
                                        }
                                    ],
                                    "isInner": true,
                                    "elType": "container"
                                }
                            ],
                            "isInner": true,
                            "elType": "container"
                        }
                    ],
                    "isInner": true,
                    "elType": "container"
                },
                {
                    "id": "117507ad",
                    "settings": {
                        "flex_direction": "row",
                        "flex_gap": {
                            "column": "30",
                            "row": "30",
                            "isLinked": true,
                            "unit": "px",
                            "size": 30
                        }
                    },
                    "elements": [
                        {
                            "id": "4b58c414",
                            "settings": {
                                "content_width": "full",
                                "width": {
                                    "unit": "%",
                                    "size": 50,
                                    "sizes": []
                                },
                                "flex_gap": {
                                    "column": "30",
                                    "row": "30",
                                    "isLinked": true,
                                    "unit": "px",
                                    "size": 30
                                },
                                "flex_gap_mobile": {
                                    "column": "15",
                                    "row": "15",
                                    "isLinked": true,
                                    "unit": "px",
                                    "size": 15
                                }
                            },
                            "elements": [
                                {
                                    "id": "c6b8d17",
                                    "settings": {
                                        "image": {
                                            "url": "https:\/\/themesflat.com\/noxfoliokit\/wp-content\/uploads\/2023\/10\/Image-2-1.jpg",
                                            "id": 267,
                                            "size": "",
                                            "alt": "",
                                            "source": "library"
                                        },
                                        "title": "",
                                        "description": "",
                                        "button_text": "",
                                        "image_overlay_background_color": "#1F1F1FA6",
                                        "content_style": "style-2",
                                        "button_padding": {
                                            "unit": "px",
                                            "top": "20",
                                            "right": "25",
                                            "bottom": "20",
                                            "left": "25",
                                            "isLinked": false
                                        },
                                        "button_padding_mobile": {
                                            "unit": "px",
                                            "top": "17",
                                            "right": "22",
                                            "bottom": "17",
                                            "left": "22",
                                            "isLinked": false
                                        },
                                        "button_margin": {
                                            "unit": "em",
                                            "top": "14",
                                            "right": "0",
                                            "bottom": "0",
                                            "left": "0",
                                            "isLinked": false
                                        },
                                        "button_margin_laptop": {
                                            "unit": "em",
                                            "top": "",
                                            "right": "",
                                            "bottom": "",
                                            "left": "",
                                            "isLinked": true
                                        },
                                        "button_margin_tablet_extra": {
                                            "unit": "em",
                                            "top": "13",
                                            "right": "0",
                                            "bottom": "0",
                                            "left": "0",
                                            "isLinked": false
                                        },
                                        "button_margin_tablet": {
                                            "unit": "em",
                                            "top": "8",
                                            "right": "0",
                                            "bottom": "0",
                                            "left": "0",
                                            "isLinked": false
                                        },
                                        "button_margin_mobile_extra": {
                                            "unit": "em",
                                            "top": "",
                                            "right": "",
                                            "bottom": "",
                                            "left": "",
                                            "isLinked": true
                                        },
                                        "button_margin_mobile": {
                                            "unit": "em",
                                            "top": "",
                                            "right": "",
                                            "bottom": "",
                                            "left": "",
                                            "isLinked": true
                                        },
                                        "button_color": "#1F1F1F",
                                        "button_bg_color": "#C9F31D",
                                        "button_border_radius": {
                                            "unit": "%",
                                            "top": "100",
                                            "right": "100",
                                            "bottom": "100",
                                            "left": "100",
                                            "isLinked": true
                                        },
                                        "button_color_hover": "#1F1F1F",
                                        "button_bg_color_hover": "#C9F31D",
                                        "icon_button": {
                                            "value": "fas fa-arrow-right",
                                            "library": "fa-solid"
                                        },
                                        "button_icon_size": {
                                            "unit": "px",
                                            "size": 18,
                                            "sizes": []
                                        },
                                        "button_icon_spacer": {
                                            "unit": "px",
                                            "size": "",
                                            "sizes": []
                                        },
                                        "__globals__": {
                                            "button_bg_color": "globals\/colors?id=secondary",
                                            "button_color": "globals\/colors?id=5badb30",
                                            "button_bg_color_hover": "globals\/colors?id=secondary",
                                            "button_color_hover": "globals\/colors?id=5badb30",
                                            "image_overlay_background_color": ""
                                        },
                                        "image_scale_hover": {
                                            "0": 1,
                                            "unit": "px",
                                            "size": 1.100000000000000088817841970012523233890533447265625,
                                            "sizes": []
                                        },
                                        "image_overlay_effect": "fade-in-up"
                                    },
                                    "elements": [],
                                    "isInner": false,
                                    "widgetType": "tfimagebox",
                                    "elType": "widget"
                                },
                                {
                                    "id": "e75f5ac",
                                    "settings": {
                                        "flex_gap": {
                                            "column": "8",
                                            "row": "8",
                                            "isLinked": true,
                                            "unit": "px",
                                            "size": 8
                                        },
                                        "margin": {
                                            "unit": "px",
                                            "top": "0",
                                            "right": "0",
                                            "bottom": "0",
                                            "left": "0",
                                            "isLinked": false
                                        },
                                        "padding": {
                                            "unit": "px",
                                            "top": "0",
                                            "right": "50",
                                            "bottom": "0",
                                            "left": "50",
                                            "isLinked": false
                                        },
                                        "padding_tablet": {
                                            "unit": "px",
                                            "top": "0",
                                            "right": "30",
                                            "bottom": "0",
                                            "left": "30",
                                            "isLinked": false
                                        }
                                    },
                                    "elements": [
                                        {
                                            "id": "4e8f80de",
                                            "settings": {
                                                "title": "Graphics Design",
                                                "__globals__": {
                                                    "title_color": "globals\/colors?id=secondary",
                                                    "typography_typography": "globals\/typography?id=text"
                                                }
                                            },
                                            "elements": [],
                                            "isInner": false,
                                            "widgetType": "heading",
                                            "elType": "widget"
                                        },
                                        {
                                            "id": "76500b46",
                                            "settings": {
                                                "title": "Brand Identity and Motion Design",
                                                "header_size": "h3",
                                                "title_color": "#C9F31D",
                                                "typography_typography": "custom",
                                                "typography_font_family": "DM Sans",
                                                "typography_font_size": {
                                                    "unit": "px",
                                                    "size": 30,
                                                    "sizes": []
                                                },
                                                "typography_font_weight": "500",
                                                "typography_text_transform": "none",
                                                "typography_line_height": {
                                                    "unit": "em",
                                                    "size": 1.302000000000000046185277824406512081623077392578125,
                                                    "sizes": []
                                                },
                                                "typography_letter_spacing": {
                                                    "unit": "em",
                                                    "size": -0.0299999999999999988897769753748434595763683319091796875,
                                                    "sizes": []
                                                },
                                                "typography_word_spacing": {
                                                    "unit": "em",
                                                    "size": "",
                                                    "sizes": []
                                                },
                                                "__globals__": {
                                                    "title_color": "globals\/colors?id=primary",
                                                    "typography_typography": ""
                                                }
                                            },
                                            "elements": [],
                                            "isInner": false,
                                            "widgetType": "heading",
                                            "elType": "widget"
                                        }
                                    ],
                                    "isInner": true,
                                    "elType": "container"
                                }
                            ],
                            "isInner": true,
                            "elType": "container"
                        },
                        {
                            "id": "7b8af6bc",
                            "settings": {
                                "content_width": "full",
                                "width": {
                                    "unit": "%",
                                    "size": 50,
                                    "sizes": []
                                },
                                "flex_gap": {
                                    "column": "30",
                                    "row": "30",
                                    "isLinked": true,
                                    "unit": "px",
                                    "size": 30
                                },
                                "flex_gap_mobile": {
                                    "column": "15",
                                    "row": "15",
                                    "isLinked": true,
                                    "unit": "px",
                                    "size": 15
                                }
                            },
                            "elements": [
                                {
                                    "id": "450a2d4b",
                                    "settings": {
                                        "image": {
                                            "url": "https:\/\/themesflat.com\/noxfoliokit\/wp-content\/uploads\/2023\/10\/Image-3-1.jpg",
                                            "id": 266,
                                            "size": "",
                                            "alt": "",
                                            "source": "library"
                                        },
                                        "title": "",
                                        "description": "",
                                        "button_text": "",
                                        "image_overlay_background_color": "#1F1F1FA6",
                                        "content_style": "style-2",
                                        "button_padding": {
                                            "unit": "px",
                                            "top": "20",
                                            "right": "25",
                                            "bottom": "20",
                                            "left": "25",
                                            "isLinked": false
                                        },
                                        "button_padding_mobile": {
                                            "unit": "px",
                                            "top": "17",
                                            "right": "22",
                                            "bottom": "17",
                                            "left": "22",
                                            "isLinked": false
                                        },
                                        "button_margin": {
                                            "unit": "em",
                                            "top": "14",
                                            "right": "0",
                                            "bottom": "0",
                                            "left": "0",
                                            "isLinked": false
                                        },
                                        "button_margin_laptop": {
                                            "unit": "em",
                                            "top": "",
                                            "right": "",
                                            "bottom": "",
                                            "left": "",
                                            "isLinked": true
                                        },
                                        "button_margin_tablet_extra": {
                                            "unit": "em",
                                            "top": "13",
                                            "right": "0",
                                            "bottom": "0",
                                            "left": "0",
                                            "isLinked": false
                                        },
                                        "button_margin_tablet": {
                                            "unit": "em",
                                            "top": "8",
                                            "right": "0",
                                            "bottom": "0",
                                            "left": "0",
                                            "isLinked": false
                                        },
                                        "button_margin_mobile_extra": {
                                            "unit": "em",
                                            "top": "",
                                            "right": "",
                                            "bottom": "",
                                            "left": "",
                                            "isLinked": true
                                        },
                                        "button_margin_mobile": {
                                            "unit": "em",
                                            "top": "",
                                            "right": "",
                                            "bottom": "",
                                            "left": "",
                                            "isLinked": true
                                        },
                                        "button_color": "#1F1F1F",
                                        "button_bg_color": "#C9F31D",
                                        "button_border_radius": {
                                            "unit": "%",
                                            "top": "100",
                                            "right": "100",
                                            "bottom": "100",
                                            "left": "100",
                                            "isLinked": true
                                        },
                                        "button_color_hover": "#1F1F1F",
                                        "button_bg_color_hover": "#C9F31D",
                                        "icon_button": {
                                            "value": "fas fa-arrow-right",
                                            "library": "fa-solid"
                                        },
                                        "button_icon_size": {
                                            "unit": "px",
                                            "size": 18,
                                            "sizes": []
                                        },
                                        "button_icon_spacer": {
                                            "unit": "px",
                                            "size": "",
                                            "sizes": []
                                        },
                                        "__globals__": {
                                            "button_bg_color": "globals\/colors?id=secondary",
                                            "button_color": "globals\/colors?id=5badb30",
                                            "button_bg_color_hover": "globals\/colors?id=secondary",
                                            "button_color_hover": "globals\/colors?id=5badb30",
                                            "image_overlay_background_color": ""
                                        },
                                        "image_scale_hover": {
                                            "0": 1,
                                            "unit": "px",
                                            "size": 1.100000000000000088817841970012523233890533447265625,
                                            "sizes": []
                                        },
                                        "image_overlay_effect": "fade-in-up"
                                    },
                                    "elements": [],
                                    "isInner": false,
                                    "widgetType": "tfimagebox",
                                    "elType": "widget"
                                },
                                {
                                    "id": "4618a6f4",
                                    "settings": {
                                        "flex_gap": {
                                            "column": "8",
                                            "row": "8",
                                            "isLinked": true,
                                            "unit": "px",
                                            "size": 8
                                        },
                                        "margin": {
                                            "unit": "px",
                                            "top": "0",
                                            "right": "0",
                                            "bottom": "0",
                                            "left": "0",
                                            "isLinked": false
                                        },
                                        "padding": {
                                            "unit": "px",
                                            "top": "0",
                                            "right": "50",
                                            "bottom": "0",
                                            "left": "50",
                                            "isLinked": false
                                        },
                                        "padding_tablet": {
                                            "unit": "px",
                                            "top": "0",
                                            "right": "30",
                                            "bottom": "0",
                                            "left": "30",
                                            "isLinked": false
                                        }
                                    },
                                    "elements": [
                                        {
                                            "id": "c003b47",
                                            "settings": {
                                                "title": "Product Design",
                                                "__globals__": {
                                                    "title_color": "globals\/colors?id=secondary",
                                                    "typography_typography": "globals\/typography?id=text"
                                                }
                                            },
                                            "elements": [],
                                            "isInner": false,
                                            "widgetType": "heading",
                                            "elType": "widget"
                                        },
                                        {
                                            "id": "7e86daf0",
                                            "settings": {
                                                "title": "Mobile Application Design",
                                                "header_size": "h3",
                                                "title_color": "#C9F31D",
                                                "typography_typography": "custom",
                                                "typography_font_family": "DM Sans",
                                                "typography_font_size": {
                                                    "unit": "px",
                                                    "size": 30,
                                                    "sizes": []
                                                },
                                                "typography_font_weight": "500",
                                                "typography_text_transform": "none",
                                                "typography_line_height": {
                                                    "unit": "em",
                                                    "size": 1.302000000000000046185277824406512081623077392578125,
                                                    "sizes": []
                                                },
                                                "typography_letter_spacing": {
                                                    "unit": "em",
                                                    "size": -0.0299999999999999988897769753748434595763683319091796875,
                                                    "sizes": []
                                                },
                                                "typography_word_spacing": {
                                                    "unit": "em",
                                                    "size": "",
                                                    "sizes": []
                                                },
                                                "__globals__": {
                                                    "title_color": "globals\/colors?id=primary",
                                                    "typography_typography": ""
                                                }
                                            },
                                            "elements": [],
                                            "isInner": false,
                                            "widgetType": "heading",
                                            "elType": "widget"
                                        }
                                    ],
                                    "isInner": true,
                                    "elType": "container"
                                }
                            ],
                            "isInner": true,
                            "elType": "container"
                        }
                    ],
                    "isInner": true,
                    "elType": "container"
                },
                {
                    "id": "6b73926f",
                    "settings": {
                        "flex_direction": "row",
                        "flex_gap": {
                            "column": "30",
                            "row": "30",
                            "isLinked": true,
                            "unit": "px",
                            "size": 30
                        }
                    },
                    "elements": [
                        {
                            "id": "691db65f",
                            "settings": {
                                "content_width": "full",
                                "width": {
                                    "unit": "%",
                                    "size": 50,
                                    "sizes": []
                                },
                                "flex_gap": {
                                    "column": "30",
                                    "row": "30",
                                    "isLinked": true,
                                    "unit": "px",
                                    "size": 30
                                },
                                "flex_gap_mobile": {
                                    "column": "15",
                                    "row": "15",
                                    "isLinked": true,
                                    "unit": "px",
                                    "size": 15
                                }
                            },
                            "elements": [
                                {
                                    "id": "383891de",
                                    "settings": {
                                        "image": {
                                            "url": "https:\/\/themesflat.com\/noxfoliokit\/wp-content\/uploads\/2023\/10\/Image-4-1.jpg",
                                            "id": 265,
                                            "size": "",
                                            "alt": "",
                                            "source": "library"
                                        },
                                        "title": "",
                                        "description": "",
                                        "button_text": "",
                                        "image_overlay_background_color": "#1F1F1FA6",
                                        "content_style": "style-2",
                                        "button_padding": {
                                            "unit": "px",
                                            "top": "20",
                                            "right": "25",
                                            "bottom": "20",
                                            "left": "25",
                                            "isLinked": false
                                        },
                                        "button_padding_mobile": {
                                            "unit": "px",
                                            "top": "17",
                                            "right": "22",
                                            "bottom": "17",
                                            "left": "22",
                                            "isLinked": false
                                        },
                                        "button_margin": {
                                            "unit": "em",
                                            "top": "14",
                                            "right": "0",
                                            "bottom": "0",
                                            "left": "0",
                                            "isLinked": false
                                        },
                                        "button_margin_laptop": {
                                            "unit": "em",
                                            "top": "",
                                            "right": "",
                                            "bottom": "",
                                            "left": "",
                                            "isLinked": true
                                        },
                                        "button_margin_tablet_extra": {
                                            "unit": "em",
                                            "top": "13",
                                            "right": "0",
                                            "bottom": "0",
                                            "left": "0",
                                            "isLinked": false
                                        },
                                        "button_margin_tablet": {
                                            "unit": "em",
                                            "top": "8",
                                            "right": "0",
                                            "bottom": "0",
                                            "left": "0",
                                            "isLinked": false
                                        },
                                        "button_margin_mobile_extra": {
                                            "unit": "em",
                                            "top": "",
                                            "right": "",
                                            "bottom": "",
                                            "left": "",
                                            "isLinked": true
                                        },
                                        "button_margin_mobile": {
                                            "unit": "em",
                                            "top": "",
                                            "right": "",
                                            "bottom": "",
                                            "left": "",
                                            "isLinked": true
                                        },
                                        "button_color": "#1F1F1F",
                                        "button_bg_color": "#C9F31D",
                                        "button_border_radius": {
                                            "unit": "%",
                                            "top": "100",
                                            "right": "100",
                                            "bottom": "100",
                                            "left": "100",
                                            "isLinked": true
                                        },
                                        "button_color_hover": "#1F1F1F",
                                        "button_bg_color_hover": "#C9F31D",
                                        "icon_button": {
                                            "value": "fas fa-arrow-right",
                                            "library": "fa-solid"
                                        },
                                        "button_icon_size": {
                                            "unit": "px",
                                            "size": 18,
                                            "sizes": []
                                        },
                                        "button_icon_spacer": {
                                            "unit": "px",
                                            "size": "",
                                            "sizes": []
                                        },
                                        "__globals__": {
                                            "button_bg_color": "globals\/colors?id=secondary",
                                            "button_color": "globals\/colors?id=5badb30",
                                            "button_bg_color_hover": "globals\/colors?id=secondary",
                                            "button_color_hover": "globals\/colors?id=5badb30",
                                            "image_overlay_background_color": ""
                                        },
                                        "image_scale_hover": {
                                            "0": 1,
                                            "unit": "px",
                                            "size": 1.100000000000000088817841970012523233890533447265625,
                                            "sizes": []
                                        },
                                        "image_overlay_effect": "fade-in-up"
                                    },
                                    "elements": [],
                                    "isInner": false,
                                    "widgetType": "tfimagebox",
                                    "elType": "widget"
                                },
                                {
                                    "id": "5e236410",
                                    "settings": {
                                        "flex_gap": {
                                            "column": "8",
                                            "row": "8",
                                            "isLinked": true,
                                            "unit": "px",
                                            "size": 8
                                        },
                                        "margin": {
                                            "unit": "px",
                                            "top": "0",
                                            "right": "0",
                                            "bottom": "0",
                                            "left": "0",
                                            "isLinked": false
                                        },
                                        "padding": {
                                            "unit": "px",
                                            "top": "0",
                                            "right": "50",
                                            "bottom": "0",
                                            "left": "50",
                                            "isLinked": false
                                        },
                                        "padding_tablet": {
                                            "unit": "px",
                                            "top": "0",
                                            "right": "30",
                                            "bottom": "0",
                                            "left": "30",
                                            "isLinked": false
                                        }
                                    },
                                    "elements": [
                                        {
                                            "id": "299ddbd5",
                                            "settings": {
                                                "title": "Design & Branding",
                                                "__globals__": {
                                                    "title_color": "globals\/colors?id=secondary",
                                                    "typography_typography": "globals\/typography?id=text"
                                                }
                                            },
                                            "elements": [],
                                            "isInner": false,
                                            "widgetType": "heading",
                                            "elType": "widget"
                                        },
                                        {
                                            "id": "33756a42",
                                            "settings": {
                                                "title": "Creative Graphics Design",
                                                "header_size": "h3",
                                                "title_color": "#C9F31D",
                                                "typography_typography": "custom",
                                                "typography_font_family": "DM Sans",
                                                "typography_font_size": {
                                                    "unit": "px",
                                                    "size": 30,
                                                    "sizes": []
                                                },
                                                "typography_font_weight": "500",
                                                "typography_text_transform": "none",
                                                "typography_line_height": {
                                                    "unit": "em",
                                                    "size": 1.302000000000000046185277824406512081623077392578125,
                                                    "sizes": []
                                                },
                                                "typography_letter_spacing": {
                                                    "unit": "em",
                                                    "size": -0.0299999999999999988897769753748434595763683319091796875,
                                                    "sizes": []
                                                },
                                                "typography_word_spacing": {
                                                    "unit": "em",
                                                    "size": "",
                                                    "sizes": []
                                                },
                                                "__globals__": {
                                                    "title_color": "globals\/colors?id=primary",
                                                    "typography_typography": ""
                                                }
                                            },
                                            "elements": [],
                                            "isInner": false,
                                            "widgetType": "heading",
                                            "elType": "widget"
                                        }
                                    ],
                                    "isInner": true,
                                    "elType": "container"
                                }
                            ],
                            "isInner": true,
                            "elType": "container"
                        },
                        {
                            "id": "798ed549",
                            "settings": {
                                "content_width": "full",
                                "width": {
                                    "unit": "%",
                                    "size": 50,
                                    "sizes": []
                                },
                                "flex_gap": {
                                    "column": "30",
                                    "row": "30",
                                    "isLinked": true,
                                    "unit": "px",
                                    "size": 30
                                },
                                "flex_gap_mobile": {
                                    "column": "15",
                                    "row": "15",
                                    "isLinked": true,
                                    "unit": "px",
                                    "size": 15
                                }
                            },
                            "elements": [
                                {
                                    "id": "396ba3bf",
                                    "settings": {
                                        "image": {
                                            "url": "https:\/\/themesflat.com\/noxfoliokit\/wp-content\/uploads\/2023\/10\/Image-5-1.jpg",
                                            "id": 264,
                                            "size": "",
                                            "alt": "",
                                            "source": "library"
                                        },
                                        "title": "",
                                        "description": "",
                                        "button_text": "",
                                        "image_overlay_background_color": "#1F1F1FA6",
                                        "content_style": "style-2",
                                        "button_padding": {
                                            "unit": "px",
                                            "top": "20",
                                            "right": "25",
                                            "bottom": "20",
                                            "left": "25",
                                            "isLinked": false
                                        },
                                        "button_padding_mobile": {
                                            "unit": "px",
                                            "top": "17",
                                            "right": "22",
                                            "bottom": "17",
                                            "left": "22",
                                            "isLinked": false
                                        },
                                        "button_margin": {
                                            "unit": "em",
                                            "top": "14",
                                            "right": "0",
                                            "bottom": "0",
                                            "left": "0",
                                            "isLinked": false
                                        },
                                        "button_margin_laptop": {
                                            "unit": "em",
                                            "top": "",
                                            "right": "",
                                            "bottom": "",
                                            "left": "",
                                            "isLinked": true
                                        },
                                        "button_margin_tablet_extra": {
                                            "unit": "em",
                                            "top": "13",
                                            "right": "0",
                                            "bottom": "0",
                                            "left": "0",
                                            "isLinked": false
                                        },
                                        "button_margin_tablet": {
                                            "unit": "em",
                                            "top": "8",
                                            "right": "0",
                                            "bottom": "0",
                                            "left": "0",
                                            "isLinked": false
                                        },
                                        "button_margin_mobile_extra": {
                                            "unit": "em",
                                            "top": "",
                                            "right": "",
                                            "bottom": "",
                                            "left": "",
                                            "isLinked": true
                                        },
                                        "button_margin_mobile": {
                                            "unit": "em",
                                            "top": "",
                                            "right": "",
                                            "bottom": "",
                                            "left": "",
                                            "isLinked": true
                                        },
                                        "button_color": "#1F1F1F",
                                        "button_bg_color": "#C9F31D",
                                        "button_border_radius": {
                                            "unit": "%",
                                            "top": "100",
                                            "right": "100",
                                            "bottom": "100",
                                            "left": "100",
                                            "isLinked": true
                                        },
                                        "button_color_hover": "#1F1F1F",
                                        "button_bg_color_hover": "#C9F31D",
                                        "icon_button": {
                                            "value": "fas fa-arrow-right",
                                            "library": "fa-solid"
                                        },
                                        "button_icon_size": {
                                            "unit": "px",
                                            "size": 18,
                                            "sizes": []
                                        },
                                        "button_icon_spacer": {
                                            "unit": "px",
                                            "size": "",
                                            "sizes": []
                                        },
                                        "__globals__": {
                                            "button_bg_color": "globals\/colors?id=secondary",
                                            "button_color": "globals\/colors?id=5badb30",
                                            "button_bg_color_hover": "globals\/colors?id=secondary",
                                            "button_color_hover": "globals\/colors?id=5badb30",
                                            "image_overlay_background_color": ""
                                        },
                                        "image_scale_hover": {
                                            "0": 1,
                                            "unit": "px",
                                            "size": 1.100000000000000088817841970012523233890533447265625,
                                            "sizes": []
                                        },
                                        "image_overlay_effect": "fade-in-up"
                                    },
                                    "elements": [],
                                    "isInner": false,
                                    "widgetType": "tfimagebox",
                                    "elType": "widget"
                                },
                                {
                                    "id": "647a37bf",
                                    "settings": {
                                        "flex_gap": {
                                            "column": "8",
                                            "row": "8",
                                            "isLinked": true,
                                            "unit": "px",
                                            "size": 8
                                        },
                                        "margin": {
                                            "unit": "px",
                                            "top": "0",
                                            "right": "0",
                                            "bottom": "0",
                                            "left": "0",
                                            "isLinked": false
                                        },
                                        "padding": {
                                            "unit": "px",
                                            "top": "0",
                                            "right": "50",
                                            "bottom": "0",
                                            "left": "50",
                                            "isLinked": false
                                        },
                                        "padding_tablet": {
                                            "unit": "px",
                                            "top": "0",
                                            "right": "30",
                                            "bottom": "0",
                                            "left": "30",
                                            "isLinked": false
                                        }
                                    },
                                    "elements": [
                                        {
                                            "id": "606becc2",
                                            "settings": {
                                                "title": "Product Design",
                                                "__globals__": {
                                                    "title_color": "globals\/colors?id=secondary",
                                                    "typography_typography": "globals\/typography?id=text"
                                                }
                                            },
                                            "elements": [],
                                            "isInner": false,
                                            "widgetType": "heading",
                                            "elType": "widget"
                                        },
                                        {
                                            "id": "5b4491ac",
                                            "settings": {
                                                "title": "Design & Branding Mokeup",
                                                "header_size": "h3",
                                                "title_color": "#C9F31D",
                                                "typography_typography": "custom",
                                                "typography_font_family": "DM Sans",
                                                "typography_font_size": {
                                                    "unit": "px",
                                                    "size": 30,
                                                    "sizes": []
                                                },
                                                "typography_font_weight": "500",
                                                "typography_text_transform": "none",
                                                "typography_line_height": {
                                                    "unit": "em",
                                                    "size": 1.302000000000000046185277824406512081623077392578125,
                                                    "sizes": []
                                                },
                                                "typography_letter_spacing": {
                                                    "unit": "em",
                                                    "size": -0.0299999999999999988897769753748434595763683319091796875,
                                                    "sizes": []
                                                },
                                                "typography_word_spacing": {
                                                    "unit": "em",
                                                    "size": "",
                                                    "sizes": []
                                                },
                                                "__globals__": {
                                                    "title_color": "globals\/colors?id=primary",
                                                    "typography_typography": ""
                                                }
                                            },
                                            "elements": [],
                                            "isInner": false,
                                            "widgetType": "heading",
                                            "elType": "widget"
                                        }
                                    ],
                                    "isInner": true,
                                    "elType": "container"
                                }
                            ],
                            "isInner": true,
                            "elType": "container"
                        }
                    ],
                    "isInner": true,
                    "elType": "container"
                }
            ],
            "isInner": false,
            "elType": "container"
        }
    ]
}