{
    "version": "0.4",
    "title": "Template Block 01 Testimonial Home",
    "type": "section",
    "metadata": {
        "template_type": "section-testimonial",
        "include_in_zip": "1",
        "elementor_pro_required": null,
        "wp_page_template": "elementor_canvas"
    },
    "content": [
        {
            "id": "6c8dd64e",
            "settings": {
                "flex_direction": "column"
            },
            "elements": [
                {
                    "id": "7d4da1a2",
                    "settings": {
                        "boxed_width": {
                            "unit": "px",
                            "size": 260,
                            "sizes": []
                        },
                        "background_background": "classic",
                        "border_border": "solid",
                        "border_width": {
                            "unit": "px",
                            "top": "1",
                            "right": "1",
                            "bottom": "1",
                            "left": "1",
                            "isLinked": true
                        },
                        "border_radius": {
                            "unit": "px",
                            "top": "15",
                            "right": "15",
                            "bottom": "15",
                            "left": "15",
                            "isLinked": true
                        },
                        "padding": {
                            "unit": "px",
                            "top": "50",
                            "right": "50",
                            "bottom": "45",
                            "left": "50",
                            "isLinked": false
                        },
                        "__globals__": {
                            "background_color": "globals\/colors?id=29de16a",
                            "border_color": "globals\/colors?id=accent",
                            "background_hover_color": "globals\/colors?id=5badb30"
                        },
                        "boxed_width_mobile": {
                            "unit": "px",
                            "size": 260,
                            "sizes": []
                        },
                        "padding_mobile": {
                            "unit": "em",
                            "top": "2",
                            "right": "2",
                            "bottom": "2",
                            "left": "2",
                            "isLinked": true
                        },
                        "background_hover_background": "classic"
                    },
                    "elements": [
                        {
                            "id": "61865273",
                            "settings": {
                                "flex_align_items": "center"
                            },
                            "elements": [
                                {
                                    "id": "621b177c",
                                    "settings": {
                                        "image": {
                                            "url": "https:\/\/themesflat.com\/noxfoliokit\/wp-content\/uploads\/2023\/10\/testimonial_home-77TEZKB.jpg",
                                            "id": 625,
                                            "size": "",
                                            "alt": "",
                                            "source": "library"
                                        },
                                        "align": "center",
                                        "hover_animation": "grow",
                                        "image_border_radius": {
                                            "unit": "%",
                                            "top": "100",
                                            "right": "100",
                                            "bottom": "100",
                                            "left": "100",
                                            "isLinked": true
                                        },
                                        "image_border_radius_laptop": {
                                            "unit": "%",
                                            "top": "",
                                            "right": "",
                                            "bottom": "",
                                            "left": "",
                                            "isLinked": true
                                        },
                                        "image_border_radius_tablet_extra": {
                                            "unit": "%",
                                            "top": "",
                                            "right": "",
                                            "bottom": "",
                                            "left": "",
                                            "isLinked": true
                                        },
                                        "image_border_radius_tablet": {
                                            "unit": "%",
                                            "top": "",
                                            "right": "",
                                            "bottom": "",
                                            "left": "",
                                            "isLinked": true
                                        },
                                        "image_border_radius_mobile_extra": {
                                            "unit": "%",
                                            "top": "",
                                            "right": "",
                                            "bottom": "",
                                            "left": "",
                                            "isLinked": true
                                        },
                                        "image_border_radius_mobile": {
                                            "unit": "%",
                                            "top": "",
                                            "right": "",
                                            "bottom": "",
                                            "left": "",
                                            "isLinked": true
                                        },
                                        "_element_width": "auto",
                                        "width": {
                                            "unit": "px",
                                            "size": 85,
                                            "sizes": []
                                        },
                                        "width_tablet": {
                                            "unit": "px",
                                            "size": "",
                                            "sizes": []
                                        },
                                        "width_mobile": {
                                            "unit": "px",
                                            "size": "",
                                            "sizes": []
                                        }
                                    },
                                    "elements": [],
                                    "isInner": false,
                                    "widgetType": "image",
                                    "elType": "widget"
                                },
                                {
                                    "id": "6727ed1f",
                                    "settings": {
                                        "image": {
                                            "url": "https:\/\/themesflat.com\/noxfoliokit\/wp-content\/uploads\/2023\/10\/Icon.png",
                                            "id": 124,
                                            "size": "",
                                            "alt": "",
                                            "source": "library"
                                        },
                                        "hover_animation": "grow",
                                        "_element_width": "auto",
                                        "_position": "absolute",
                                        "_offset_x": {
                                            "unit": "%",
                                            "size": 15,
                                            "sizes": []
                                        },
                                        "_offset_x_laptop": {
                                            "unit": "%",
                                            "size": "",
                                            "sizes": []
                                        },
                                        "_offset_x_tablet_extra": {
                                            "unit": "%",
                                            "size": "",
                                            "sizes": []
                                        },
                                        "_offset_x_tablet": {
                                            "unit": "%",
                                            "size": "",
                                            "sizes": []
                                        },
                                        "_offset_x_mobile_extra": {
                                            "unit": "%",
                                            "size": "",
                                            "sizes": []
                                        },
                                        "_offset_x_mobile": {
                                            "unit": "%",
                                            "size": "",
                                            "sizes": []
                                        },
                                        "_offset_y": {
                                            "unit": "%",
                                            "size": 5,
                                            "sizes": []
                                        },
                                        "_offset_y_laptop": {
                                            "unit": "%",
                                            "size": "",
                                            "sizes": []
                                        },
                                        "_offset_y_tablet_extra": {
                                            "unit": "%",
                                            "size": "",
                                            "sizes": []
                                        },
                                        "_offset_y_tablet": {
                                            "unit": "%",
                                            "size": "",
                                            "sizes": []
                                        },
                                        "_offset_y_mobile_extra": {
                                            "unit": "%",
                                            "size": "",
                                            "sizes": []
                                        },
                                        "_offset_y_mobile": {
                                            "unit": "%",
                                            "size": "",
                                            "sizes": []
                                        }
                                    },
                                    "elements": [],
                                    "isInner": false,
                                    "widgetType": "image",
                                    "elType": "widget"
                                }
                            ],
                            "isInner": true,
                            "elType": "container"
                        },
                        {
                            "id": "2669271a",
                            "settings": {
                                "editor": "<p>At vero eoset accusamus et iusto odio dignissimos ducimus quie blanditiis praesentium voluptatum deleniti atque corrupti dolores<\/p>",
                                "align": "center",
                                "_margin": {
                                    "unit": "px",
                                    "top": "0",
                                    "right": "0",
                                    "bottom": "0",
                                    "left": "0",
                                    "isLinked": false
                                },
                                "_padding": {
                                    "unit": "px",
                                    "top": "30",
                                    "right": "0",
                                    "bottom": "0",
                                    "left": "0",
                                    "isLinked": false
                                }
                            },
                            "elements": [],
                            "isInner": false,
                            "widgetType": "text-editor",
                            "elType": "widget"
                        },
                        {
                            "id": "6fa91f8e",
                            "settings": {
                                "title": "Rodolfo E. Shannon",
                                "header_size": "h4",
                                "align": "center",
                                "_margin": {
                                    "unit": "px",
                                    "top": "0",
                                    "right": "0",
                                    "bottom": "0",
                                    "left": "0",
                                    "isLinked": false
                                },
                                "_padding": {
                                    "unit": "px",
                                    "top": "12",
                                    "right": "0",
                                    "bottom": "0",
                                    "left": "0",
                                    "isLinked": false
                                },
                                "__globals__": {
                                    "typography_typography": "globals\/typography?id=beb8695"
                                }
                            },
                            "elements": [],
                            "isInner": false,
                            "widgetType": "heading",
                            "elType": "widget"
                        },
                        {
                            "id": "3180a6ee",
                            "settings": {
                                "title": "CEO & Founder",
                                "header_size": "h5",
                                "align": "center",
                                "__globals__": {
                                    "title_color": "globals\/colors?id=secondary"
                                },
                                "_margin": {
                                    "unit": "px",
                                    "top": "0",
                                    "right": "0",
                                    "bottom": "0",
                                    "left": "0",
                                    "isLinked": false
                                },
                                "_padding": {
                                    "unit": "px",
                                    "top": "10",
                                    "right": "0",
                                    "bottom": "0",
                                    "left": "0",
                                    "isLinked": false
                                }
                            },
                            "elements": [],
                            "isInner": false,
                            "widgetType": "heading",
                            "elType": "widget"
                        }
                    ],
                    "isInner": true,
                    "elType": "container"
                }
            ],
            "isInner": false,
            "elType": "container"
        }
    ]
}