{
    "version": "0.4",
    "title": "Cart",
    "type": "page",
    "metadata": {
        "template_type": "single-page",
        "include_in_zip": "1",
        "elementor_pro_required": "1",
        "wp_page_template": "default"
    },
    "content": [
        {
            "id": "60793478",
            "settings": {
                "padding": {
                    "unit": "px",
                    "top": "190",
                    "right": "0",
                    "bottom": "100",
                    "left": "0",
                    "isLinked": false
                },
                "background_background": "classic",
                "background_overlay_background": "classic",
                "background_overlay_image": {
                    "url": "https:\/\/htmldesigntemplates.com\/portfoly\/wp-content\/uploads\/sites\/28\/2023\/03\/price-shape1.png",
                    "id": 648,
                    "size": "",
                    "alt": "",
                    "source": "library"
                },
                "background_overlay_opacity": {
                    "unit": "px",
                    "size": 1,
                    "sizes": []
                },
                "background_overlay_position": "center center",
                "background_overlay_repeat": "no-repeat",
                "background_overlay_size": "initial",
                "border_border": "none",
                "border_width": {
                    "unit": "px",
                    "top": "0",
                    "right": "0",
                    "bottom": "5",
                    "left": "0",
                    "isLinked": false
                },
                "border_radius": {
                    "unit": "px",
                    "top": "0",
                    "right": "0",
                    "bottom": "0",
                    "left": "0",
                    "isLinked": true
                },
                "margin": {
                    "unit": "px",
                    "top": "-103",
                    "right": 0,
                    "bottom": "0",
                    "left": 0,
                    "isLinked": false
                },
                "__globals__": {
                    "background_color": "globals\/colors?id=7568283",
                    "border_color": "globals\/colors?id=primary"
                },
                "background_overlay_bg_width": {
                    "unit": "%",
                    "size": 60,
                    "sizes": []
                },
                "margin_tablet": {
                    "unit": "px",
                    "top": "-121",
                    "right": 0,
                    "bottom": "0",
                    "left": 0,
                    "isLinked": false
                }
            },
            "elements": [
                {
                    "id": "1cd2dc71",
                    "settings": {
                        "_column_size": 100,
                        "_inline_size": null,
                        "space_between_widgets": 0
                    },
                    "elements": [
                        {
                            "id": "54e5cd3b",
                            "settings": {
                                "view": "inline",
                                "icon_list": [
                                    {
                                        "text": "Home",
                                        "selected_icon": {
                                            "value": "",
                                            "library": ""
                                        },
                                        "_id": "77d28e5"
                                    },
                                    {
                                        "text": "cart List",
                                        "selected_icon": {
                                            "value": "",
                                            "library": ""
                                        },
                                        "_id": "a483e2a"
                                    }
                                ],
                                "icon_align": "center",
                                "divider": "yes",
                                "__globals__": {
                                    "divider_color": "globals\/colors?id=text",
                                    "text_color": "globals\/colors?id=3c2ad25"
                                }
                            },
                            "elements": [],
                            "isInner": false,
                            "widgetType": "icon-list",
                            "elType": "widget"
                        },
                        {
                            "id": "7646a704",
                            "settings": {
                                "ekit_heading_title": "{Cart} Lists",
                                "show_title_border": "",
                                "ekit_heading_sub_title": "Time has changed",
                                "shadow_text_content": "bussiness",
                                "ekit_heading_show_seperator": "",
                                "ekit_heading_seperator_style": "elementskit-border-divider ekit-dotted",
                                "ekit_heading_title_margin": {
                                    "unit": "px",
                                    "top": "0",
                                    "right": "0",
                                    "bottom": "0",
                                    "left": "0",
                                    "isLinked": false
                                },
                                "__globals__": {
                                    "ekit_heading_title_color": "globals\/colors?id=3c2ad25",
                                    "ekit_heading_focused_title_color": "globals\/colors?id=primary",
                                    "ekit_heading_focused_title_typography_typography": "globals\/typography?id=67ace4e",
                                    "ekit_heading_title_typography_typography": "globals\/typography?id=67ace4e",
                                    "ekit_heading_seperator_color": "globals\/colors?id=secondary",
                                    "ekit_heading_focused_title_color_hover": "globals\/colors?id=primary",
                                    "ekit_heading_extra_title_typography_typography": "globals\/typography?id=text",
                                    "ekit_heading_extra_title_color": "globals\/colors?id=3c2ad25",
                                    "ekit_heading_title_color_hover": "globals\/colors?id=3c2ad25",
                                    "ekit_heading_title_text_decoration_color": "globals\/colors?id=primary"
                                },
                                "ekit_heading_seperator_image": {
                                    "id": 51,
                                    "url": "https:\/\/htmldesigntemplates.com\/portfoly\/wp-content\/uploads\/sites\/28\/2023\/03\/placeholder-2.png"
                                },
                                "ekit_heading_section_extra_title_show": "",
                                "ekit_heading_extra_title": "<p>Lorem ipsum dolor sit amet, consetetur sadip scing elitr, sed diam nonumy eirmod ut labore et doloreo magna aliqu lorem ipsum dolor sit amet, consetetur sadip elit sed nonumy eirmod tempor invidunt ut labore et dolor.<\/p><p>Excepteur sint occaecat cupidatat non proident, sunt in culpa qui officia deserunt mollit anim id est laborum.<\/p>",
                                "ekit_heading_title_color": "#17233E",
                                "ekit_heading_focused_title_color": "#FDC703",
                                "ekit_heading_use_title_text_fill": "",
                                "ekit_heading_seperator_color": "#FDC703",
                                "_margin": {
                                    "unit": "%",
                                    "top": "0",
                                    "right": "0",
                                    "bottom": "0",
                                    "left": "0",
                                    "isLinked": true
                                },
                                "_margin_tablet": {
                                    "unit": "%",
                                    "top": "",
                                    "right": "",
                                    "bottom": "",
                                    "left": "",
                                    "isLinked": true
                                },
                                "_margin_mobile": {
                                    "unit": "%",
                                    "top": "0",
                                    "right": "0",
                                    "bottom": "0",
                                    "left": "0",
                                    "isLinked": false
                                },
                                "ekit_heading_title_align_tablet": "text_center",
                                "ekit_heading_title_align_mobile": "text_center",
                                "ekit_heading_title_align": "text_center",
                                "ekit_heading_title_shadow_text_shadow": {
                                    "horizontal": 0,
                                    "vertical": 0,
                                    "blur": 20,
                                    "color": "rgba(255, 255, 255, 0.72)"
                                },
                                "ekit_heading_use_focused_title_bg": "",
                                "_padding": {
                                    "unit": "px",
                                    "top": "0",
                                    "right": "0",
                                    "bottom": "0",
                                    "left": "0",
                                    "isLinked": true
                                },
                                "ekit_heading_title_tag": "h1"
                            },
                            "elements": [],
                            "isInner": false,
                            "widgetType": "elementskit-heading",
                            "elType": "widget"
                        }
                    ],
                    "isInner": false,
                    "elType": "column"
                }
            ],
            "isInner": false,
            "elType": "section"
        },
        {
            "id": "7eb2c363",
            "settings": {
                "padding": {
                    "unit": "px",
                    "top": "110",
                    "right": "0",
                    "bottom": "110",
                    "left": "0",
                    "isLinked": false
                }
            },
            "elements": [
                {
                    "id": "1c93939d",
                    "settings": {
                        "_column_size": 100
                    },
                    "elements": [
                        {
                            "id": "2c1ee6fc",
                            "settings": {
                                "update_cart_button_text": "Update Cart",
                                "apply_coupon_button_text": "Apply coupon",
                                "totals_section_title": "Cart Totals",
                                "update_shipping_button_text": "Update",
                                "checkout_button_text": "Proceed to Checkout",
                                "sections_border_type": "none",
                                "sections_border_width": {
                                    "unit": "px",
                                    "top": "1",
                                    "right": "1",
                                    "bottom": "1",
                                    "left": "1",
                                    "isLinked": true
                                },
                                "sections_border_radius": {
                                    "unit": "px",
                                    "top": "0",
                                    "right": "0",
                                    "bottom": "0",
                                    "left": "0",
                                    "isLinked": true
                                },
                                "sections_padding": {
                                    "unit": "px",
                                    "top": "30",
                                    "right": "30",
                                    "bottom": "30",
                                    "left": "30",
                                    "isLinked": true
                                },
                                "sections_padding_mobile": {
                                    "unit": "px",
                                    "top": "15",
                                    "right": "15",
                                    "bottom": "15",
                                    "left": "15",
                                    "isLinked": true
                                },
                                "forms_fields_border_width": {
                                    "unit": "px",
                                    "top": "1",
                                    "right": "1",
                                    "bottom": "1",
                                    "left": "1",
                                    "isLinked": true
                                },
                                "forms_buttons_normal_background_background": "classic",
                                "forms_buttons_hover_background_background": "classic",
                                "forms_buttons_border_type": "none",
                                "forms_buttons_border_radius": {
                                    "unit": "px",
                                    "top": "0",
                                    "right": "0",
                                    "bottom": "0",
                                    "left": "0",
                                    "isLinked": true
                                },
                                "totals_divider_weight": {
                                    "unit": "px",
                                    "size": 1,
                                    "sizes": []
                                },
                                "checkout_button_normal_background_background": "classic",
                                "checkout_button_hover_background_background": "classic",
                                "checkout_button_border_radius": {
                                    "unit": "px",
                                    "top": "0",
                                    "right": "0",
                                    "bottom": "0",
                                    "left": "0",
                                    "isLinked": true
                                },
                                "__globals__": {
                                    "sections_border_color": "",
                                    "sections_titles_typography_typography": "globals\/typography?id=94485de",
                                    "sections_descriptions_typography_typography": "globals\/typography?id=text",
                                    "links_normal_color": "globals\/colors?id=text",
                                    "forms_field_typography_typography": "globals\/typography?id=text",
                                    "forms_buttons_normal_background_color": "globals\/colors?id=primary",
                                    "forms_buttons_hover_background_color": "globals\/colors?id=secondary",
                                    "forms_buttons_hover_text_color": "globals\/colors?id=3c2ad25",
                                    "forms_buttons_normal_text_color": "globals\/colors?id=3c2ad25",
                                    "forms_button_typography_typography": "globals\/typography?id=accent",
                                    "order_summary_title_typography_typography": "globals\/typography?id=94485de",
                                    "order_summary_title_color": "globals\/colors?id=secondary",
                                    "order_summary_items_typography_typography": "globals\/typography?id=text",
                                    "order_summary_color": "globals\/colors?id=text",
                                    "product_link_normal_color": "globals\/colors?id=text",
                                    "product_link_hover_color": "globals\/colors?id=primary",
                                    "order_summary_items_divider_color": "",
                                    "order_summary_quantity_border_color": "",
                                    "order_summary_remove_icon_normal_color": "globals\/colors?id=primary",
                                    "totals_color": "globals\/colors?id=secondary",
                                    "totals_typography_typography": "globals\/typography?id=cbcd450",
                                    "totals_divider_color": "",
                                    "checkout_button_typography_typography": "globals\/typography?id=accent",
                                    "checkout_button_normal_text_color": "globals\/colors?id=3c2ad25",
                                    "checkout_button_normal_background_color": "globals\/colors?id=primary",
                                    "checkout_button_hover_background_color": "globals\/colors?id=secondary",
                                    "checkout_button_hover_text_color": "globals\/colors?id=3c2ad25",
                                    "forms_fields_border_color": "",
                                    "sections_title_color": "globals\/colors?id=secondary",
                                    "sections_descriptions_color": "globals\/colors?id=text",
                                    "order_summary_remove_icon_hover_color": "globals\/colors?id=primary",
                                    "sections_background_color": "globals\/colors?id=3c2ad25",
                                    "links_hover_color": "globals\/colors?id=primary"
                                },
                                "sections_background_color": "#FFFFFF",
                                "sections_border_color": "#FFFFFF1A",
                                "sections_title_color": "#1D231F",
                                "sections_descriptions_color": "#666666",
                                "links_normal_color": "#666666",
                                "forms_fields_border_color": "#FFFFFF1A",
                                "forms_buttons_normal_text_color": "#FFFFFF",
                                "forms_buttons_normal_background_color": "#E99D36",
                                "forms_buttons_hover_text_color": "#FFFFFF",
                                "forms_buttons_hover_background_color": "#1D231F",
                                "order_summary_title_color": "#1D231F",
                                "order_summary_color": "#666666",
                                "product_link_normal_color": "#666666",
                                "product_link_hover_color": "#E99D36",
                                "order_summary_items_divider_color": "#66666620",
                                "order_summary_quantity_border_color": "#66666620",
                                "order_summary_remove_icon_normal_color": "#E99D36",
                                "totals_color": "#1D231F",
                                "totals_divider_color": "#66666620",
                                "checkout_button_normal_text_color": "#FFFFFF",
                                "checkout_button_normal_background_color": "#E99D36",
                                "checkout_button_hover_text_color": "#FFFFFF",
                                "checkout_button_hover_background_color": "#E99D36",
                                "links_hover_color": "#E99D36",
                                "order_summary_remove_icon_hover_color": "#E99D36"
                            },
                            "elements": [],
                            "isInner": false,
                            "widgetType": "woocommerce-cart",
                            "elType": "widget"
                        }
                    ],
                    "isInner": false,
                    "elType": "column"
                }
            ],
            "isInner": false,
            "elType": "section"
        }
    ]
}