{
    "version": "0.4",
    "title": "Checkout",
    "type": "page",
    "metadata": {
        "template_type": "single-page",
        "include_in_zip": "1",
        "elementor_pro_required": "1",
        "wp_page_template": "default"
    },
    "content": [
        {
            "id": "32b7ec20",
            "settings": {
                "padding": {
                    "unit": "px",
                    "top": "190",
                    "right": "0",
                    "bottom": "100",
                    "left": "0",
                    "isLinked": false
                },
                "background_background": "classic",
                "background_overlay_background": "classic",
                "background_overlay_image": {
                    "url": "https:\/\/htmldesigntemplates.com\/portfoly\/wp-content\/uploads\/sites\/28\/2023\/03\/price-shape1.png",
                    "id": 648,
                    "size": "",
                    "alt": "",
                    "source": "library"
                },
                "background_overlay_opacity": {
                    "unit": "px",
                    "size": 1,
                    "sizes": []
                },
                "background_overlay_position": "center center",
                "background_overlay_repeat": "no-repeat",
                "background_overlay_size": "initial",
                "border_border": "none",
                "border_width": {
                    "unit": "px",
                    "top": "0",
                    "right": "0",
                    "bottom": "5",
                    "left": "0",
                    "isLinked": false
                },
                "border_radius": {
                    "unit": "px",
                    "top": "0",
                    "right": "0",
                    "bottom": "0",
                    "left": "0",
                    "isLinked": true
                },
                "margin": {
                    "unit": "px",
                    "top": "-103",
                    "right": 0,
                    "bottom": "0",
                    "left": 0,
                    "isLinked": false
                },
                "__globals__": {
                    "background_color": "globals\/colors?id=7568283",
                    "border_color": "globals\/colors?id=primary"
                },
                "background_overlay_bg_width": {
                    "unit": "%",
                    "size": 60,
                    "sizes": []
                },
                "margin_tablet": {
                    "unit": "px",
                    "top": "-121",
                    "right": 0,
                    "bottom": "0",
                    "left": 0,
                    "isLinked": false
                }
            },
            "elements": [
                {
                    "id": "7936453a",
                    "settings": {
                        "_column_size": 100,
                        "_inline_size": null,
                        "space_between_widgets": 0
                    },
                    "elements": [
                        {
                            "id": "7d21b682",
                            "settings": {
                                "view": "inline",
                                "icon_list": [
                                    {
                                        "text": "Home",
                                        "selected_icon": {
                                            "value": "",
                                            "library": ""
                                        },
                                        "_id": "77d28e5"
                                    },
                                    {
                                        "text": "Checkout",
                                        "selected_icon": {
                                            "value": "",
                                            "library": ""
                                        },
                                        "_id": "a483e2a"
                                    }
                                ],
                                "icon_align": "center",
                                "divider": "yes",
                                "__globals__": {
                                    "divider_color": "globals\/colors?id=text",
                                    "text_color": "globals\/colors?id=3c2ad25"
                                }
                            },
                            "elements": [],
                            "isInner": false,
                            "widgetType": "icon-list",
                            "elType": "widget"
                        },
                        {
                            "id": "3add4c9",
                            "settings": {
                                "ekit_heading_title": "Checkout",
                                "show_title_border": "",
                                "ekit_heading_sub_title": "Time has changed",
                                "shadow_text_content": "bussiness",
                                "ekit_heading_show_seperator": "",
                                "ekit_heading_seperator_style": "elementskit-border-divider ekit-dotted",
                                "ekit_heading_title_margin": {
                                    "unit": "px",
                                    "top": "0",
                                    "right": "0",
                                    "bottom": "0",
                                    "left": "0",
                                    "isLinked": false
                                },
                                "__globals__": {
                                    "ekit_heading_title_color": "globals\/colors?id=3c2ad25",
                                    "ekit_heading_focused_title_color": "globals\/colors?id=primary",
                                    "ekit_heading_focused_title_typography_typography": "globals\/typography?id=67ace4e",
                                    "ekit_heading_title_typography_typography": "globals\/typography?id=67ace4e",
                                    "ekit_heading_seperator_color": "globals\/colors?id=secondary",
                                    "ekit_heading_focused_title_color_hover": "globals\/colors?id=primary",
                                    "ekit_heading_extra_title_typography_typography": "globals\/typography?id=text",
                                    "ekit_heading_extra_title_color": "globals\/colors?id=3c2ad25",
                                    "ekit_heading_title_color_hover": "globals\/colors?id=3c2ad25",
                                    "ekit_heading_title_text_decoration_color": "globals\/colors?id=primary"
                                },
                                "ekit_heading_seperator_image": {
                                    "id": 51,
                                    "url": "https:\/\/htmldesigntemplates.com\/portfoly\/wp-content\/uploads\/sites\/28\/2023\/03\/placeholder-2.png"
                                },
                                "ekit_heading_section_extra_title_show": "",
                                "ekit_heading_extra_title": "<p>Lorem ipsum dolor sit amet, consetetur sadip scing elitr, sed diam nonumy eirmod ut labore et doloreo magna aliqu lorem ipsum dolor sit amet, consetetur sadip elit sed nonumy eirmod tempor invidunt ut labore et dolor.<\/p><p>Excepteur sint occaecat cupidatat non proident, sunt in culpa qui officia deserunt mollit anim id est laborum.<\/p>",
                                "ekit_heading_title_color": "#17233E",
                                "ekit_heading_focused_title_color": "#FDC703",
                                "ekit_heading_use_title_text_fill": "",
                                "ekit_heading_seperator_color": "#FDC703",
                                "_margin": {
                                    "unit": "%",
                                    "top": "0",
                                    "right": "0",
                                    "bottom": "0",
                                    "left": "0",
                                    "isLinked": true
                                },
                                "_margin_tablet": {
                                    "unit": "%",
                                    "top": "",
                                    "right": "",
                                    "bottom": "",
                                    "left": "",
                                    "isLinked": true
                                },
                                "_margin_mobile": {
                                    "unit": "%",
                                    "top": "0",
                                    "right": "0",
                                    "bottom": "0",
                                    "left": "0",
                                    "isLinked": false
                                },
                                "ekit_heading_title_align_tablet": "text_center",
                                "ekit_heading_title_align_mobile": "text_center",
                                "ekit_heading_title_align": "text_center",
                                "ekit_heading_title_shadow_text_shadow": {
                                    "horizontal": 0,
                                    "vertical": 0,
                                    "blur": 20,
                                    "color": "rgba(255, 255, 255, 0.72)"
                                },
                                "ekit_heading_use_focused_title_bg": "",
                                "_padding": {
                                    "unit": "px",
                                    "top": "0",
                                    "right": "0",
                                    "bottom": "0",
                                    "left": "0",
                                    "isLinked": true
                                },
                                "ekit_heading_title_tag": "h1"
                            },
                            "elements": [],
                            "isInner": false,
                            "widgetType": "elementskit-heading",
                            "elType": "widget"
                        }
                    ],
                    "isInner": false,
                    "elType": "column"
                }
            ],
            "isInner": false,
            "elType": "section"
        },
        {
            "id": "2a9aa4c6",
            "settings": {
                "padding": {
                    "unit": "px",
                    "top": "110",
                    "right": "0",
                    "bottom": "110",
                    "left": "0",
                    "isLinked": false
                }
            },
            "elements": [
                {
                    "id": "3c7a5956",
                    "settings": {
                        "_column_size": 100
                    },
                    "elements": [
                        {
                            "id": "6ab1aa67",
                            "settings": {
                                "billing_details_section_title": "Billing Details",
                                "billing_details_form_fields": [
                                    {
                                        "field_key": "billing_first_name",
                                        "field_label": "First Name",
                                        "label": "First Name",
                                        "placeholder": "First Name",
                                        "_id": "6dc813c"
                                    },
                                    {
                                        "field_key": "billing_last_name",
                                        "field_label": "Last Name",
                                        "label": "Last Name",
                                        "placeholder": "Last Name",
                                        "_id": "7e6a224"
                                    },
                                    {
                                        "field_key": "billing_company",
                                        "field_label": "Company Name",
                                        "label": "Company Name",
                                        "placeholder": "Company Name",
                                        "_id": "9c239f1"
                                    },
                                    {
                                        "field_key": "billing_country",
                                        "field_label": "Country \/ Region",
                                        "label": "Country \/ Region",
                                        "placeholder": "Country \/ Region",
                                        "repeater_state": "locale",
                                        "_id": "8a9a6ed"
                                    },
                                    {
                                        "field_key": "billing_address_1",
                                        "field_label": "Street Address",
                                        "label": "Street Address",
                                        "placeholder": "Street Address",
                                        "repeater_state": "locale",
                                        "_id": "54201e8"
                                    },
                                    {
                                        "field_key": "billing_postcode",
                                        "field_label": "Post Code",
                                        "label": "Post Code",
                                        "placeholder": "Post Code",
                                        "repeater_state": "locale",
                                        "_id": "76f8dd5"
                                    },
                                    {
                                        "field_key": "billing_city",
                                        "field_label": "Town \/ City",
                                        "label": "Town \/ City",
                                        "placeholder": "Town \/ City",
                                        "repeater_state": "locale",
                                        "_id": "1528466"
                                    },
                                    {
                                        "field_key": "billing_state",
                                        "field_label": "State",
                                        "label": "State",
                                        "placeholder": "State",
                                        "repeater_state": "locale",
                                        "_id": "60a2800"
                                    },
                                    {
                                        "field_key": "billing_phone",
                                        "field_label": "Phone",
                                        "label": "Phone",
                                        "placeholder": "Phone",
                                        "_id": "aa327fb"
                                    },
                                    {
                                        "field_key": "billing_email",
                                        "field_label": "Email Address",
                                        "label": "Email Address",
                                        "placeholder": "Email Address",
                                        "_id": "d9874a2"
                                    }
                                ],
                                "additional_information_section_title": "Additional Information",
                                "additional_information_form_fields": [
                                    {
                                        "field_key": "order_comments",
                                        "field_label": "Order Notes",
                                        "label": "Order Notes",
                                        "placeholder": "Notes about your order, e.g. special notes for delivery.",
                                        "_id": "a70e6ba"
                                    }
                                ],
                                "order_summary_section_title": "Your Order",
                                "coupon_section_title_text": "Have a coupon?",
                                "coupon_section_title_link_text": "Click here to enter your coupon code",
                                "terms_conditions_message_text": "I have read and agree to the website",
                                "terms_conditions_link_text": "terms and conditions",
                                "sections_border_type": "none",
                                "sections_border_width": {
                                    "unit": "px",
                                    "top": "1",
                                    "right": "1",
                                    "bottom": "1",
                                    "left": "1",
                                    "isLinked": true
                                },
                                "sections_border_radius": {
                                    "unit": "px",
                                    "top": "0",
                                    "right": "0",
                                    "bottom": "0",
                                    "left": "0",
                                    "isLinked": true
                                },
                                "sections_padding": {
                                    "unit": "px",
                                    "top": "30",
                                    "right": "30",
                                    "bottom": "30",
                                    "left": "30",
                                    "isLinked": true
                                },
                                "forms_fields_border_border": "none",
                                "forms_fields_border_width": {
                                    "unit": "px",
                                    "top": "0",
                                    "right": "0",
                                    "bottom": "1",
                                    "left": "0",
                                    "isLinked": false
                                },
                                "forms_buttons_normal_background_background": "classic",
                                "forms_buttons_hover_background_background": "classic",
                                "forms_buttons_border_type": "none",
                                "forms_buttons_border_radius": {
                                    "unit": "px",
                                    "top": "0",
                                    "right": "0",
                                    "bottom": "0",
                                    "left": "0",
                                    "isLinked": true
                                },
                                "order_summary_items_divider_weight": {
                                    "unit": "px",
                                    "size": 1,
                                    "sizes": []
                                },
                                "order_summary_totals_divider_weight": {
                                    "unit": "px",
                                    "size": 1,
                                    "sizes": []
                                },
                                "purchase_button_normal_background_background": "classic",
                                "purchase_button_hover_background_background": "classic",
                                "purchase_button_border_radius": {
                                    "unit": "px",
                                    "top": "0",
                                    "right": "0",
                                    "bottom": "0",
                                    "left": "0",
                                    "isLinked": true
                                },
                                "__globals__": {
                                    "sections_border_color": "",
                                    "sections_title_color": "globals\/colors?id=secondary",
                                    "sections_titles_typography_typography": "globals\/typography?id=94485de",
                                    "sections_secondary_title_color": "globals\/colors?id=secondary",
                                    "sections_secondary_titles_typography_typography": "globals\/typography?id=cbcd450",
                                    "sections_descriptions_color": "globals\/colors?id=text",
                                    "sections_descriptions_typography_typography": "globals\/typography?id=text",
                                    "sections_messages_color": "globals\/colors?id=3c2ad25",
                                    "sections_messages_typography_typography": "globals\/typography?id=text",
                                    "links_normal_color": "globals\/colors?id=3c2ad25",
                                    "links_hover_color": "globals\/colors?id=primary",
                                    "forms_field_typography_typography": "globals\/typography?id=text",
                                    "forms_fields_border_color": "globals\/colors?id=text",
                                    "forms_button_typography_typography": "globals\/typography?id=accent",
                                    "forms_buttons_normal_background_color": "globals\/colors?id=primary",
                                    "forms_buttons_hover_text_color": "globals\/colors?id=3c2ad25",
                                    "forms_buttons_hover_background_color": "globals\/colors?id=secondary",
                                    "forms_buttons_normal_text_color": "globals\/colors?id=3c2ad25",
                                    "order_summary_items_color": "globals\/colors?id=secondary",
                                    "order_summary_items_typography_typography": "globals\/typography?id=text",
                                    "order_summary_variations_color": "globals\/colors?id=text",
                                    "order_summary_variations_typography_typography": "globals\/typography?id=text",
                                    "order_summary_items_divider_color": "",
                                    "order_summary_totals_color": "globals\/colors?id=secondary",
                                    "order_summary_totals_typography_typography": "globals\/typography?id=text",
                                    "order_summary_totals_divider_color": "",
                                    "purchase_button_typography_typography": "globals\/typography?id=accent",
                                    "purchase_button_normal_text_color": "globals\/colors?id=3c2ad25",
                                    "purchase_button_normal_background_color": "globals\/colors?id=primary",
                                    "purchase_button_hover_text_color": "globals\/colors?id=3c2ad25",
                                    "purchase_button_hover_background_color": "globals\/colors?id=secondary",
                                    "forms_fields_normal_color": "globals\/colors?id=text",
                                    "forms_fields_focus_color": "globals\/colors?id=text",
                                    "forms_fields_focus_background_color": "globals\/colors?id=3c2ad25",
                                    "forms_fields_normal_background_color": "globals\/colors?id=8b564f1",
                                    "sections_background_color": "globals\/colors?id=3c2ad25",
                                    "forms_label_typography_typography": "globals\/typography?id=text"
                                },
                                "sections_border_color": "#FFFFFF1A",
                                "sections_title_color": "#1D231F",
                                "sections_secondary_title_color": "#FFFFFF",
                                "sections_descriptions_color": "#FFFFFF",
                                "sections_messages_color": "#FFFFFF",
                                "links_normal_color": "#FFFFFF",
                                "links_hover_color": "#E99D36",
                                "forms_fields_normal_color": "#666666",
                                "forms_fields_normal_background_background": "classic",
                                "forms_fields_focus_color": "#666666",
                                "forms_fields_focus_background_background": "classic",
                                "forms_buttons_normal_text_color": "#FFFFFF",
                                "forms_buttons_normal_background_color": "#E99D36",
                                "forms_buttons_hover_text_color": "#FFFFFF",
                                "forms_buttons_hover_background_color": "#E99D36",
                                "order_summary_items_color": "#FFFFFF",
                                "order_summary_variations_color": "#FFFFFF",
                                "order_summary_items_divider_color": "#66666620",
                                "order_summary_totals_color": "#FFFFFF",
                                "order_summary_totals_divider_color": "#66666620",
                                "purchase_button_normal_text_color": "#FFFFFF",
                                "purchase_button_normal_background_color": "#E99D36",
                                "purchase_button_hover_text_color": "#FFFFFF",
                                "purchase_button_hover_background_color": "#E99D36",
                                "forms_fields_border_radius": {
                                    "unit": "px",
                                    "top": "0",
                                    "right": "0",
                                    "bottom": "0",
                                    "left": "0",
                                    "isLinked": true
                                },
                                "sections_messages_typography_typography": "custom",
                                "sections_messages_typography_font_family": "Poppins",
                                "sections_messages_typography_font_size": {
                                    "unit": "px",
                                    "size": 15,
                                    "sizes": []
                                },
                                "sections_messages_typography_font_weight": "400",
                                "sections_messages_typography_text_transform": "none",
                                "sections_messages_typography_line_height": {
                                    "unit": "em",
                                    "size": 1.5,
                                    "sizes": []
                                },
                                "forms_fields_normal_background_color": "#FFFFFF",
                                "forms_fields_focus_background_color": "#FFFFFF",
                                "forms_fields_border_color": "#666666"
                            },
                            "elements": [],
                            "isInner": false,
                            "widgetType": "woocommerce-checkout-page",
                            "elType": "widget"
                        }
                    ],
                    "isInner": false,
                    "elType": "column"
                }
            ],
            "isInner": false,
            "elType": "section"
        }
    ]
}