{
    "version": "0.4",
    "title": "Coming Soon",
    "type": "page",
    "metadata": {
        "template_type": "single-page",
        "include_in_zip": "1",
        "elementor_pro_required": "1",
        "wp_page_template": "elementor_canvas"
    },
    "content": [
        {
            "id": "6bfa863d",
            "settings": {
                "gap": "no",
                "height": "full",
                "background_background": "gradient",
                "background_gradient_type": "radial",
                "background_overlay_background": "classic",
                "background_overlay_image": {
                    "url": "https:\/\/htmldesigntemplates.com\/portfoly\/wp-content\/uploads\/sites\/28\/2023\/03\/price-shape1.png",
                    "id": 648,
                    "size": "",
                    "alt": "",
                    "source": "library"
                },
                "background_overlay_position": "center center",
                "background_overlay_repeat": "no-repeat",
                "background_overlay_size": "contain",
                "padding_mobile": {
                    "unit": "px",
                    "top": "110",
                    "right": "0",
                    "bottom": "110",
                    "left": "0",
                    "isLinked": false
                },
                "__globals__": {
                    "background_color": "globals\/colors?id=secondary",
                    "background_color_b": "globals\/colors?id=7568283"
                }
            },
            "elements": [
                {
                    "id": "79fd81ea",
                    "settings": {
                        "_column_size": 100,
                        "_inline_size": null
                    },
                    "elements": [
                        {
                            "id": "129982ed",
                            "settings": {
                                "content_position": "middle",
                                "margin": {
                                    "unit": "px",
                                    "top": "0",
                                    "right": 0,
                                    "bottom": "0",
                                    "left": 0,
                                    "isLinked": false
                                },
                                "margin_tablet": {
                                    "unit": "px",
                                    "top": "0",
                                    "right": 0,
                                    "bottom": "40",
                                    "left": 0,
                                    "isLinked": false
                                },
                                "margin_mobile": {
                                    "unit": "px",
                                    "top": "0",
                                    "right": 0,
                                    "bottom": "0",
                                    "left": 0,
                                    "isLinked": false
                                }
                            },
                            "elements": [
                                {
                                    "id": "42700525",
                                    "settings": {
                                        "_column_size": 100,
                                        "_inline_size": null,
                                        "space_between_widgets": 10,
                                        "margin": {
                                            "unit": "%",
                                            "top": "0",
                                            "right": "0",
                                            "bottom": "0",
                                            "left": "0",
                                            "isLinked": false
                                        },
                                        "margin_tablet": {
                                            "unit": "%",
                                            "top": "",
                                            "right": "",
                                            "bottom": "",
                                            "left": "",
                                            "isLinked": true
                                        },
                                        "margin_mobile": {
                                            "unit": "%",
                                            "top": "0",
                                            "right": "0",
                                            "bottom": "0",
                                            "left": "0",
                                            "isLinked": false
                                        }
                                    },
                                    "elements": [
                                        {
                                            "id": "321f9153",
                                            "settings": {
                                                "image": {
                                                    "id": 3109,
                                                    "url": "https:\/\/htmldesigntemplates.com\/portfoly\/wp-content\/uploads\/sites\/28\/2023\/03\/curri-05.png",
                                                    "alt": "",
                                                    "source": "library",
                                                    "size": ""
                                                },
                                                "image_size": "full",
                                                "width": {
                                                    "unit": "%",
                                                    "size": 30,
                                                    "sizes": []
                                                },
                                                "align": "center",
                                                "width_mobile": {
                                                    "unit": "%",
                                                    "size": 80,
                                                    "sizes": []
                                                }
                                            },
                                            "elements": [],
                                            "isInner": false,
                                            "widgetType": "image",
                                            "elType": "widget"
                                        }
                                    ],
                                    "isInner": true,
                                    "elType": "column"
                                }
                            ],
                            "isInner": true,
                            "elType": "section"
                        },
                        {
                            "id": "3339db25",
                            "settings": {
                                "content_position": "middle",
                                "structure": "20",
                                "margin": {
                                    "unit": "px",
                                    "top": "0",
                                    "right": 0,
                                    "bottom": "0",
                                    "left": 0,
                                    "isLinked": false
                                }
                            },
                            "elements": [
                                {
                                    "id": "1b3f97de",
                                    "settings": {
                                        "_column_size": 50,
                                        "_inline_size": null,
                                        "space_between_widgets": 10,
                                        "margin": {
                                            "unit": "%",
                                            "top": "0",
                                            "right": "0",
                                            "bottom": "0",
                                            "left": "0",
                                            "isLinked": false
                                        },
                                        "margin_tablet": {
                                            "unit": "%",
                                            "top": "",
                                            "right": "",
                                            "bottom": "",
                                            "left": "",
                                            "isLinked": true
                                        },
                                        "margin_mobile": {
                                            "unit": "%",
                                            "top": "0",
                                            "right": "0",
                                            "bottom": "0",
                                            "left": "0",
                                            "isLinked": false
                                        },
                                        "_inline_size_tablet": 100
                                    },
                                    "elements": [
                                        {
                                            "id": "4ebf3197",
                                            "settings": {
                                                "image": {
                                                    "id": 3105,
                                                    "url": "https:\/\/htmldesigntemplates.com\/portfoly\/wp-content\/uploads\/sites\/28\/2023\/03\/curri-02.png",
                                                    "alt": "",
                                                    "source": "library",
                                                    "size": ""
                                                },
                                                "image_size": "full",
                                                "width": {
                                                    "unit": "%",
                                                    "size": 10,
                                                    "sizes": []
                                                },
                                                "align": "left",
                                                "width_mobile": {
                                                    "unit": "%",
                                                    "size": 80,
                                                    "sizes": []
                                                },
                                                "align_tablet": "center",
                                                "hide_tablet": "hidden-tablet",
                                                "hide_mobile": "hidden-mobile"
                                            },
                                            "elements": [],
                                            "isInner": false,
                                            "widgetType": "image",
                                            "elType": "widget"
                                        },
                                        {
                                            "id": "7aa71dbd",
                                            "settings": {
                                                "marker": "x",
                                                "before_text": "Portfoly's Something Awesome Is ",
                                                "highlighted_text": "Photographer",
                                                "rotating_text": "Coming",
                                                "alignment": "left",
                                                "__globals__": {
                                                    "marker_color": "globals\/colors?id=accent",
                                                    "title_color": "globals\/colors?id=3c2ad25",
                                                    "words_color": "globals\/colors?id=primary",
                                                    "title_typography_typography": "globals\/typography?id=3f3e88c",
                                                    "words_typography_typography": "globals\/typography?id=3f3e88c"
                                                },
                                                "headline_style": "rotate",
                                                "animation_type": "drop-in",
                                                "_margin": {
                                                    "unit": "px",
                                                    "top": "0",
                                                    "right": "0",
                                                    "bottom": "0",
                                                    "left": "0",
                                                    "isLinked": false
                                                },
                                                "_padding": {
                                                    "unit": "px",
                                                    "top": "0",
                                                    "right": "0",
                                                    "bottom": "0",
                                                    "left": "0",
                                                    "isLinked": false
                                                },
                                                "alignment_tablet": "center",
                                                "_margin_mobile": {
                                                    "unit": "px",
                                                    "top": "0",
                                                    "right": "0",
                                                    "bottom": "0",
                                                    "left": "0",
                                                    "isLinked": false
                                                },
                                                "tag": "h2",
                                                "_margin_tablet": {
                                                    "unit": "px",
                                                    "top": "0",
                                                    "right": "0",
                                                    "bottom": "0",
                                                    "left": "0",
                                                    "isLinked": false
                                                }
                                            },
                                            "elements": [],
                                            "isInner": false,
                                            "widgetType": "animated-headline",
                                            "elType": "widget"
                                        },
                                        {
                                            "id": "4926cf57",
                                            "settings": {
                                                "title": "keep Waiting to get more awesome things",
                                                "header_size": "h4",
                                                "align": "left",
                                                "__globals__": {
                                                    "title_color": "globals\/colors?id=3c2ad25",
                                                    "typography_typography": "globals\/typography?id=be86681"
                                                },
                                                "align_tablet": "center"
                                            },
                                            "elements": [],
                                            "isInner": false,
                                            "widgetType": "heading",
                                            "elType": "widget"
                                        }
                                    ],
                                    "isInner": true,
                                    "elType": "column"
                                },
                                {
                                    "id": "63558135",
                                    "settings": {
                                        "_column_size": 50,
                                        "_inline_size": null,
                                        "space_between_widgets": 10,
                                        "margin": {
                                            "unit": "%",
                                            "top": "0",
                                            "right": "0",
                                            "bottom": "0",
                                            "left": "0",
                                            "isLinked": false
                                        },
                                        "margin_tablet": {
                                            "unit": "%",
                                            "top": "",
                                            "right": "",
                                            "bottom": "",
                                            "left": "",
                                            "isLinked": true
                                        },
                                        "margin_mobile": {
                                            "unit": "%",
                                            "top": "0",
                                            "right": "0",
                                            "bottom": "0",
                                            "left": "0",
                                            "isLinked": false
                                        },
                                        "_inline_size_tablet": 100
                                    },
                                    "elements": [
                                        {
                                            "id": "651c06b1",
                                            "settings": {
                                                "due_date": "2023-04-21 10:25",
                                                "label_days": "Days",
                                                "label_hours": "Hours",
                                                "label_minutes": "Minutes",
                                                "label_seconds": "Seconds",
                                                "box_background_color": "#90C82400",
                                                "_margin": {
                                                    "unit": "px",
                                                    "top": "30",
                                                    "right": "0",
                                                    "bottom": "30",
                                                    "left": "0",
                                                    "isLinked": false
                                                },
                                                "__globals__": {
                                                    "box_background_color": "",
                                                    "digits_typography_typography": "globals\/typography?id=eb63c04",
                                                    "label_typography_typography": "globals\/typography?id=83a0a2f",
                                                    "digits_color": "globals\/colors?id=3c2ad25",
                                                    "label_color": "globals\/colors?id=3c2ad25"
                                                },
                                                "label_display": "inline",
                                                "box_spacing": {
                                                    "unit": "px",
                                                    "size": 30,
                                                    "sizes": []
                                                },
                                                "box_spacing_mobile": {
                                                    "unit": "px",
                                                    "size": 40,
                                                    "sizes": []
                                                }
                                            },
                                            "elements": [],
                                            "isInner": false,
                                            "widgetType": "countdown",
                                            "elType": "widget"
                                        }
                                    ],
                                    "isInner": true,
                                    "elType": "column"
                                }
                            ],
                            "isInner": true,
                            "elType": "section"
                        },
                        {
                            "id": "5db71482",
                            "settings": {
                                "style": "slashes",
                                "align": "center",
                                "text": "Divider",
                                "color": "#FFFFFFBF",
                                "pattern_height": {
                                    "unit": "px",
                                    "size": 15,
                                    "sizes": []
                                },
                                "pattern_size": {
                                    "unit": "px",
                                    "size": 15,
                                    "sizes": []
                                },
                                "gap": {
                                    "unit": "px",
                                    "size": 0,
                                    "sizes": []
                                },
                                "__globals__": {
                                    "color": ""
                                },
                                "_margin": {
                                    "unit": "px",
                                    "top": "0",
                                    "right": "0",
                                    "bottom": "0",
                                    "left": "0",
                                    "isLinked": false
                                }
                            },
                            "elements": [],
                            "isInner": false,
                            "widgetType": "divider",
                            "elType": "widget"
                        },
                        {
                            "id": "6b297cb9",
                            "settings": {
                                "content_position": "middle"
                            },
                            "elements": [
                                {
                                    "id": "583fc914",
                                    "settings": {
                                        "_column_size": 100,
                                        "_inline_size": null,
                                        "space_between_widgets": 10,
                                        "margin": {
                                            "unit": "%",
                                            "top": "0",
                                            "right": "0",
                                            "bottom": "0",
                                            "left": "0",
                                            "isLinked": false
                                        },
                                        "margin_tablet": {
                                            "unit": "%",
                                            "top": "",
                                            "right": "",
                                            "bottom": "",
                                            "left": "",
                                            "isLinked": true
                                        },
                                        "margin_mobile": {
                                            "unit": "%",
                                            "top": "0",
                                            "right": "0",
                                            "bottom": "0",
                                            "left": "0",
                                            "isLinked": false
                                        }
                                    },
                                    "elements": [
                                        {
                                            "id": "5296fd2a",
                                            "settings": {
                                                "ekit_socialmedia_add_icons": [
                                                    {
                                                        "ekit_socialmedia_label": "Facebook",
                                                        "ekit_socialmedia_icon_hover_bg_color": "#90C824",
                                                        "_id": "e66b50f",
                                                        "ekit_socialmedia_icon_color": "#FFFFFF",
                                                        "ekit_socialmedia_icon_bg_color": "#FFFFFF45",
                                                        "__globals__": {
                                                            "ekit_socialmedia_icon_color": "globals\/colors?id=3c2ad25",
                                                            "ekit_socialmedia_icon_hover_bg_color": "globals\/colors?id=primary",
                                                            "ekit_socialmedia_icon_bg_color": ""
                                                        }
                                                    },
                                                    {
                                                        "ekit_socialmedia_icons": {
                                                            "value": "icon icon-twitter",
                                                            "library": "ekiticons"
                                                        },
                                                        "ekit_socialmedia_label": "Twitter",
                                                        "_id": "2d29fd5",
                                                        "ekit_socialmedia_icon_bg_color": "#FFFFFF45",
                                                        "__globals__": {
                                                            "ekit_socialmedia_icon_color": "globals\/colors?id=3c2ad25",
                                                            "ekit_socialmedia_icon_hover_bg_color": "globals\/colors?id=accent"
                                                        }
                                                    },
                                                    {
                                                        "ekit_socialmedia_icons": {
                                                            "value": "icon icon-linkedin",
                                                            "library": "ekiticons"
                                                        },
                                                        "ekit_socialmedia_label": "LinkedIn",
                                                        "ekit_socialmedia_icon_hover_bg_color": "#90C824",
                                                        "_id": "9611e6b",
                                                        "ekit_socialmedia_icon_color": "#FFFFFF",
                                                        "ekit_socialmedia_icon_bg_color": "#FFFFFF45",
                                                        "__globals__": {
                                                            "ekit_socialmedia_icon_color": "globals\/colors?id=3c2ad25",
                                                            "ekit_socialmedia_icon_hover_bg_color": "globals\/colors?id=accent",
                                                            "ekit_socialmedia_icon_bg_color": ""
                                                        }
                                                    }
                                                ],
                                                "ekit_socialmedai_list_margin": {
                                                    "unit": "px",
                                                    "top": "3",
                                                    "right": "3",
                                                    "bottom": "3",
                                                    "left": "3",
                                                    "isLinked": true
                                                },
                                                "ekit_socialmedai_list_icon_size": {
                                                    "unit": "px",
                                                    "size": 16,
                                                    "sizes": []
                                                },
                                                "ekit_socialmedai_list_width": {
                                                    "unit": "px",
                                                    "size": 40,
                                                    "sizes": []
                                                },
                                                "ekit_socialmedai_list_height": {
                                                    "unit": "px",
                                                    "size": 40,
                                                    "sizes": []
                                                },
                                                "ekit_socialmedai_list_line_height": {
                                                    "unit": "px",
                                                    "size": 40,
                                                    "sizes": []
                                                }
                                            },
                                            "elements": [],
                                            "isInner": false,
                                            "widgetType": "elementskit-social-media",
                                            "elType": "widget"
                                        },
                                        {
                                            "id": "45eeb9fc",
                                            "settings": {
                                                "title": "Copyright \u00a92023 Curriporto. All Rights Reserved Copyright",
                                                "header_size": "p",
                                                "align": "center",
                                                "__globals__": {
                                                    "typography_typography": "globals\/typography?id=text",
                                                    "title_color": "globals\/colors?id=3c2ad25"
                                                }
                                            },
                                            "elements": [],
                                            "isInner": false,
                                            "widgetType": "heading",
                                            "elType": "widget"
                                        }
                                    ],
                                    "isInner": true,
                                    "elType": "column"
                                }
                            ],
                            "isInner": true,
                            "elType": "section"
                        }
                    ],
                    "isInner": false,
                    "elType": "column"
                }
            ],
            "isInner": false,
            "elType": "section"
        }
    ]
}