{
    "version": "0.4",
    "title": "Contact",
    "type": "page",
    "metadata": {
        "template_type": "single-page",
        "include_in_zip": "1",
        "elementor_pro_required": "1",
        "wp_page_template": "default"
    },
    "content": [
        {
            "id": "21982d02",
            "settings": {
                "padding": {
                    "unit": "px",
                    "top": "190",
                    "right": "0",
                    "bottom": "100",
                    "left": "0",
                    "isLinked": false
                },
                "background_background": "classic",
                "background_overlay_background": "classic",
                "background_overlay_image": {
                    "url": "https:\/\/htmldesigntemplates.com\/portfoly\/wp-content\/uploads\/sites\/28\/2023\/03\/price-shape1.png",
                    "id": 648,
                    "size": "",
                    "alt": "",
                    "source": "library"
                },
                "background_overlay_opacity": {
                    "unit": "px",
                    "size": 1,
                    "sizes": []
                },
                "background_overlay_position": "center center",
                "background_overlay_repeat": "no-repeat",
                "background_overlay_size": "initial",
                "border_border": "none",
                "border_width": {
                    "unit": "px",
                    "top": "0",
                    "right": "0",
                    "bottom": "5",
                    "left": "0",
                    "isLinked": false
                },
                "border_radius": {
                    "unit": "px",
                    "top": "0",
                    "right": "0",
                    "bottom": "0",
                    "left": "0",
                    "isLinked": true
                },
                "margin": {
                    "unit": "px",
                    "top": "-103",
                    "right": 0,
                    "bottom": "0",
                    "left": 0,
                    "isLinked": false
                },
                "__globals__": {
                    "background_color": "globals\/colors?id=7568283",
                    "border_color": "globals\/colors?id=primary"
                },
                "background_overlay_bg_width": {
                    "unit": "%",
                    "size": 60,
                    "sizes": []
                }
            },
            "elements": [
                {
                    "id": "698cb94",
                    "settings": {
                        "_column_size": 100,
                        "_inline_size": null,
                        "space_between_widgets": 0
                    },
                    "elements": [
                        {
                            "id": "15bcb823",
                            "settings": {
                                "view": "inline",
                                "icon_list": [
                                    {
                                        "text": "Home",
                                        "selected_icon": {
                                            "value": "",
                                            "library": ""
                                        },
                                        "_id": "77d28e5"
                                    },
                                    {
                                        "text": "Contact Us",
                                        "selected_icon": {
                                            "value": "",
                                            "library": ""
                                        },
                                        "_id": "a483e2a"
                                    }
                                ],
                                "icon_align": "center",
                                "divider": "yes",
                                "__globals__": {
                                    "divider_color": "globals\/colors?id=text",
                                    "text_color": "globals\/colors?id=3c2ad25"
                                }
                            },
                            "elements": [],
                            "isInner": false,
                            "widgetType": "icon-list",
                            "elType": "widget"
                        },
                        {
                            "id": "742860e",
                            "settings": {
                                "ekit_heading_title": "{Contact} Us",
                                "show_title_border": "",
                                "ekit_heading_sub_title": "Time has changed",
                                "shadow_text_content": "bussiness",
                                "ekit_heading_show_seperator": "",
                                "ekit_heading_seperator_style": "elementskit-border-divider ekit-dotted",
                                "ekit_heading_title_margin": {
                                    "unit": "px",
                                    "top": "0",
                                    "right": "0",
                                    "bottom": "0",
                                    "left": "0",
                                    "isLinked": false
                                },
                                "__globals__": {
                                    "ekit_heading_title_color": "globals\/colors?id=3c2ad25",
                                    "ekit_heading_focused_title_color": "globals\/colors?id=primary",
                                    "ekit_heading_focused_title_typography_typography": "globals\/typography?id=67ace4e",
                                    "ekit_heading_title_typography_typography": "globals\/typography?id=67ace4e",
                                    "ekit_heading_seperator_color": "globals\/colors?id=secondary",
                                    "ekit_heading_focused_title_color_hover": "globals\/colors?id=primary",
                                    "ekit_heading_extra_title_typography_typography": "globals\/typography?id=text",
                                    "ekit_heading_extra_title_color": "globals\/colors?id=3c2ad25",
                                    "ekit_heading_title_color_hover": "globals\/colors?id=3c2ad25",
                                    "ekit_heading_title_text_decoration_color": "globals\/colors?id=primary"
                                },
                                "ekit_heading_seperator_image": {
                                    "id": 51,
                                    "url": "https:\/\/htmldesigntemplates.com\/portfoly\/wp-content\/uploads\/sites\/28\/2023\/03\/placeholder-2.png"
                                },
                                "ekit_heading_section_extra_title_show": "",
                                "ekit_heading_extra_title": "<p>Lorem ipsum dolor sit amet, consetetur sadip scing elitr, sed diam nonumy eirmod ut labore et doloreo magna aliqu lorem ipsum dolor sit amet, consetetur sadip elit sed nonumy eirmod tempor invidunt ut labore et dolor.<\/p><p>Excepteur sint occaecat cupidatat non proident, sunt in culpa qui officia deserunt mollit anim id est laborum.<\/p>",
                                "ekit_heading_title_color": "#17233E",
                                "ekit_heading_focused_title_color": "#FDC703",
                                "ekit_heading_use_title_text_fill": "",
                                "ekit_heading_seperator_color": "#FDC703",
                                "_margin": {
                                    "unit": "%",
                                    "top": "0",
                                    "right": "0",
                                    "bottom": "0",
                                    "left": "0",
                                    "isLinked": true
                                },
                                "_margin_tablet": {
                                    "unit": "%",
                                    "top": "",
                                    "right": "",
                                    "bottom": "",
                                    "left": "",
                                    "isLinked": true
                                },
                                "_margin_mobile": {
                                    "unit": "%",
                                    "top": "0",
                                    "right": "0",
                                    "bottom": "0",
                                    "left": "0",
                                    "isLinked": false
                                },
                                "ekit_heading_title_align_tablet": "text_center",
                                "ekit_heading_title_align_mobile": "text_center",
                                "ekit_heading_title_align": "text_center",
                                "ekit_heading_title_shadow_text_shadow": {
                                    "horizontal": 0,
                                    "vertical": 0,
                                    "blur": 20,
                                    "color": "rgba(255, 255, 255, 0.72)"
                                },
                                "ekit_heading_use_focused_title_bg": "",
                                "_padding": {
                                    "unit": "px",
                                    "top": "0",
                                    "right": "0",
                                    "bottom": "0",
                                    "left": "0",
                                    "isLinked": true
                                },
                                "ekit_heading_title_tag": "h1"
                            },
                            "elements": [],
                            "isInner": false,
                            "widgetType": "elementskit-heading",
                            "elType": "widget"
                        }
                    ],
                    "isInner": false,
                    "elType": "column"
                }
            ],
            "isInner": false,
            "elType": "section"
        },
        {
            "id": "db70b8d",
            "settings": {
                "background_background": "classic",
                "background_image": {
                    "id": "",
                    "url": "",
                    "alt": "",
                    "source": "library",
                    "size": ""
                },
                "background_repeat": "no-repeat",
                "background_overlay_background": "classic",
                "background_overlay_image": {
                    "url": "",
                    "id": "",
                    "size": "",
                    "alt": "",
                    "source": "library"
                },
                "background_overlay_attachment": "fixed",
                "background_overlay_repeat": "no-repeat",
                "background_overlay_size": "cover",
                "padding": {
                    "unit": "px",
                    "top": "110",
                    "right": "0",
                    "bottom": "60",
                    "left": "0",
                    "isLinked": false
                },
                "__globals__": {
                    "background_overlay_color": "",
                    "background_color": ""
                },
                "background_overlay_position": "center center",
                "background_overlay_opacity": {
                    "unit": "px",
                    "size": 0.85,
                    "sizes": []
                },
                "background_attachment": "fixed",
                "background_size": "cover",
                "content_position": "middle",
                "structure": "20",
                "margin": {
                    "unit": "px",
                    "top": "0",
                    "right": 0,
                    "bottom": "0",
                    "left": 0,
                    "isLinked": false
                },
                "border_radius": {
                    "unit": "px",
                    "top": "100",
                    "right": "0",
                    "bottom": "0",
                    "left": "0",
                    "isLinked": false
                }
            },
            "elements": [
                {
                    "id": "53b14b2f",
                    "settings": {
                        "_column_size": 50,
                        "_inline_size": null,
                        "space_between_widgets": 0,
                        "margin": {
                            "unit": "px",
                            "top": "0",
                            "right": "20",
                            "bottom": "0",
                            "left": "0",
                            "isLinked": false
                        },
                        "background_background": "classic",
                        "background_image": {
                            "url": "",
                            "id": "",
                            "size": "",
                            "alt": "",
                            "source": "library"
                        },
                        "background_position": "center center",
                        "background_repeat": "no-repeat",
                        "background_size": "contain",
                        "_inline_size_tablet": 100,
                        "margin_tablet": {
                            "unit": "px",
                            "top": "0",
                            "right": "0",
                            "bottom": "0",
                            "left": "0",
                            "isLinked": false
                        }
                    },
                    "elements": [
                        {
                            "id": "5dbf7e51",
                            "settings": {
                                "ekit_heading_title": "Get In {Touch}",
                                "show_title_border": "",
                                "ekit_heading_sub_title": "Time has changed",
                                "shadow_text_content": "bussiness",
                                "ekit_heading_show_seperator": "",
                                "ekit_heading_seperator_style": "elementskit-border-divider ekit-dotted",
                                "ekit_heading_title_margin": {
                                    "unit": "px",
                                    "top": "0",
                                    "right": "0",
                                    "bottom": "5",
                                    "left": "0",
                                    "isLinked": false
                                },
                                "__globals__": {
                                    "ekit_heading_title_color": "globals\/colors?id=secondary",
                                    "ekit_heading_focused_title_color": "globals\/colors?id=primary",
                                    "ekit_heading_focused_title_typography_typography": "globals\/typography?id=be86681",
                                    "ekit_heading_title_typography_typography": "globals\/typography?id=be86681",
                                    "ekit_heading_seperator_color": "globals\/colors?id=secondary",
                                    "ekit_heading_focused_title_color_hover": "globals\/colors?id=primary",
                                    "ekit_heading_extra_title_typography_typography": "globals\/typography?id=text",
                                    "ekit_heading_extra_title_color": "globals\/colors?id=text",
                                    "_border_color": "globals\/colors?id=8b564f1",
                                    "ekit_heading_title_color_hover": "globals\/colors?id=secondary"
                                },
                                "ekit_heading_seperator_image": {
                                    "id": 54,
                                    "url": "https:\/\/htmldesigntemplates.com\/portfoly\/wp-content\/uploads\/sites\/28\/2023\/03\/placeholder-5.png"
                                },
                                "ekit_heading_section_extra_title_show": "",
                                "ekit_heading_extra_title": "<p>Excepteur sint occaecat cupidatat non proident, sunt in culpa qui officia deserunt mollit anim id est laborum.<\/p>",
                                "ekit_heading_title_color": "#17233E",
                                "ekit_heading_focused_title_color": "#FDC703",
                                "ekit_heading_use_title_text_fill": "",
                                "ekit_heading_seperator_color": "#FDC703",
                                "_margin": {
                                    "unit": "%",
                                    "top": "0",
                                    "right": "0",
                                    "bottom": "0",
                                    "left": "0",
                                    "isLinked": true
                                },
                                "_margin_tablet": {
                                    "unit": "px",
                                    "top": "0",
                                    "right": "0",
                                    "bottom": "20",
                                    "left": "0",
                                    "isLinked": false
                                },
                                "ekit_heading_title_align_tablet": "text_center",
                                "ekit_heading_title_tag": "h4",
                                "_padding": {
                                    "unit": "px",
                                    "top": "0",
                                    "right": "0",
                                    "bottom": "0",
                                    "left": "0",
                                    "isLinked": true
                                },
                                "_border_border": "none",
                                "_border_width": {
                                    "unit": "px",
                                    "top": "2",
                                    "right": "2",
                                    "bottom": "2",
                                    "left": "2",
                                    "isLinked": true
                                },
                                "ekit_heading_extra_title_margin": {
                                    "unit": "px",
                                    "top": "0",
                                    "right": "0",
                                    "bottom": "0",
                                    "left": "0",
                                    "isLinked": false
                                },
                                "_margin_mobile": {
                                    "unit": "px",
                                    "top": "0",
                                    "right": "0",
                                    "bottom": "0",
                                    "left": "0",
                                    "isLinked": false
                                }
                            },
                            "elements": [],
                            "isInner": false,
                            "widgetType": "elementskit-heading",
                            "elType": "widget"
                        },
                        {
                            "id": "3f313440",
                            "settings": {
                                "ekit_heading_title": "Wanna to Start {New Projects} With Me?",
                                "show_title_border": "",
                                "ekit_heading_sub_title": "Time has changed",
                                "shadow_text_content": "bussiness",
                                "ekit_heading_show_seperator": "",
                                "ekit_heading_seperator_style": "elementskit-border-divider ekit-dotted",
                                "ekit_heading_title_margin": {
                                    "unit": "px",
                                    "top": "0",
                                    "right": "0",
                                    "bottom": "10",
                                    "left": "0",
                                    "isLinked": false
                                },
                                "__globals__": {
                                    "ekit_heading_title_color": "globals\/colors?id=secondary",
                                    "ekit_heading_focused_title_color": "globals\/colors?id=primary",
                                    "ekit_heading_focused_title_typography_typography": "globals\/typography?id=3f3e88c",
                                    "ekit_heading_title_typography_typography": "globals\/typography?id=3f3e88c",
                                    "ekit_heading_seperator_color": "globals\/colors?id=secondary",
                                    "ekit_heading_focused_title_color_hover": "globals\/colors?id=primary",
                                    "ekit_heading_extra_title_typography_typography": "globals\/typography?id=text",
                                    "ekit_heading_extra_title_color": "globals\/colors?id=text",
                                    "ekit_heading_title_color_hover": "globals\/colors?id=secondary"
                                },
                                "ekit_heading_seperator_image": {
                                    "id": 72,
                                    "url": "https:\/\/htmldesigntemplates.com\/portfoly\/wp-content\/uploads\/sites\/28\/2023\/03\/placeholder-23.png"
                                },
                                "ekit_heading_section_extra_title_show": "yes",
                                "ekit_heading_extra_title": "<p>\u00a0Excepteur sint occaecat cupidatat non proident, sunt in culpa qui officia deserunt mollit anim id est laborum.<\/p>",
                                "ekit_heading_title_color": "#17233E",
                                "ekit_heading_focused_title_color": "#FDC703",
                                "ekit_heading_use_title_text_fill": "",
                                "ekit_heading_seperator_color": "#FDC703",
                                "_margin": {
                                    "unit": "%",
                                    "top": "",
                                    "right": "",
                                    "bottom": "",
                                    "left": "",
                                    "isLinked": true
                                },
                                "_margin_tablet": {
                                    "unit": "%",
                                    "top": "0",
                                    "right": "5",
                                    "bottom": "0",
                                    "left": "5",
                                    "isLinked": false
                                },
                                "_margin_mobile": {
                                    "unit": "%",
                                    "top": "0",
                                    "right": "0",
                                    "bottom": "0",
                                    "left": "0",
                                    "isLinked": false
                                },
                                "ekit_heading_title_align_tablet": "text_center",
                                "ekit_heading_extra_title_margin": {
                                    "unit": "px",
                                    "top": "0",
                                    "right": "0",
                                    "bottom": "0",
                                    "left": "0",
                                    "isLinked": false
                                }
                            },
                            "elements": [],
                            "isInner": false,
                            "widgetType": "elementskit-heading",
                            "elType": "widget"
                        },
                        {
                            "id": "4d1264c6",
                            "settings": {
                                "icon_list": [
                                    {
                                        "text": "<strong>Location:<\/strong> El-Mahalla El-Kubra 37 1776 Damietta Egypt",
                                        "selected_icon": {
                                            "value": "icon icon-map-marker1",
                                            "library": "ekiticons"
                                        },
                                        "_id": "56b7ffd"
                                    },
                                    {
                                        "text": "<strong>Phone No.:<\/strong> +569 2316 2156",
                                        "selected_icon": {
                                            "value": "icon icon-phone1",
                                            "library": "ekiticons"
                                        },
                                        "_id": "efaedc0"
                                    },
                                    {
                                        "text": "<strong>Email Address:<\/strong> info@portfoly.com",
                                        "selected_icon": {
                                            "value": "icon icon-envelope1",
                                            "library": "ekiticons"
                                        },
                                        "_id": "2b5ab92"
                                    }
                                ],
                                "space_between": {
                                    "unit": "px",
                                    "size": 25,
                                    "sizes": []
                                },
                                "icon_align": "left",
                                "icon_size": {
                                    "unit": "px",
                                    "size": 21,
                                    "sizes": []
                                },
                                "icon_self_align": "left",
                                "__globals__": {
                                    "text_color": "globals\/colors?id=text",
                                    "icon_typography_typography": "globals\/typography?id=text",
                                    "icon_color": "globals\/colors?id=primary",
                                    "icon_color_hover": "globals\/colors?id=primary"
                                },
                                "_margin": {
                                    "unit": "px",
                                    "top": "25",
                                    "right": "0",
                                    "bottom": "25",
                                    "left": "0",
                                    "isLinked": false
                                },
                                "icon_align_mobile": "center",
                                "icon_self_align_mobile": "center",
                                "icon_align_tablet": "center"
                            },
                            "elements": [],
                            "isInner": false,
                            "widgetType": "icon-list",
                            "elType": "widget"
                        },
                        {
                            "id": "45c820eb",
                            "settings": {
                                "ekit_socialmedia_add_icons": [
                                    {
                                        "ekit_socialmedia_label": "Facebook",
                                        "_id": "ac11e9c",
                                        "__globals__": {
                                            "ekit_socialmedia_icon_color": "globals\/colors?id=3c2ad25",
                                            "ekit_socialmedia_icon_bg_color": "",
                                            "ekit_socialmedia_icon_hover_color": "globals\/colors?id=3c2ad25",
                                            "ekit_socialmedia_icon_hover_bg_color": "globals\/colors?id=accent"
                                        },
                                        "ekit_socialmedia_icon_color": "#FFFFFF",
                                        "ekit_socialmedia_icon_bg_color": "#FBFBFB3D",
                                        "ekit_socialmedia_icon_hover_color": "#FFFFFF"
                                    },
                                    {
                                        "ekit_socialmedia_icons": {
                                            "value": "icon icon-twitter",
                                            "library": "ekiticons"
                                        },
                                        "ekit_socialmedia_label": "Twitter",
                                        "_id": "ce0c387",
                                        "__globals__": {
                                            "ekit_socialmedia_icon_color": "globals\/colors?id=3c2ad25",
                                            "ekit_socialmedia_icon_bg_color": "",
                                            "ekit_socialmedia_icon_hover_color": "globals\/colors?id=3c2ad25",
                                            "ekit_socialmedia_icon_hover_bg_color": "globals\/colors?id=primary"
                                        },
                                        "ekit_socialmedia_icon_color": "#029E9D",
                                        "ekit_socialmedia_icon_bg_color": "#FBFBFB3D",
                                        "ekit_socialmedia_icon_hover_color": "#FFFFFF"
                                    },
                                    {
                                        "ekit_socialmedia_icons": {
                                            "value": "icon icon-linkedin",
                                            "library": "ekiticons"
                                        },
                                        "ekit_socialmedia_label": "LinkedIn",
                                        "_id": "f4eca92",
                                        "__globals__": {
                                            "ekit_socialmedia_icon_color": "globals\/colors?id=3c2ad25",
                                            "ekit_socialmedia_icon_bg_color": "",
                                            "ekit_socialmedia_icon_hover_color": "globals\/colors?id=3c2ad25",
                                            "ekit_socialmedia_icon_hover_bg_color": "globals\/colors?id=primary"
                                        },
                                        "ekit_socialmedia_icon_color": "#029E9D",
                                        "ekit_socialmedia_icon_bg_color": "#FBFBFB3D",
                                        "ekit_socialmedia_icon_hover_color": "#FFFFFF"
                                    },
                                    {
                                        "_id": "1841b0c",
                                        "ekit_socialmedia_icons": {
                                            "value": "icon icon-google-plus",
                                            "library": "ekiticons"
                                        },
                                        "ekit_socialmedia_label": "Google Plus",
                                        "__globals__": {
                                            "ekit_socialmedia_icon_color": "globals\/colors?id=3c2ad25",
                                            "ekit_socialmedia_icon_bg_color": "",
                                            "ekit_socialmedia_icon_hover_color": "globals\/colors?id=3c2ad25",
                                            "ekit_socialmedia_icon_hover_bg_color": "globals\/colors?id=primary"
                                        },
                                        "ekit_socialmedia_icon_color": "#029E9D",
                                        "ekit_socialmedia_icon_bg_color": "#FBFBFB3D",
                                        "ekit_socialmedia_icon_hover_color": "#FFFFFF"
                                    }
                                ],
                                "ekit_socialmedai_list_margin": {
                                    "unit": "px",
                                    "top": "0",
                                    "right": "0",
                                    "bottom": "0",
                                    "left": "0",
                                    "isLinked": false
                                },
                                "ekit_socialmedai_list_width": {
                                    "unit": "px",
                                    "size": 40,
                                    "sizes": []
                                },
                                "ekit_socialmedai_list_height": {
                                    "unit": "px",
                                    "size": 40,
                                    "sizes": []
                                },
                                "ekit_socialmedai_list_line_height": {
                                    "unit": "px",
                                    "size": 38,
                                    "sizes": []
                                },
                                "ekit_socialmedai_list_align": "left",
                                "ekit_socialmedai_list_align_tablet": "center"
                            },
                            "elements": [],
                            "isInner": false,
                            "widgetType": "elementskit-social-media",
                            "elType": "widget"
                        }
                    ],
                    "isInner": false,
                    "elType": "column"
                },
                {
                    "id": "72fedc15",
                    "settings": {
                        "_column_size": 50,
                        "_inline_size": null,
                        "margin": {
                            "unit": "px",
                            "top": "0",
                            "right": "0",
                            "bottom": "0",
                            "left": "20",
                            "isLinked": false
                        },
                        "_inline_size_tablet": 100,
                        "margin_tablet": {
                            "unit": "px",
                            "top": "20",
                            "right": "0",
                            "bottom": "0",
                            "left": "0",
                            "isLinked": false
                        },
                        "space_between_widgets": 0,
                        "background_background": "classic",
                        "border_radius": {
                            "unit": "px",
                            "top": "20",
                            "right": "20",
                            "bottom": "20",
                            "left": "20",
                            "isLinked": true
                        },
                        "__globals__": {
                            "background_color": "",
                            "background_overlay_color": "globals\/colors?id=secondary"
                        },
                        "background_overlay_background": "classic",
                        "background_overlay_opacity": {
                            "unit": "px",
                            "size": 0,
                            "sizes": []
                        },
                        "background_overlay_color": "#191919"
                    },
                    "elements": [
                        {
                            "id": "7301dd16",
                            "settings": {
                                "ekit_heading_title": "Let's {Work} Together!",
                                "show_title_border": "",
                                "ekit_heading_sub_title": "Time has changed",
                                "shadow_text_content": "bussiness",
                                "ekit_heading_show_seperator": "",
                                "ekit_heading_seperator_style": "elementskit-border-divider ekit-dotted",
                                "ekit_heading_title_margin": {
                                    "unit": "px",
                                    "top": "0",
                                    "right": "0",
                                    "bottom": "10",
                                    "left": "0",
                                    "isLinked": false
                                },
                                "__globals__": {
                                    "ekit_heading_title_color": "globals\/colors?id=secondary",
                                    "ekit_heading_focused_title_color": "globals\/colors?id=primary",
                                    "ekit_heading_focused_title_typography_typography": "globals\/typography?id=3f3e88c",
                                    "ekit_heading_title_typography_typography": "globals\/typography?id=3f3e88c",
                                    "ekit_heading_seperator_color": "globals\/colors?id=secondary",
                                    "ekit_heading_focused_title_color_hover": "globals\/colors?id=primary",
                                    "ekit_heading_extra_title_typography_typography": "globals\/typography?id=text",
                                    "ekit_heading_extra_title_color": "globals\/colors?id=text",
                                    "ekit_heading_title_color_hover": "globals\/colors?id=secondary"
                                },
                                "ekit_heading_seperator_image": {
                                    "id": 72,
                                    "url": "https:\/\/htmldesigntemplates.com\/portfoly\/wp-content\/uploads\/sites\/28\/2023\/03\/placeholder-23.png"
                                },
                                "ekit_heading_section_extra_title_show": "yes",
                                "ekit_heading_extra_title": "<p>\u00a0Excepteur sint occaecat cupidatat non proident, sunt in culpa qui officia deserunt mollit anim id est laborum.<\/p>",
                                "ekit_heading_title_color": "#17233E",
                                "ekit_heading_focused_title_color": "#FDC703",
                                "ekit_heading_use_title_text_fill": "",
                                "ekit_heading_seperator_color": "#FDC703",
                                "_margin": {
                                    "unit": "%",
                                    "top": "",
                                    "right": "",
                                    "bottom": "",
                                    "left": "",
                                    "isLinked": true
                                },
                                "_margin_tablet": {
                                    "unit": "%",
                                    "top": "0",
                                    "right": "5",
                                    "bottom": "0",
                                    "left": "5",
                                    "isLinked": false
                                },
                                "_margin_mobile": {
                                    "unit": "%",
                                    "top": "",
                                    "right": "",
                                    "bottom": "",
                                    "left": "",
                                    "isLinked": true
                                },
                                "ekit_heading_title_align_tablet": "text_center",
                                "ekit_heading_extra_title_margin": {
                                    "unit": "px",
                                    "top": "0",
                                    "right": "0",
                                    "bottom": "0",
                                    "left": "0",
                                    "isLinked": false
                                }
                            },
                            "elements": [],
                            "isInner": false,
                            "widgetType": "elementskit-heading",
                            "elType": "widget"
                        },
                        {
                            "id": "657be5e9",
                            "settings": {
                                "space": {
                                    "unit": "px",
                                    "size": 20,
                                    "sizes": []
                                }
                            },
                            "elements": [],
                            "isInner": false,
                            "widgetType": "spacer",
                            "elType": "widget"
                        },
                        {
                            "id": "710d37c3",
                            "settings": {
                                "form_name": "New Form",
                                "form_fields": [
                                    {
                                        "custom_id": "name",
                                        "field_label": "Full Name",
                                        "placeholder": "Full Name",
                                        "width": "",
                                        "_id": "e420d1d",
                                        "previous_button": "",
                                        "next_button": "",
                                        "file_sizes": "",
                                        "file_types": "",
                                        "allow_multiple_upload": "",
                                        "max_files": "",
                                        "acceptance_text": "",
                                        "checked_by_default": "",
                                        "field_min": "",
                                        "field_max": "",
                                        "min_date": "",
                                        "max_date": "",
                                        "use_native_date": "",
                                        "use_native_time": ""
                                    },
                                    {
                                        "custom_id": "field_0b6a31f",
                                        "field_label": "Phone No.",
                                        "placeholder": "Phone No.",
                                        "width": "",
                                        "_id": "0b6a31f",
                                        "previous_button": "",
                                        "next_button": "",
                                        "file_sizes": "",
                                        "file_types": "",
                                        "allow_multiple_upload": "",
                                        "max_files": "",
                                        "acceptance_text": "",
                                        "checked_by_default": "",
                                        "field_min": "",
                                        "field_max": "",
                                        "min_date": "",
                                        "max_date": "",
                                        "use_native_date": "",
                                        "use_native_time": ""
                                    },
                                    {
                                        "custom_id": "email",
                                        "field_type": "email",
                                        "required": "true",
                                        "field_label": "Email Address",
                                        "placeholder": "Email Address",
                                        "width": "",
                                        "_id": "5904842",
                                        "previous_button": "",
                                        "next_button": "",
                                        "file_sizes": "",
                                        "file_types": "",
                                        "allow_multiple_upload": "",
                                        "max_files": "",
                                        "acceptance_text": "",
                                        "checked_by_default": "",
                                        "field_min": "",
                                        "field_max": "",
                                        "min_date": "",
                                        "max_date": "",
                                        "use_native_date": "",
                                        "use_native_time": ""
                                    },
                                    {
                                        "custom_id": "message",
                                        "field_type": "textarea",
                                        "field_label": "Message",
                                        "placeholder": "How Can Me Help You*",
                                        "_id": "dde3e4c",
                                        "previous_button": "",
                                        "next_button": "",
                                        "file_sizes": "",
                                        "file_types": "",
                                        "allow_multiple_upload": "",
                                        "max_files": "",
                                        "acceptance_text": "",
                                        "checked_by_default": "",
                                        "field_min": "",
                                        "field_max": "",
                                        "min_date": "",
                                        "max_date": "",
                                        "use_native_date": "",
                                        "use_native_time": ""
                                    }
                                ],
                                "button_align": "start",
                                "step_next_label": "Next",
                                "step_previous_label": "Previous",
                                "button_text": "Send Message",
                                "email_content": "[all-fields]",
                                "email_content_2": "[all-fields]",
                                "success_message": "The form was sent successfully.",
                                "error_message": "An error occurred.",
                                "required_field_message": "This field is required.",
                                "invalid_message": "There&#039;s something wrong. The form is invalid.",
                                "column_gap": {
                                    "unit": "px",
                                    "size": 20,
                                    "sizes": []
                                },
                                "row_gap": {
                                    "unit": "px",
                                    "size": 25,
                                    "sizes": []
                                },
                                "label_spacing": {
                                    "unit": "px",
                                    "size": 10,
                                    "sizes": []
                                },
                                "_margin": {
                                    "unit": "%",
                                    "top": "0",
                                    "right": "0",
                                    "bottom": "0",
                                    "left": "0",
                                    "isLinked": true
                                },
                                "_margin_tablet": {
                                    "unit": "%",
                                    "top": "0",
                                    "right": "0",
                                    "bottom": "0",
                                    "left": "0",
                                    "isLinked": false
                                },
                                "_margin_mobile": {
                                    "unit": "%",
                                    "top": "",
                                    "right": "",
                                    "bottom": "",
                                    "left": "",
                                    "isLinked": true
                                },
                                "__globals__": {
                                    "button_background_hover_color": "globals\/colors?id=secondary",
                                    "field_typography_typography": "globals\/typography?id=text",
                                    "html_typography_typography": "globals\/typography?id=text",
                                    "button_typography_typography": "globals\/typography?id=accent",
                                    "button_background_color": "globals\/colors?id=accent",
                                    "button_text_color": "globals\/colors?id=3c2ad25",
                                    "button_hover_color": "globals\/colors?id=3c2ad25",
                                    "label_color": "globals\/colors?id=text",
                                    "field_text_color": "globals\/colors?id=text"
                                },
                                "show_labels": "",
                                "field_background_color": ""
                            },
                            "elements": [],
                            "isInner": false,
                            "widgetType": "form",
                            "elType": "widget"
                        }
                    ],
                    "isInner": false,
                    "elType": "column"
                }
            ],
            "isInner": false,
            "elType": "section"
        },
        {
            "id": "789141d4",
            "settings": {
                "padding": {
                    "unit": "px",
                    "top": "0",
                    "right": "0",
                    "bottom": "110",
                    "left": "0",
                    "isLinked": false
                }
            },
            "elements": [
                {
                    "id": "251052c8",
                    "settings": {
                        "_column_size": 100,
                        "_inline_size": null
                    },
                    "elements": [
                        {
                            "id": "5639e3cd",
                            "settings": {
                                "address": "London Eye, London, United Kingdom",
                                "zoom": {
                                    "unit": "px",
                                    "size": 14,
                                    "sizes": []
                                },
                                "height": {
                                    "unit": "px",
                                    "size": 450,
                                    "sizes": []
                                },
                                "css_filters_css_filter": "custom",
                                "css_filters_saturate": {
                                    "unit": "px",
                                    "size": 0,
                                    "sizes": []
                                },
                                "_border_radius": {
                                    "unit": "px",
                                    "top": "0",
                                    "right": "0",
                                    "bottom": "0",
                                    "left": "0",
                                    "isLinked": true
                                }
                            },
                            "elements": [],
                            "isInner": false,
                            "widgetType": "google_maps",
                            "elType": "widget"
                        }
                    ],
                    "isInner": false,
                    "elType": "column"
                }
            ],
            "isInner": false,
            "elType": "section"
        }
    ]
}