{
    "version": "0.4",
    "title": "Error 404",
    "type": "error-404",
    "metadata": {
        "template_type": "single-404",
        "include_in_zip": "1",
        "elementor_pro_required": "1",
        "elementor_library_type": "error-404",
        "elementor_pro_conditions": [
            "include\/singular\/not_found404"
        ],
        "additional_template_information": [
            "This is a \"Error 404\" template for Elementor Pro.",
            "This template will display on: 404 Page."
        ],
        "wp_page_template": "default"
    },
    "content": [
        {
            "id": "3155f04b",
            "settings": {
                "padding": {
                    "unit": "px",
                    "top": "190",
                    "right": "0",
                    "bottom": "100",
                    "left": "0",
                    "isLinked": false
                },
                "background_background": "classic",
                "background_overlay_background": "classic",
                "background_overlay_image": {
                    "url": "https:\/\/htmldesigntemplates.com\/portfoly\/wp-content\/uploads\/sites\/28\/2023\/03\/price-shape1.png",
                    "id": 648,
                    "size": "",
                    "alt": "",
                    "source": "library"
                },
                "background_overlay_opacity": {
                    "unit": "px",
                    "size": 1,
                    "sizes": []
                },
                "background_overlay_position": "center center",
                "background_overlay_repeat": "no-repeat",
                "background_overlay_size": "initial",
                "border_border": "none",
                "border_width": {
                    "unit": "px",
                    "top": "0",
                    "right": "0",
                    "bottom": "5",
                    "left": "0",
                    "isLinked": false
                },
                "border_radius": {
                    "unit": "px",
                    "top": "0",
                    "right": "0",
                    "bottom": "0",
                    "left": "0",
                    "isLinked": true
                },
                "margin": {
                    "unit": "px",
                    "top": "-103",
                    "right": 0,
                    "bottom": "0",
                    "left": 0,
                    "isLinked": false
                },
                "__globals__": {
                    "background_color": "globals\/colors?id=7568283",
                    "border_color": "globals\/colors?id=primary"
                },
                "background_overlay_bg_width": {
                    "unit": "%",
                    "size": 60,
                    "sizes": []
                }
            },
            "elements": [
                {
                    "id": "35a1833b",
                    "settings": {
                        "_column_size": 100,
                        "_inline_size": null,
                        "space_between_widgets": 0
                    },
                    "elements": [
                        {
                            "id": "2eda0e91",
                            "settings": {
                                "view": "inline",
                                "icon_list": [
                                    {
                                        "text": "Home",
                                        "selected_icon": {
                                            "value": "",
                                            "library": ""
                                        },
                                        "_id": "77d28e5"
                                    },
                                    {
                                        "text": "404 Error",
                                        "selected_icon": {
                                            "value": "",
                                            "library": ""
                                        },
                                        "_id": "a483e2a"
                                    }
                                ],
                                "icon_align": "center",
                                "divider": "yes",
                                "__globals__": {
                                    "divider_color": "globals\/colors?id=text",
                                    "text_color": "globals\/colors?id=3c2ad25"
                                }
                            },
                            "elements": [],
                            "isInner": false,
                            "widgetType": "icon-list",
                            "elType": "widget"
                        },
                        {
                            "id": "5f49a1e",
                            "settings": {
                                "ekit_heading_title": "{404} Error",
                                "show_title_border": "",
                                "ekit_heading_sub_title": "Time has changed",
                                "shadow_text_content": "bussiness",
                                "ekit_heading_show_seperator": "",
                                "ekit_heading_seperator_style": "elementskit-border-divider ekit-dotted",
                                "ekit_heading_title_margin": {
                                    "unit": "px",
                                    "top": "0",
                                    "right": "0",
                                    "bottom": "0",
                                    "left": "0",
                                    "isLinked": false
                                },
                                "__globals__": {
                                    "ekit_heading_title_color": "globals\/colors?id=3c2ad25",
                                    "ekit_heading_focused_title_color": "globals\/colors?id=primary",
                                    "ekit_heading_focused_title_typography_typography": "globals\/typography?id=67ace4e",
                                    "ekit_heading_title_typography_typography": "globals\/typography?id=67ace4e",
                                    "ekit_heading_seperator_color": "globals\/colors?id=secondary",
                                    "ekit_heading_focused_title_color_hover": "globals\/colors?id=primary",
                                    "ekit_heading_extra_title_typography_typography": "globals\/typography?id=text",
                                    "ekit_heading_extra_title_color": "globals\/colors?id=3c2ad25",
                                    "ekit_heading_title_color_hover": "globals\/colors?id=3c2ad25",
                                    "ekit_heading_title_text_decoration_color": "globals\/colors?id=primary"
                                },
                                "ekit_heading_seperator_image": {
                                    "id": 51,
                                    "url": "https:\/\/htmldesigntemplates.com\/portfoly\/wp-content\/uploads\/sites\/28\/2023\/03\/placeholder-2.png"
                                },
                                "ekit_heading_section_extra_title_show": "",
                                "ekit_heading_extra_title": "<p>Lorem ipsum dolor sit amet, consetetur sadip scing elitr, sed diam nonumy eirmod ut labore et doloreo magna aliqu lorem ipsum dolor sit amet, consetetur sadip elit sed nonumy eirmod tempor invidunt ut labore et dolor.<\/p><p>Excepteur sint occaecat cupidatat non proident, sunt in culpa qui officia deserunt mollit anim id est laborum.<\/p>",
                                "ekit_heading_title_color": "#17233E",
                                "ekit_heading_focused_title_color": "#FDC703",
                                "ekit_heading_use_title_text_fill": "",
                                "ekit_heading_seperator_color": "#FDC703",
                                "_margin": {
                                    "unit": "%",
                                    "top": "0",
                                    "right": "0",
                                    "bottom": "0",
                                    "left": "0",
                                    "isLinked": true
                                },
                                "_margin_tablet": {
                                    "unit": "%",
                                    "top": "",
                                    "right": "",
                                    "bottom": "",
                                    "left": "",
                                    "isLinked": true
                                },
                                "_margin_mobile": {
                                    "unit": "%",
                                    "top": "0",
                                    "right": "0",
                                    "bottom": "0",
                                    "left": "0",
                                    "isLinked": false
                                },
                                "ekit_heading_title_align_tablet": "text_center",
                                "ekit_heading_title_align_mobile": "text_center",
                                "ekit_heading_title_align": "text_center",
                                "ekit_heading_title_shadow_text_shadow": {
                                    "horizontal": 0,
                                    "vertical": 0,
                                    "blur": 20,
                                    "color": "rgba(255, 255, 255, 0.72)"
                                },
                                "ekit_heading_use_focused_title_bg": "",
                                "_padding": {
                                    "unit": "px",
                                    "top": "0",
                                    "right": "0",
                                    "bottom": "0",
                                    "left": "0",
                                    "isLinked": true
                                },
                                "ekit_heading_title_tag": "h1"
                            },
                            "elements": [],
                            "isInner": false,
                            "widgetType": "elementskit-heading",
                            "elType": "widget"
                        }
                    ],
                    "isInner": false,
                    "elType": "column"
                }
            ],
            "isInner": false,
            "elType": "section"
        },
        {
            "id": "6df86573",
            "settings": {
                "padding": {
                    "unit": "px",
                    "top": "130",
                    "right": "0",
                    "bottom": "100",
                    "left": "0",
                    "isLinked": false
                },
                "background_background": "classic",
                "background_overlay_background": "classic",
                "__globals__": {
                    "background_overlay_color": "",
                    "background_color": ""
                },
                "content_position": "middle",
                "background_position": "center center",
                "background_repeat": "no-repeat",
                "background_size": "contain",
                "background_image": {
                    "url": "",
                    "id": "",
                    "size": "",
                    "alt": "",
                    "source": "library"
                },
                "background_overlay_image": {
                    "url": "https:\/\/htmldesigntemplates.com\/portfoly\/wp-content\/uploads\/sites\/28\/2023\/03\/price-shape1.png",
                    "id": 648,
                    "size": "",
                    "alt": "",
                    "source": "library"
                },
                "background_overlay_position": "center center",
                "background_overlay_repeat": "no-repeat",
                "background_overlay_size": "contain"
            },
            "elements": [
                {
                    "id": "5742dca2",
                    "settings": {
                        "_column_size": 100,
                        "_inline_size": null,
                        "_inline_size_tablet": 100,
                        "margin": {
                            "unit": "%",
                            "top": "0",
                            "right": "25",
                            "bottom": "0",
                            "left": "25",
                            "isLinked": false
                        },
                        "margin_tablet": {
                            "unit": "px",
                            "top": "0",
                            "right": "0",
                            "bottom": "0",
                            "left": "0",
                            "isLinked": false
                        }
                    },
                    "elements": [
                        {
                            "id": "7ceb564e",
                            "settings": {
                                "image": {
                                    "url": "https:\/\/htmldesigntemplates.com\/portfoly\/wp-content\/uploads\/sites\/28\/2023\/03\/curri-01.png",
                                    "id": 3113,
                                    "size": "",
                                    "alt": "",
                                    "source": "library"
                                },
                                "image_size": "full",
                                "width": {
                                    "unit": "%",
                                    "size": 50,
                                    "sizes": []
                                },
                                "_margin": {
                                    "unit": "px",
                                    "top": "0",
                                    "right": "0",
                                    "bottom": "20",
                                    "left": "0",
                                    "isLinked": false
                                }
                            },
                            "elements": [],
                            "isInner": false,
                            "widgetType": "image",
                            "elType": "widget"
                        },
                        {
                            "id": "27f01dda",
                            "settings": {
                                "title": "The page you were looking for couldn't be found.",
                                "header_size": "h4",
                                "align_mobile": "center",
                                "align": "center",
                                "align_tablet": "center",
                                "__globals__": {
                                    "typography_typography": "globals\/typography?id=83a0a2f",
                                    "title_color": "globals\/colors?id=secondary"
                                },
                                "typography_line_height": {
                                    "unit": "em",
                                    "size": "",
                                    "sizes": []
                                },
                                "typography_word_spacing": {
                                    "unit": "em",
                                    "size": "",
                                    "sizes": []
                                },
                                "_background_background": "classic",
                                "_background_image": {
                                    "id": "",
                                    "url": ""
                                }
                            },
                            "elements": [],
                            "isInner": false,
                            "widgetType": "heading",
                            "elType": "widget"
                        },
                        {
                            "id": "609b4617",
                            "settings": {
                                "title": "Ooops.",
                                "align_mobile": "center",
                                "align": "center",
                                "align_tablet": "center",
                                "__globals__": {
                                    "typography_typography": "globals\/typography?id=eb63c04",
                                    "title_color": "globals\/colors?id=8b564f1",
                                    "text_stroke_stroke_color": "globals\/colors?id=primary"
                                },
                                "header_size": "h1",
                                "typography_line_height": {
                                    "unit": "em",
                                    "size": "",
                                    "sizes": []
                                },
                                "typography_word_spacing": {
                                    "unit": "em",
                                    "size": "",
                                    "sizes": []
                                },
                                "text_stroke_text_stroke_type": "yes",
                                "text_stroke_text_stroke": {
                                    "unit": "px",
                                    "size": 1,
                                    "sizes": []
                                },
                                "_margin": {
                                    "unit": "px",
                                    "top": "0",
                                    "right": "0",
                                    "bottom": "20",
                                    "left": "0",
                                    "isLinked": false
                                }
                            },
                            "elements": [],
                            "isInner": false,
                            "widgetType": "heading",
                            "elType": "widget"
                        },
                        {
                            "id": "934b279",
                            "settings": {
                                "title": "It looks like nothing was found at this location. Maybe try one of the links below or a search?",
                                "header_size": "p",
                                "align_mobile": "center",
                                "align": "center",
                                "__globals__": {
                                    "typography_typography": "globals\/typography?id=text",
                                    "title_color": "globals\/colors?id=text"
                                },
                                "typography_line_height": {
                                    "unit": "em",
                                    "size": "",
                                    "sizes": []
                                },
                                "typography_word_spacing": {
                                    "unit": "em",
                                    "size": "",
                                    "sizes": []
                                },
                                "align_tablet": "center"
                            },
                            "elements": [],
                            "isInner": false,
                            "widgetType": "heading",
                            "elType": "widget"
                        },
                        {
                            "id": "5a3ebcc0",
                            "settings": {
                                "placeholder": "Search...",
                                "button_text": "Search",
                                "border_radius": {
                                    "unit": "px",
                                    "size": 0
                                },
                                "_padding": {
                                    "unit": "px",
                                    "top": "0",
                                    "right": "0",
                                    "bottom": "0",
                                    "left": "0",
                                    "isLinked": true
                                },
                                "_padding_mobile": {
                                    "unit": "px",
                                    "top": "0",
                                    "right": "0",
                                    "bottom": "0",
                                    "left": "0",
                                    "isLinked": true
                                },
                                "border_radius_mobile": {
                                    "unit": "px",
                                    "size": 0,
                                    "sizes": []
                                },
                                "__globals__": {
                                    "input_typography_typography": "globals\/typography?id=text",
                                    "input_background_color": "globals\/colors?id=8b564f1",
                                    "button_background_color": "globals\/colors?id=secondary",
                                    "button_background_color_hover": "globals\/colors?id=primary",
                                    "button_text_color": "globals\/colors?id=3c2ad25",
                                    "button_text_color_hover": "globals\/colors?id=3c2ad25"
                                },
                                "button_typography_line_height": {
                                    "unit": "em",
                                    "size": "",
                                    "sizes": []
                                },
                                "button_typography_word_spacing": {
                                    "unit": "em",
                                    "size": "",
                                    "sizes": []
                                },
                                "_margin_tablet": {
                                    "unit": "%",
                                    "top": "0",
                                    "right": "10",
                                    "bottom": "0",
                                    "left": "10",
                                    "isLinked": false
                                },
                                "_margin_mobile": {
                                    "unit": "%",
                                    "top": "0",
                                    "right": "0",
                                    "bottom": "0",
                                    "left": "0",
                                    "isLinked": false
                                },
                                "button_text_color": "#FFFFFF"
                            },
                            "elements": [],
                            "isInner": false,
                            "widgetType": "search-form",
                            "elType": "widget"
                        }
                    ],
                    "isInner": false,
                    "elType": "column"
                }
            ],
            "isInner": false,
            "elType": "section"
        }
    ]
}