{
    "version": "0.4",
    "title": "Faq",
    "type": "page",
    "metadata": {
        "template_type": "single-page",
        "include_in_zip": "1",
        "elementor_pro_required": "1",
        "wp_page_template": "default"
    },
    "content": [
        {
            "id": "7e14bfce",
            "settings": {
                "padding": {
                    "unit": "px",
                    "top": "190",
                    "right": "0",
                    "bottom": "100",
                    "left": "0",
                    "isLinked": false
                },
                "background_background": "classic",
                "background_overlay_background": "classic",
                "background_overlay_image": {
                    "url": "https:\/\/htmldesigntemplates.com\/portfoly\/wp-content\/uploads\/sites\/28\/2023\/03\/price-shape1.png",
                    "id": 648,
                    "size": "",
                    "alt": "",
                    "source": "library"
                },
                "background_overlay_opacity": {
                    "unit": "px",
                    "size": 1,
                    "sizes": []
                },
                "background_overlay_position": "center center",
                "background_overlay_repeat": "no-repeat",
                "background_overlay_size": "initial",
                "border_border": "none",
                "border_width": {
                    "unit": "px",
                    "top": "0",
                    "right": "0",
                    "bottom": "5",
                    "left": "0",
                    "isLinked": false
                },
                "border_radius": {
                    "unit": "px",
                    "top": "0",
                    "right": "0",
                    "bottom": "0",
                    "left": "0",
                    "isLinked": true
                },
                "margin": {
                    "unit": "px",
                    "top": "-103",
                    "right": 0,
                    "bottom": "0",
                    "left": 0,
                    "isLinked": false
                },
                "__globals__": {
                    "background_color": "globals\/colors?id=7568283",
                    "border_color": "globals\/colors?id=primary"
                },
                "background_overlay_bg_width": {
                    "unit": "%",
                    "size": 60,
                    "sizes": []
                }
            },
            "elements": [
                {
                    "id": "26714754",
                    "settings": {
                        "_column_size": 100,
                        "_inline_size": null,
                        "space_between_widgets": 0
                    },
                    "elements": [
                        {
                            "id": "9a12b1",
                            "settings": {
                                "view": "inline",
                                "icon_list": [
                                    {
                                        "text": "Home",
                                        "selected_icon": {
                                            "value": "",
                                            "library": ""
                                        },
                                        "_id": "77d28e5"
                                    },
                                    {
                                        "text": "Frequent Questions",
                                        "selected_icon": {
                                            "value": "",
                                            "library": ""
                                        },
                                        "_id": "a483e2a"
                                    }
                                ],
                                "icon_align": "center",
                                "divider": "yes",
                                "__globals__": {
                                    "divider_color": "globals\/colors?id=text",
                                    "text_color": "globals\/colors?id=3c2ad25"
                                }
                            },
                            "elements": [],
                            "isInner": false,
                            "widgetType": "icon-list",
                            "elType": "widget"
                        },
                        {
                            "id": "7fe514e4",
                            "settings": {
                                "ekit_heading_title": "Frequent {Questions}",
                                "show_title_border": "",
                                "ekit_heading_sub_title": "Time has changed",
                                "shadow_text_content": "bussiness",
                                "ekit_heading_show_seperator": "",
                                "ekit_heading_seperator_style": "elementskit-border-divider ekit-dotted",
                                "ekit_heading_title_margin": {
                                    "unit": "px",
                                    "top": "0",
                                    "right": "0",
                                    "bottom": "0",
                                    "left": "0",
                                    "isLinked": false
                                },
                                "__globals__": {
                                    "ekit_heading_title_color": "globals\/colors?id=3c2ad25",
                                    "ekit_heading_focused_title_color": "globals\/colors?id=primary",
                                    "ekit_heading_focused_title_typography_typography": "globals\/typography?id=67ace4e",
                                    "ekit_heading_title_typography_typography": "globals\/typography?id=67ace4e",
                                    "ekit_heading_seperator_color": "globals\/colors?id=secondary",
                                    "ekit_heading_focused_title_color_hover": "globals\/colors?id=primary",
                                    "ekit_heading_extra_title_typography_typography": "globals\/typography?id=text",
                                    "ekit_heading_extra_title_color": "globals\/colors?id=3c2ad25",
                                    "ekit_heading_title_color_hover": "globals\/colors?id=3c2ad25",
                                    "ekit_heading_title_text_decoration_color": "globals\/colors?id=primary"
                                },
                                "ekit_heading_seperator_image": {
                                    "id": 51,
                                    "url": "https:\/\/htmldesigntemplates.com\/portfoly\/wp-content\/uploads\/sites\/28\/2023\/03\/placeholder-2.png"
                                },
                                "ekit_heading_section_extra_title_show": "",
                                "ekit_heading_extra_title": "<p>Lorem ipsum dolor sit amet, consetetur sadip scing elitr, sed diam nonumy eirmod ut labore et doloreo magna aliqu lorem ipsum dolor sit amet, consetetur sadip elit sed nonumy eirmod tempor invidunt ut labore et dolor.<\/p><p>Excepteur sint occaecat cupidatat non proident, sunt in culpa qui officia deserunt mollit anim id est laborum.<\/p>",
                                "ekit_heading_title_color": "#17233E",
                                "ekit_heading_focused_title_color": "#FDC703",
                                "ekit_heading_use_title_text_fill": "",
                                "ekit_heading_seperator_color": "#FDC703",
                                "_margin": {
                                    "unit": "%",
                                    "top": "0",
                                    "right": "0",
                                    "bottom": "0",
                                    "left": "0",
                                    "isLinked": true
                                },
                                "_margin_tablet": {
                                    "unit": "%",
                                    "top": "",
                                    "right": "",
                                    "bottom": "",
                                    "left": "",
                                    "isLinked": true
                                },
                                "_margin_mobile": {
                                    "unit": "%",
                                    "top": "0",
                                    "right": "0",
                                    "bottom": "0",
                                    "left": "0",
                                    "isLinked": false
                                },
                                "ekit_heading_title_align_tablet": "text_center",
                                "ekit_heading_title_align_mobile": "text_center",
                                "ekit_heading_title_align": "text_center",
                                "ekit_heading_title_shadow_text_shadow": {
                                    "horizontal": 0,
                                    "vertical": 0,
                                    "blur": 20,
                                    "color": "rgba(255, 255, 255, 0.72)"
                                },
                                "ekit_heading_use_focused_title_bg": "",
                                "_padding": {
                                    "unit": "px",
                                    "top": "0",
                                    "right": "0",
                                    "bottom": "0",
                                    "left": "0",
                                    "isLinked": true
                                },
                                "ekit_heading_title_tag": "h1"
                            },
                            "elements": [],
                            "isInner": false,
                            "widgetType": "elementskit-heading",
                            "elType": "widget"
                        }
                    ],
                    "isInner": false,
                    "elType": "column"
                }
            ],
            "isInner": false,
            "elType": "section"
        },
        {
            "id": "401f8da5",
            "settings": {
                "padding": {
                    "unit": "px",
                    "top": "110",
                    "right": "0",
                    "bottom": "100",
                    "left": "0",
                    "isLinked": false
                }
            },
            "elements": [
                {
                    "id": "4901c0e2",
                    "settings": {
                        "_column_size": 100,
                        "_inline_size": null,
                        "space_between_widgets": 0
                    },
                    "elements": [
                        {
                            "id": "398e1a17",
                            "settings": {
                                "image": {
                                    "url": "https:\/\/htmldesigntemplates.com\/portfoly\/wp-content\/uploads\/sites\/28\/2023\/03\/teenage-girl-wearing-headset-gaming-at-home-using-2022-02-08-22-39-25-utc.jpg",
                                    "id": 636,
                                    "size": "",
                                    "alt": "",
                                    "source": "library"
                                },
                                "image_size": "full",
                                "width": {
                                    "unit": "%",
                                    "size": 100,
                                    "sizes": []
                                },
                                "image_border_radius": {
                                    "unit": "px",
                                    "top": "0",
                                    "right": "0",
                                    "bottom": "0",
                                    "left": "0",
                                    "isLinked": true
                                },
                                "_margin": {
                                    "unit": "px",
                                    "top": "0",
                                    "right": "0",
                                    "bottom": "0",
                                    "left": "0",
                                    "isLinked": true
                                }
                            },
                            "elements": [],
                            "isInner": false,
                            "widgetType": "image",
                            "elType": "widget"
                        },
                        {
                            "id": "6590e575",
                            "settings": {
                                "space": {
                                    "unit": "px",
                                    "size": 40,
                                    "sizes": []
                                }
                            },
                            "elements": [],
                            "isInner": false,
                            "widgetType": "spacer",
                            "elType": "widget"
                        },
                        {
                            "id": "227ddd83",
                            "settings": {
                                "gap": "no",
                                "content_position": "middle",
                                "structure": "20"
                            },
                            "elements": [
                                {
                                    "id": "4cdc9847",
                                    "settings": {
                                        "_column_size": 50,
                                        "_inline_size": 50,
                                        "space_between_widgets": 0,
                                        "margin": {
                                            "unit": "px",
                                            "top": "0",
                                            "right": "20",
                                            "bottom": "0",
                                            "left": "0",
                                            "isLinked": false
                                        },
                                        "_inline_size_tablet": 100,
                                        "margin_tablet": {
                                            "unit": "px",
                                            "top": "0",
                                            "right": "0",
                                            "bottom": "0",
                                            "left": "0",
                                            "isLinked": false
                                        }
                                    },
                                    "elements": [
                                        {
                                            "id": "4c61ea1b",
                                            "settings": {
                                                "ekit_heading_title": "General {Questions}",
                                                "show_title_border": "",
                                                "ekit_heading_sub_title": "Time has changed",
                                                "shadow_text_content": "bussiness",
                                                "ekit_heading_show_seperator": "",
                                                "ekit_heading_seperator_style": "elementskit-border-divider ekit-dotted",
                                                "ekit_heading_title_margin": {
                                                    "unit": "px",
                                                    "top": "0",
                                                    "right": "0",
                                                    "bottom": "5",
                                                    "left": "0",
                                                    "isLinked": false
                                                },
                                                "__globals__": {
                                                    "ekit_heading_title_color": "globals\/colors?id=secondary",
                                                    "ekit_heading_focused_title_color": "globals\/colors?id=primary",
                                                    "ekit_heading_focused_title_typography_typography": "globals\/typography?id=be86681",
                                                    "ekit_heading_title_typography_typography": "globals\/typography?id=be86681",
                                                    "ekit_heading_seperator_color": "globals\/colors?id=secondary",
                                                    "ekit_heading_focused_title_color_hover": "globals\/colors?id=primary",
                                                    "ekit_heading_extra_title_typography_typography": "globals\/typography?id=text",
                                                    "ekit_heading_extra_title_color": "globals\/colors?id=text",
                                                    "_border_color": "globals\/colors?id=8b564f1",
                                                    "ekit_heading_title_color_hover": "globals\/colors?id=secondary"
                                                },
                                                "ekit_heading_seperator_image": {
                                                    "id": 54,
                                                    "url": "https:\/\/htmldesigntemplates.com\/portfoly\/wp-content\/uploads\/sites\/28\/2023\/03\/placeholder-5.png"
                                                },
                                                "ekit_heading_section_extra_title_show": "",
                                                "ekit_heading_extra_title": "<p>Excepteur sint occaecat cupidatat non proident, sunt in culpa qui officia deserunt mollit anim id est laborum.<\/p>",
                                                "ekit_heading_title_color": "#17233E",
                                                "ekit_heading_focused_title_color": "#FDC703",
                                                "ekit_heading_use_title_text_fill": "",
                                                "ekit_heading_seperator_color": "#FDC703",
                                                "_margin": {
                                                    "unit": "%",
                                                    "top": "0",
                                                    "right": "0",
                                                    "bottom": "0",
                                                    "left": "0",
                                                    "isLinked": true
                                                },
                                                "_margin_tablet": {
                                                    "unit": "px",
                                                    "top": "0",
                                                    "right": "0",
                                                    "bottom": "0",
                                                    "left": "0",
                                                    "isLinked": true
                                                },
                                                "ekit_heading_title_align_tablet": "text_center",
                                                "ekit_heading_title_tag": "h4",
                                                "_padding": {
                                                    "unit": "px",
                                                    "top": "0",
                                                    "right": "0",
                                                    "bottom": "0",
                                                    "left": "0",
                                                    "isLinked": true
                                                },
                                                "_border_border": "none",
                                                "_border_width": {
                                                    "unit": "px",
                                                    "top": "2",
                                                    "right": "2",
                                                    "bottom": "2",
                                                    "left": "2",
                                                    "isLinked": true
                                                },
                                                "ekit_heading_extra_title_margin": {
                                                    "unit": "px",
                                                    "top": "0",
                                                    "right": "0",
                                                    "bottom": "0",
                                                    "left": "0",
                                                    "isLinked": false
                                                },
                                                "ekit_heading_title_align_mobile": "text_center",
                                                "_margin_mobile": {
                                                    "unit": "px",
                                                    "top": "0",
                                                    "right": "0",
                                                    "bottom": "0",
                                                    "left": "0",
                                                    "isLinked": false
                                                }
                                            },
                                            "elements": [],
                                            "isInner": false,
                                            "widgetType": "elementskit-heading",
                                            "elType": "widget"
                                        },
                                        {
                                            "id": "7ee7f09b",
                                            "settings": {
                                                "ekit_heading_title": "Frequntly Asked {Questions!!}",
                                                "show_title_border": "",
                                                "ekit_heading_sub_title": "Time has changed",
                                                "shadow_text_content": "bussiness",
                                                "ekit_heading_show_seperator": "",
                                                "ekit_heading_seperator_style": "elementskit-border-divider ekit-dotted",
                                                "ekit_heading_title_margin": {
                                                    "unit": "px",
                                                    "top": "0",
                                                    "right": "0",
                                                    "bottom": "0",
                                                    "left": "0",
                                                    "isLinked": false
                                                },
                                                "__globals__": {
                                                    "ekit_heading_title_color": "globals\/colors?id=secondary",
                                                    "ekit_heading_focused_title_color": "globals\/colors?id=primary",
                                                    "ekit_heading_focused_title_typography_typography": "globals\/typography?id=3f3e88c",
                                                    "ekit_heading_title_typography_typography": "globals\/typography?id=3f3e88c",
                                                    "ekit_heading_seperator_color": "globals\/colors?id=secondary",
                                                    "ekit_heading_focused_title_color_hover": "globals\/colors?id=primary",
                                                    "ekit_heading_extra_title_typography_typography": "globals\/typography?id=text",
                                                    "ekit_heading_extra_title_color": "globals\/colors?id=text",
                                                    "ekit_heading_title_color_hover": "globals\/colors?id=secondary"
                                                },
                                                "ekit_heading_seperator_image": {
                                                    "id": 51,
                                                    "url": "https:\/\/htmldesigntemplates.com\/portfoly\/wp-content\/uploads\/sites\/28\/2023\/03\/placeholder-2.png"
                                                },
                                                "ekit_heading_section_extra_title_show": "yes",
                                                "ekit_heading_extra_title": "<p>Lorem ipsum dolor sit amet, consectetur adipiscing elit, sed do eiusmod tempor incididunt ut labore et dolore magna aliqua.<\/p><p>Excepteur sint occaecat cupidatat non proident, sunt in culpa qui officia deserunt mollit anim id est laborum.<\/p>",
                                                "ekit_heading_title_color": "#17233E",
                                                "ekit_heading_focused_title_color": "#FDC703",
                                                "ekit_heading_use_title_text_fill": "",
                                                "ekit_heading_seperator_color": "#FDC703",
                                                "_margin": {
                                                    "unit": "%",
                                                    "top": "0",
                                                    "right": "0",
                                                    "bottom": "0",
                                                    "left": "0",
                                                    "isLinked": true
                                                },
                                                "_margin_tablet": {
                                                    "unit": "%",
                                                    "top": "",
                                                    "right": "",
                                                    "bottom": "",
                                                    "left": "",
                                                    "isLinked": true
                                                },
                                                "_margin_mobile": {
                                                    "unit": "%",
                                                    "top": "0",
                                                    "right": "0",
                                                    "bottom": "0",
                                                    "left": "0",
                                                    "isLinked": false
                                                },
                                                "ekit_heading_title_align_tablet": "text_center",
                                                "ekit_heading_title_align_mobile": "text_center"
                                            },
                                            "elements": [],
                                            "isInner": false,
                                            "widgetType": "elementskit-heading",
                                            "elType": "widget"
                                        }
                                    ],
                                    "isInner": true,
                                    "elType": "column"
                                },
                                {
                                    "id": "2e4ce2f3",
                                    "settings": {
                                        "_column_size": 50,
                                        "_inline_size": 50,
                                        "margin": {
                                            "unit": "px",
                                            "top": "0",
                                            "right": "0",
                                            "bottom": "0",
                                            "left": "20",
                                            "isLinked": false
                                        },
                                        "_inline_size_tablet": 100,
                                        "margin_tablet": {
                                            "unit": "px",
                                            "top": "0",
                                            "right": "0",
                                            "bottom": "0",
                                            "left": "0",
                                            "isLinked": false
                                        }
                                    },
                                    "elements": [
                                        {
                                            "id": "546ba1a7",
                                            "settings": {
                                                "tabs": [
                                                    {
                                                        "tab_title": "Global search engine optimization ",
                                                        "tab_content": "Phasellus quis diam sed ligula sagittis tempus malesuada sed eros. Quisque elementum, diam et pellentesque volutpat, ligula diam suscipit ligula, sit amet hendrerit arcu ipsum eu nulla. Morbi sed molestie nulla, ac viverra turpis.",
                                                        "_id": "615452f"
                                                    },
                                                    {
                                                        "tab_title": "We own and shape our future.",
                                                        "tab_content": "<p>Lorem ipsum dolor sit amet, consectetur adipiscing elit. Curabitur interdum, arcu a accumsan vulputate, leo diam sodales mi, et bibendum mi nunc at lorem. Etiam ut nisi hendrerit, iaculis metus at, accumsan purus. Vestibulum facilisis iaculis mauris ac pulvinar.<\/p>",
                                                        "_id": "32563d9"
                                                    },
                                                    {
                                                        "_id": "c07ca1a",
                                                        "tab_title": "Branding Strategy for startups ",
                                                        "tab_content": "<p>Phasellus quis diam sed ligula sagittis tempus malesuada sed eros. Quisque elementum, diam et pellentesque volutpat, ligula diam suscipit ligula, sit amet hendrerit arcu ipsum eu nulla. Morbi sed molestie nulla, ac viverra turpis.<\/p>"
                                                    },
                                                    {
                                                        "tab_title": "How long do I get support & updates? ",
                                                        "tab_content": "<p>Phasellus quis diam sed ligula sagittis tempus malesuada sed eros. Quisque elementum, diam et pellentesque volutpat, ligula diam suscipit ligula, sit amet hendrerit arcu ipsum eu nulla. Morbi sed molestie nulla, ac viverra turpis.<\/p>",
                                                        "_id": "bfb4169"
                                                    }
                                                ],
                                                "border_width": {
                                                    "unit": "px",
                                                    "size": 1,
                                                    "sizes": []
                                                },
                                                "title_padding": {
                                                    "unit": "px",
                                                    "top": "20",
                                                    "right": "20",
                                                    "bottom": "20",
                                                    "left": "20",
                                                    "isLinked": false
                                                },
                                                "icon_align": "right",
                                                "content_padding": {
                                                    "unit": "px",
                                                    "top": "30",
                                                    "right": "30",
                                                    "bottom": "30",
                                                    "left": "30",
                                                    "isLinked": true
                                                },
                                                "__globals__": {
                                                    "border_color": "",
                                                    "title_color": "globals\/colors?id=text",
                                                    "tab_active_color": "globals\/colors?id=primary",
                                                    "icon_color": "globals\/colors?id=3c2ad25",
                                                    "icon_active_color": "globals\/colors?id=primary",
                                                    "content_color": "globals\/colors?id=text",
                                                    "title_typography_typography": "globals\/typography?id=cbcd450",
                                                    "content_typography_typography": "",
                                                    "title_background": "globals\/colors?id=3c2ad25",
                                                    "_background_color": "",
                                                    "content_background_color": "globals\/colors?id=8b564f1"
                                                },
                                                "pa_condition_repeater": [
                                                    {
                                                        "_id": "83bd813"
                                                    }
                                                ],
                                                "selected_icon": {
                                                    "value": "icon icon-plus",
                                                    "library": "ekiticons"
                                                },
                                                "selected_active_icon": {
                                                    "value": "icon icon-minus",
                                                    "library": "ekiticons"
                                                },
                                                "title_color": "#666666",
                                                "tab_active_color": "#E99D36",
                                                "icon_color": "#FFFFFF",
                                                "icon_active_color": "#E99D36",
                                                "content_color": "#666666",
                                                "_background_background": "classic",
                                                "_margin_tablet": {
                                                    "unit": "px",
                                                    "top": "30",
                                                    "right": "0",
                                                    "bottom": "0",
                                                    "left": "0",
                                                    "isLinked": false
                                                },
                                                "content_typography_line_height": {
                                                    "unit": "em",
                                                    "size": 1.5,
                                                    "sizes": []
                                                },
                                                "content_typography_word_spacing": {
                                                    "unit": "em",
                                                    "size": "",
                                                    "sizes": []
                                                },
                                                "faq_schema": "yes",
                                                "_border_border": "none",
                                                "_border_radius": {
                                                    "unit": "px",
                                                    "top": "0",
                                                    "right": "0",
                                                    "bottom": "0",
                                                    "left": "0",
                                                    "isLinked": true
                                                },
                                                "border_color": "#66666610",
                                                "content_background_color": "#F9F9F9",
                                                "content_typography_font_family": "Poppins",
                                                "content_typography_font_size": {
                                                    "unit": "px",
                                                    "size": 15,
                                                    "sizes": []
                                                },
                                                "content_typography_font_weight": "400",
                                                "content_typography_text_transform": "none",
                                                "title_background": "#FFFFFF"
                                            },
                                            "elements": [],
                                            "isInner": false,
                                            "widgetType": "accordion",
                                            "elType": "widget"
                                        }
                                    ],
                                    "isInner": true,
                                    "elType": "column"
                                }
                            ],
                            "isInner": true,
                            "elType": "section"
                        }
                    ],
                    "isInner": false,
                    "elType": "column"
                }
            ],
            "isInner": false,
            "elType": "section"
        },
        {
            "id": "16601ec9",
            "settings": {
                "structure": "20",
                "background_background": "classic",
                "background_position": "center center",
                "background_repeat": "no-repeat",
                "background_size": "contain",
                "background_bg_width": {
                    "unit": "%",
                    "size": 60,
                    "sizes": []
                },
                "background_overlay_background": "classic",
                "padding": {
                    "unit": "px",
                    "top": "110",
                    "right": "0",
                    "bottom": "0",
                    "left": "0",
                    "isLinked": false
                },
                "__globals__": {
                    "background_overlay_color": "",
                    "background_color": "globals\/colors?id=3c2ad25",
                    "background_color_b": "globals\/colors?id=secondary",
                    "background_overlay_color_b": "globals\/colors?id=secondary"
                },
                "background_motion_fx_translateX_effect": "yes",
                "background_overlay_size": "contain",
                "background_image": {
                    "url": "",
                    "id": "",
                    "size": "",
                    "alt": "",
                    "source": "library"
                },
                "background_overlay_position": "center center",
                "background_overlay_repeat": "no-repeat",
                "background_overlay_bg_width": {
                    "unit": "%",
                    "size": 50,
                    "sizes": []
                },
                "background_color_b": "#191919",
                "background_gradient_position": "center left",
                "background_overlay_color_b": "#191919",
                "background_overlay_color_b_stop": {
                    "unit": "%",
                    "size": 80,
                    "sizes": []
                },
                "background_overlay_image": {
                    "url": "https:\/\/htmldesigntemplates.com\/portfoly\/wp-content\/uploads\/sites\/28\/2023\/03\/price-shape1.png",
                    "id": 648,
                    "size": "",
                    "alt": "",
                    "source": "library"
                },
                "background_overlay_opacity": {
                    "unit": "px",
                    "size": 0.8,
                    "sizes": []
                },
                "border_radius": {
                    "unit": "px",
                    "top": "0",
                    "right": "0",
                    "bottom": "0",
                    "left": "0",
                    "isLinked": false
                }
            },
            "elements": [
                {
                    "id": "12aa7b56",
                    "settings": {
                        "_column_size": 50,
                        "_inline_size": 60,
                        "margin": {
                            "unit": "px",
                            "top": "0",
                            "right": "30",
                            "bottom": "110",
                            "left": "0",
                            "isLinked": false
                        },
                        "_inline_size_tablet": 100,
                        "margin_tablet": {
                            "unit": "px",
                            "top": "0",
                            "right": "0",
                            "bottom": "0",
                            "left": "0",
                            "isLinked": false
                        },
                        "background_background": "classic",
                        "__globals__": {
                            "background_color": ""
                        },
                        "space_between_widgets": 0
                    },
                    "elements": [
                        {
                            "id": "77b98685",
                            "settings": {
                                "title": "Advantages",
                                "header_size": "h4",
                                "align": "left",
                                "__globals__": {
                                    "title_color": "",
                                    "typography_typography": "globals\/typography?id=eb63c04"
                                },
                                "title_color": "#2828289E",
                                "_margin": {
                                    "unit": "%",
                                    "top": "0",
                                    "right": "0",
                                    "bottom": "0",
                                    "left": "0",
                                    "isLinked": false
                                },
                                "_margin_tablet": {
                                    "unit": "%",
                                    "top": "",
                                    "right": "",
                                    "bottom": "",
                                    "left": "",
                                    "isLinked": true
                                },
                                "_margin_mobile": {
                                    "unit": "%",
                                    "top": "",
                                    "right": "",
                                    "bottom": "",
                                    "left": "",
                                    "isLinked": true
                                },
                                "_element_custom_width": {
                                    "unit": "%",
                                    "size": 16,
                                    "sizes": []
                                },
                                "_element_vertical_align": "center",
                                "_position": "absolute",
                                "_offset_x": {
                                    "unit": "px",
                                    "size": 10,
                                    "sizes": []
                                },
                                "_offset_y_end": {
                                    "unit": "px",
                                    "size": 0,
                                    "sizes": []
                                },
                                "_z_index": -1,
                                "_transform_rotateZ_effect": {
                                    "unit": "px",
                                    "size": -90,
                                    "sizes": []
                                },
                                "motion_fx_transform_x_anchor_point": "left",
                                "motion_fx_transform_y_anchor_point": "center",
                                "_offset_y": {
                                    "unit": "px",
                                    "size": -20,
                                    "sizes": []
                                }
                            },
                            "elements": [],
                            "isInner": false,
                            "widgetType": "heading",
                            "elType": "widget"
                        },
                        {
                            "id": "622b2eae",
                            "settings": {
                                "ekit_heading_title": "Let's {Work} Together!",
                                "show_title_border": "",
                                "ekit_heading_sub_title": "Time has changed",
                                "shadow_text_content": "bussiness",
                                "ekit_heading_show_seperator": "",
                                "ekit_heading_seperator_style": "elementskit-border-divider ekit-dotted",
                                "ekit_heading_title_margin": {
                                    "unit": "px",
                                    "top": "0",
                                    "right": "0",
                                    "bottom": "10",
                                    "left": "0",
                                    "isLinked": false
                                },
                                "__globals__": {
                                    "ekit_heading_title_color": "globals\/colors?id=secondary",
                                    "ekit_heading_focused_title_color": "globals\/colors?id=primary",
                                    "ekit_heading_focused_title_typography_typography": "globals\/typography?id=3f3e88c",
                                    "ekit_heading_title_typography_typography": "globals\/typography?id=3f3e88c",
                                    "ekit_heading_seperator_color": "globals\/colors?id=secondary",
                                    "ekit_heading_focused_title_color_hover": "globals\/colors?id=primary",
                                    "ekit_heading_extra_title_typography_typography": "globals\/typography?id=text",
                                    "ekit_heading_extra_title_color": "globals\/colors?id=text",
                                    "ekit_heading_title_color_hover": "globals\/colors?id=secondary"
                                },
                                "ekit_heading_seperator_image": {
                                    "id": 72,
                                    "url": "https:\/\/htmldesigntemplates.com\/portfoly\/wp-content\/uploads\/sites\/28\/2023\/03\/placeholder-23.png"
                                },
                                "ekit_heading_section_extra_title_show": "yes",
                                "ekit_heading_extra_title": "<p>\u00a0Excepteur sint occaecat cupidatat non proident, sunt in culpa qui officia deserunt mollit anim id est laborum. Excepteur sint occaecat cupidatat non proident, sunt in culpa qui officia deserunt mollit anim id est laborum.<\/p>",
                                "ekit_heading_title_color": "#17233E",
                                "ekit_heading_focused_title_color": "#FDC703",
                                "ekit_heading_use_title_text_fill": "",
                                "ekit_heading_seperator_color": "#FDC703",
                                "_margin": {
                                    "unit": "%",
                                    "top": "",
                                    "right": "",
                                    "bottom": "",
                                    "left": "",
                                    "isLinked": true
                                },
                                "_margin_tablet": {
                                    "unit": "%",
                                    "top": "0",
                                    "right": "0",
                                    "bottom": "0",
                                    "left": "0",
                                    "isLinked": true
                                },
                                "_margin_mobile": {
                                    "unit": "%",
                                    "top": "",
                                    "right": "",
                                    "bottom": "",
                                    "left": "",
                                    "isLinked": true
                                },
                                "ekit_heading_title_align_tablet": "text_center",
                                "ekit_heading_extra_title_margin": {
                                    "unit": "px",
                                    "top": "0",
                                    "right": "0",
                                    "bottom": "0",
                                    "left": "0",
                                    "isLinked": false
                                }
                            },
                            "elements": [],
                            "isInner": false,
                            "widgetType": "elementskit-heading",
                            "elType": "widget"
                        },
                        {
                            "id": "3d67bb60",
                            "settings": {
                                "space": {
                                    "unit": "px",
                                    "size": 30,
                                    "sizes": []
                                }
                            },
                            "elements": [],
                            "isInner": false,
                            "widgetType": "spacer",
                            "elType": "widget"
                        },
                        {
                            "id": "59a10827",
                            "settings": {
                                "form_name": "New Form",
                                "form_fields": [
                                    {
                                        "custom_id": "name",
                                        "field_label": "Full Name",
                                        "placeholder": "Full Name",
                                        "width": "",
                                        "_id": "e420d1d",
                                        "previous_button": "",
                                        "next_button": "",
                                        "file_sizes": "",
                                        "file_types": "",
                                        "allow_multiple_upload": "",
                                        "max_files": "",
                                        "acceptance_text": "",
                                        "checked_by_default": "",
                                        "field_min": "",
                                        "field_max": "",
                                        "min_date": "",
                                        "max_date": "",
                                        "use_native_date": "",
                                        "use_native_time": ""
                                    },
                                    {
                                        "custom_id": "field_0b6a31f",
                                        "field_label": "Phone No.",
                                        "placeholder": "Phone No.",
                                        "width": "50",
                                        "_id": "0b6a31f",
                                        "previous_button": "",
                                        "next_button": "",
                                        "file_sizes": "",
                                        "file_types": "",
                                        "allow_multiple_upload": "",
                                        "max_files": "",
                                        "acceptance_text": "",
                                        "checked_by_default": "",
                                        "field_min": "",
                                        "field_max": "",
                                        "min_date": "",
                                        "max_date": "",
                                        "use_native_date": "",
                                        "use_native_time": ""
                                    },
                                    {
                                        "custom_id": "email",
                                        "field_type": "email",
                                        "required": "true",
                                        "field_label": "Email Address",
                                        "placeholder": "Email Address",
                                        "width": "50",
                                        "_id": "5904842",
                                        "previous_button": "",
                                        "next_button": "",
                                        "file_sizes": "",
                                        "file_types": "",
                                        "allow_multiple_upload": "",
                                        "max_files": "",
                                        "acceptance_text": "",
                                        "checked_by_default": "",
                                        "field_min": "",
                                        "field_max": "",
                                        "min_date": "",
                                        "max_date": "",
                                        "use_native_date": "",
                                        "use_native_time": ""
                                    },
                                    {
                                        "custom_id": "message",
                                        "field_type": "textarea",
                                        "field_label": "Message",
                                        "placeholder": "How Can Me Help You*",
                                        "_id": "dde3e4c",
                                        "previous_button": "",
                                        "next_button": "",
                                        "file_sizes": "",
                                        "file_types": "",
                                        "allow_multiple_upload": "",
                                        "max_files": "",
                                        "acceptance_text": "",
                                        "checked_by_default": "",
                                        "field_min": "",
                                        "field_max": "",
                                        "min_date": "",
                                        "max_date": "",
                                        "use_native_date": "",
                                        "use_native_time": ""
                                    }
                                ],
                                "button_align": "start",
                                "step_next_label": "Next",
                                "step_previous_label": "Previous",
                                "button_text": "Send Message",
                                "email_content": "[all-fields]",
                                "email_content_2": "[all-fields]",
                                "success_message": "The form was sent successfully.",
                                "error_message": "An error occurred.",
                                "required_field_message": "This field is required.",
                                "invalid_message": "There&#039;s something wrong. The form is invalid.",
                                "column_gap": {
                                    "unit": "px",
                                    "size": 20,
                                    "sizes": []
                                },
                                "row_gap": {
                                    "unit": "px",
                                    "size": 25,
                                    "sizes": []
                                },
                                "label_spacing": {
                                    "unit": "px",
                                    "size": 10,
                                    "sizes": []
                                },
                                "_margin": {
                                    "unit": "%",
                                    "top": "0",
                                    "right": "0",
                                    "bottom": "0",
                                    "left": "0",
                                    "isLinked": true
                                },
                                "_margin_tablet": {
                                    "unit": "%",
                                    "top": "0",
                                    "right": "0",
                                    "bottom": "0",
                                    "left": "0",
                                    "isLinked": false
                                },
                                "_margin_mobile": {
                                    "unit": "%",
                                    "top": "",
                                    "right": "",
                                    "bottom": "",
                                    "left": "",
                                    "isLinked": true
                                },
                                "__globals__": {
                                    "button_background_hover_color": "globals\/colors?id=secondary",
                                    "field_typography_typography": "globals\/typography?id=text",
                                    "html_typography_typography": "globals\/typography?id=text",
                                    "button_typography_typography": "globals\/typography?id=accent",
                                    "button_background_color": "globals\/colors?id=accent",
                                    "button_text_color": "globals\/colors?id=3c2ad25",
                                    "button_hover_color": "globals\/colors?id=3c2ad25",
                                    "label_color": "globals\/colors?id=text",
                                    "field_text_color": "globals\/colors?id=text"
                                },
                                "show_labels": "",
                                "field_background_color": ""
                            },
                            "elements": [],
                            "isInner": false,
                            "widgetType": "form",
                            "elType": "widget"
                        }
                    ],
                    "isInner": false,
                    "elType": "column"
                },
                {
                    "id": "60ad2e9",
                    "settings": {
                        "_column_size": 50,
                        "_inline_size": 40,
                        "space_between_widgets": 0,
                        "margin": {
                            "unit": "px",
                            "top": "0",
                            "right": "0",
                            "bottom": "0",
                            "left": "0",
                            "isLinked": false
                        },
                        "_inline_size_tablet": 100,
                        "margin_tablet": {
                            "unit": "px",
                            "top": "30",
                            "right": "0",
                            "bottom": "0",
                            "left": "0",
                            "isLinked": false
                        },
                        "background_image": {
                            "url": "",
                            "id": "",
                            "size": "",
                            "alt": "",
                            "source": "library"
                        },
                        "background_background": "classic",
                        "box_shadow_box_shadow": {
                            "horizontal": 0,
                            "vertical": 0,
                            "blur": 15,
                            "spread": 0,
                            "color": "rgba(0, 0, 0, 0.06)"
                        },
                        "__globals__": {
                            "background_color": ""
                        },
                        "background_overlay_background": "classic",
                        "background_overlay_image": {
                            "url": "https:\/\/htmldesigntemplates.com\/portfoly\/wp-content\/uploads\/sites\/28\/2023\/03\/decoration.png",
                            "id": 121,
                            "size": "",
                            "alt": "",
                            "source": "library"
                        },
                        "background_overlay_position": "center center",
                        "background_overlay_repeat": "no-repeat",
                        "background_overlay_size": "contain",
                        "background_overlay_opacity": {
                            "unit": "px",
                            "size": 0.3,
                            "sizes": []
                        }
                    },
                    "elements": [
                        {
                            "id": "74eb4ad4",
                            "settings": {
                                "image": {
                                    "url": "https:\/\/htmldesigntemplates.com\/portfoly\/wp-content\/uploads\/sites\/28\/2023\/03\/guy-with-music-2021-09-24-02-53-49-utc-1.png",
                                    "id": 1863,
                                    "size": "",
                                    "alt": "",
                                    "source": "library"
                                },
                                "image_size": "full",
                                "width": {
                                    "unit": "%",
                                    "size": 80,
                                    "sizes": []
                                },
                                "_background_background": "classic",
                                "_background_image": {
                                    "url": "",
                                    "id": "",
                                    "size": "",
                                    "alt": "",
                                    "source": "library"
                                },
                                "_background_repeat": "no-repeat",
                                "_background_size": "contain",
                                "align": "center",
                                "_margin": {
                                    "unit": "px",
                                    "top": "0",
                                    "right": "0",
                                    "bottom": "-26",
                                    "left": "0",
                                    "isLinked": false
                                },
                                "_background_position": "center center",
                                "_margin_tablet": {
                                    "unit": "px",
                                    "top": "0",
                                    "right": "0",
                                    "bottom": "-40",
                                    "left": "0",
                                    "isLinked": false
                                },
                                "width_tablet": {
                                    "unit": "%",
                                    "size": 50,
                                    "sizes": []
                                },
                                "width_mobile": {
                                    "unit": "%",
                                    "size": 80,
                                    "sizes": []
                                }
                            },
                            "elements": [],
                            "isInner": false,
                            "widgetType": "image",
                            "elType": "widget"
                        },
                        {
                            "id": "72379034",
                            "settings": {
                                "alignment": "center",
                                "blockquote_content": "\" Lorem ipsum dolor sit amet, consectetur adipiscing elit. Ut elit tellus, luctus nec ullamcorper mattis, pulvinar dapibus leo.",
                                "author_name": "Nelson Helso",
                                "tweet_button": "",
                                "tweet_button_label": "Tweet",
                                "quote_gap": {
                                    "unit": "px",
                                    "size": 5,
                                    "sizes": []
                                },
                                "_padding": {
                                    "unit": "px",
                                    "top": "30",
                                    "right": "30",
                                    "bottom": "30",
                                    "left": "30",
                                    "isLinked": true
                                },
                                "_background_background": "classic",
                                "__globals__": {
                                    "quote_text_color": "globals\/colors?id=8b564f1",
                                    "_background_color": "globals\/colors?id=primary",
                                    "content_typography_typography": "globals\/typography?id=cf1d9c8",
                                    "content_text_color": "globals\/colors?id=3c2ad25",
                                    "author_typography_typography": "globals\/typography?id=cbcd450",
                                    "author_text_color": "globals\/colors?id=3c2ad25"
                                },
                                "content_typography_line_height": {
                                    "unit": "em",
                                    "size": "",
                                    "sizes": []
                                },
                                "content_typography_word_spacing": {
                                    "unit": "em",
                                    "size": "",
                                    "sizes": []
                                },
                                "author_typography_line_height": {
                                    "unit": "em",
                                    "size": "",
                                    "sizes": []
                                },
                                "author_typography_word_spacing": {
                                    "unit": "em",
                                    "size": "",
                                    "sizes": []
                                },
                                "button_typography_line_height": {
                                    "unit": "em",
                                    "size": "",
                                    "sizes": []
                                },
                                "button_typography_word_spacing": {
                                    "unit": "em",
                                    "size": "",
                                    "sizes": []
                                },
                                "_border_radius": {
                                    "unit": "px",
                                    "top": "0",
                                    "right": "0",
                                    "bottom": "0",
                                    "left": "0",
                                    "isLinked": true
                                },
                                "_margin": {
                                    "unit": "px",
                                    "top": "0",
                                    "right": "0",
                                    "bottom": "-50",
                                    "left": "0",
                                    "isLinked": false
                                },
                                "_margin_mobile": {
                                    "unit": "px",
                                    "top": "0",
                                    "right": "0",
                                    "bottom": "0",
                                    "left": "0",
                                    "isLinked": false
                                },
                                "_z_index": 1,
                                "_padding_mobile": {
                                    "unit": "px",
                                    "top": "20",
                                    "right": "20",
                                    "bottom": "20",
                                    "left": "20",
                                    "isLinked": true
                                }
                            },
                            "elements": [],
                            "isInner": false,
                            "widgetType": "blockquote",
                            "elType": "widget"
                        }
                    ],
                    "isInner": false,
                    "elType": "column"
                }
            ],
            "isInner": false,
            "elType": "section"
        }
    ]
}