{
    "version": "0.4",
    "title": "Footer",
    "type": "footer",
    "metadata": {
        "template_type": "section-footer",
        "include_in_zip": "1",
        "elementor_pro_required": "1",
        "elementor_library_type": "footer",
        "elementor_pro_conditions": [
            "include\/general"
        ],
        "additional_template_information": [
            "This is a \"Footer\" template for Elementor Pro.",
            "This template will display on: Entire Site."
        ],
        "wp_page_template": "default"
    },
    "content": [
        {
            "id": "374a09d5",
            "settings": {
                "custom_height": {
                    "unit": "px",
                    "size": "650",
                    "sizes": []
                },
                "column_position": "stretch",
                "background_background": "classic",
                "_title": "Footer",
                "custom_height_tablet": {
                    "unit": "px",
                    "size": "750",
                    "sizes": []
                },
                "padding": {
                    "unit": "px",
                    "top": "100",
                    "right": "0",
                    "bottom": "0",
                    "left": "0",
                    "isLinked": false
                },
                "__globals__": {
                    "background_color": "globals\/colors?id=secondary",
                    "background_overlay_color": "globals\/colors?id=secondary",
                    "background_overlay_color_b": "",
                    "background_color_b": "globals\/colors?id=secondary"
                },
                "background_overlay_background": "classic",
                "background_overlay_image": {
                    "url": "https:\/\/htmldesigntemplates.com\/portfoly\/wp-content\/uploads\/sites\/28\/2023\/03\/shape-3.png",
                    "id": 114,
                    "size": "",
                    "alt": "",
                    "source": "library"
                },
                "background_overlay_repeat": "no-repeat",
                "background_overlay_size": "contain",
                "background_image": {
                    "id": "",
                    "url": ""
                },
                "background_size": "cover",
                "background_overlay_opacity": {
                    "unit": "px",
                    "size": 0.6,
                    "sizes": []
                },
                "background_gradient_angle": {
                    "unit": "deg",
                    "size": 90,
                    "sizes": []
                },
                "background_motion_fx_translateY_effect": "yes",
                "background_overlay_gradient_angle": {
                    "unit": "deg",
                    "size": 90,
                    "sizes": []
                },
                "background_color": "#A88757",
                "background_color_b": "#252525",
                "background_bg_width": {
                    "unit": "%",
                    "size": 60,
                    "sizes": []
                },
                "background_bg_width_mobile": {
                    "unit": "%",
                    "size": 100,
                    "sizes": []
                },
                "background_position": "center center",
                "background_repeat": "no-repeat",
                "background_overlay_position": "bottom center"
            },
            "elements": [
                {
                    "id": "c6d3bfc",
                    "settings": {
                        "_column_size": "100",
                        "space_between_widgets": "30",
                        "border_width": {
                            "unit": "px",
                            "top": "0",
                            "right": "1",
                            "bottom": "0",
                            "left": "1",
                            "isLinked": ""
                        },
                        "border_color": "rgba(255, 247, 241, 0.22)",
                        "margin": {
                            "unit": "px",
                            "top": "0",
                            "right": "0",
                            "bottom": "0",
                            "left": "0",
                            "isLinked": true
                        },
                        "margin_mobile": {
                            "unit": "px",
                            "top": "0",
                            "right": "0",
                            "bottom": "0",
                            "left": "0",
                            "isLinked": false
                        },
                        "margin_tablet": {
                            "unit": "px",
                            "top": "0",
                            "right": "0",
                            "bottom": "0",
                            "left": "0",
                            "isLinked": false
                        }
                    },
                    "elements": [
                        {
                            "id": "3d816acb",
                            "settings": {
                                "padding_mobile": {
                                    "unit": "%",
                                    "top": "",
                                    "right": "",
                                    "bottom": "",
                                    "left": "",
                                    "isLinked": true
                                },
                                "margin_tablet": {
                                    "unit": "px",
                                    "top": "0",
                                    "right": 0,
                                    "bottom": "0",
                                    "left": 0,
                                    "isLinked": false
                                },
                                "margin_mobile": {
                                    "unit": "px",
                                    "top": "",
                                    "right": 0,
                                    "bottom": "",
                                    "left": 0,
                                    "isLinked": true
                                },
                                "margin": {
                                    "unit": "px",
                                    "top": "0",
                                    "right": 0,
                                    "bottom": "0",
                                    "left": 0,
                                    "isLinked": false
                                },
                                "border_border": "none",
                                "border_width": {
                                    "unit": "px",
                                    "top": "2",
                                    "right": "0",
                                    "bottom": "0",
                                    "left": "0",
                                    "isLinked": false
                                },
                                "padding": {
                                    "unit": "px",
                                    "top": "0",
                                    "right": "0",
                                    "bottom": "20",
                                    "left": "0",
                                    "isLinked": false
                                },
                                "__globals__": {
                                    "border_color": ""
                                },
                                "border_color": "#77777730",
                                "content_position": "middle",
                                "structure": "20"
                            },
                            "elements": [
                                {
                                    "id": "280526b8",
                                    "settings": {
                                        "_column_size": 50,
                                        "_inline_size": 50,
                                        "_inline_size_tablet": 100,
                                        "_inline_size_mobile": 100,
                                        "space_between_widgets": 10,
                                        "margin": {
                                            "unit": "px",
                                            "top": "0",
                                            "right": "30",
                                            "bottom": "0",
                                            "left": "0",
                                            "isLinked": false
                                        },
                                        "padding_tablet": {
                                            "unit": "px",
                                            "top": "0",
                                            "right": "0",
                                            "bottom": "0",
                                            "left": "0",
                                            "isLinked": true
                                        },
                                        "margin_tablet": {
                                            "unit": "px",
                                            "top": "0",
                                            "right": "0",
                                            "bottom": "0",
                                            "left": "0",
                                            "isLinked": true
                                        },
                                        "border_width": {
                                            "unit": "px",
                                            "top": "0",
                                            "right": "0",
                                            "bottom": "0",
                                            "left": "1",
                                            "isLinked": false
                                        },
                                        "border_color": "#77777730",
                                        "__globals__": {
                                            "border_color": ""
                                        },
                                        "padding": {
                                            "unit": "px",
                                            "top": "0",
                                            "right": "0",
                                            "bottom": "0",
                                            "left": "0",
                                            "isLinked": false
                                        }
                                    },
                                    "elements": [
                                        {
                                            "id": "226977a8",
                                            "settings": {
                                                "ekit_heading_title": "Let\u2019s talk about your {project}",
                                                "show_title_border": "",
                                                "ekit_heading_sub_title": "Time has changed",
                                                "shadow_text_content": "bussiness",
                                                "ekit_heading_show_seperator": "",
                                                "ekit_heading_seperator_style": "elementskit-border-divider ekit-dotted",
                                                "ekit_heading_title_margin": {
                                                    "unit": "px",
                                                    "top": "0",
                                                    "right": "0",
                                                    "bottom": "10",
                                                    "left": "0",
                                                    "isLinked": false
                                                },
                                                "__globals__": {
                                                    "ekit_heading_title_color": "globals\/colors?id=3c2ad25",
                                                    "ekit_heading_focused_title_color": "globals\/colors?id=primary",
                                                    "ekit_heading_focused_title_typography_typography": "globals\/typography?id=3f3e88c",
                                                    "ekit_heading_title_typography_typography": "globals\/typography?id=3f3e88c",
                                                    "ekit_heading_seperator_color": "globals\/colors?id=secondary",
                                                    "ekit_heading_focused_title_color_hover": "globals\/colors?id=primary",
                                                    "ekit_heading_extra_title_typography_typography": "globals\/typography?id=text",
                                                    "ekit_heading_extra_title_color": "globals\/colors?id=3c2ad25",
                                                    "ekit_heading_title_color_hover": "globals\/colors?id=3c2ad25"
                                                },
                                                "ekit_heading_seperator_image": {
                                                    "id": 72,
                                                    "url": "https:\/\/htmldesigntemplates.com\/portfoly\/wp-content\/uploads\/sites\/28\/2023\/03\/placeholder-23.png"
                                                },
                                                "ekit_heading_section_extra_title_show": "",
                                                "ekit_heading_extra_title": "<p>\u00a0Excepteur sint occaecat cupidatat non proident, sunt in culpa qui officia deserunt mollit anim id est laborum.<\/p>",
                                                "ekit_heading_title_color": "#17233E",
                                                "ekit_heading_focused_title_color": "#FDC703",
                                                "ekit_heading_use_title_text_fill": "",
                                                "ekit_heading_seperator_color": "#FDC703",
                                                "_margin": {
                                                    "unit": "%",
                                                    "top": "",
                                                    "right": "",
                                                    "bottom": "",
                                                    "left": "",
                                                    "isLinked": true
                                                },
                                                "_margin_tablet": {
                                                    "unit": "%",
                                                    "top": "0",
                                                    "right": "5",
                                                    "bottom": "0",
                                                    "left": "5",
                                                    "isLinked": false
                                                },
                                                "_margin_mobile": {
                                                    "unit": "%",
                                                    "top": "",
                                                    "right": "",
                                                    "bottom": "",
                                                    "left": "",
                                                    "isLinked": true
                                                },
                                                "ekit_heading_title_align_tablet": "text_center",
                                                "ekit_heading_extra_title_margin": {
                                                    "unit": "px",
                                                    "top": "0",
                                                    "right": "0",
                                                    "bottom": "0",
                                                    "left": "0",
                                                    "isLinked": false
                                                }
                                            },
                                            "elements": [],
                                            "isInner": false,
                                            "widgetType": "elementskit-heading",
                                            "elType": "widget"
                                        }
                                    ],
                                    "isInner": true,
                                    "elType": "column"
                                },
                                {
                                    "id": "43893eca",
                                    "settings": {
                                        "_column_size": 50,
                                        "_inline_size": 50,
                                        "border_border": "none",
                                        "border_width": {
                                            "unit": "px",
                                            "top": "0",
                                            "right": "0",
                                            "bottom": "0",
                                            "left": "1",
                                            "isLinked": false
                                        },
                                        "border_color": "#F4F9F057",
                                        "margin": {
                                            "unit": "px",
                                            "top": "0",
                                            "right": "0",
                                            "bottom": "0",
                                            "left": "0",
                                            "isLinked": false
                                        },
                                        "padding": {
                                            "unit": "px",
                                            "top": "0",
                                            "right": "0",
                                            "bottom": "0",
                                            "left": "30",
                                            "isLinked": false
                                        },
                                        "__globals__": {
                                            "border_color": ""
                                        },
                                        "_inline_size_tablet": 100,
                                        "margin_tablet": {
                                            "unit": "px",
                                            "top": "20",
                                            "right": "0",
                                            "bottom": "0",
                                            "left": "0",
                                            "isLinked": false
                                        },
                                        "padding_tablet": {
                                            "unit": "px",
                                            "top": "0",
                                            "right": "0",
                                            "bottom": "0",
                                            "left": "0",
                                            "isLinked": false
                                        }
                                    },
                                    "elements": [
                                        {
                                            "id": "5c211f78",
                                            "settings": {
                                                "title": "\u201cLorem ipsum dolor sit amet, consectetur adipiscing elit, sed do eiusmod temporatu incididunt ut labore et dolore magna aliqua.\u201d",
                                                "header_size": "p",
                                                "__globals__": {
                                                    "typography_typography": "globals\/typography?id=text",
                                                    "title_color": "globals\/colors?id=3c2ad25"
                                                },
                                                "align_tablet": "center",
                                                "align": "left"
                                            },
                                            "elements": [],
                                            "isInner": false,
                                            "widgetType": "heading",
                                            "elType": "widget"
                                        },
                                        {
                                            "id": "35a6c079",
                                            "settings": {
                                                "form_name": "New Form",
                                                "form_fields": [
                                                    {
                                                        "custom_id": "email",
                                                        "field_type": "email",
                                                        "required": "true",
                                                        "placeholder": "Email",
                                                        "_id": "f4461d3",
                                                        "rows": "4",
                                                        "previous_button": "",
                                                        "next_button": "",
                                                        "file_sizes": "",
                                                        "file_types": "",
                                                        "allow_multiple_upload": "",
                                                        "max_files": "",
                                                        "acceptance_text": "",
                                                        "checked_by_default": "",
                                                        "field_min": "",
                                                        "field_max": "",
                                                        "min_date": "",
                                                        "max_date": "",
                                                        "use_native_date": "",
                                                        "use_native_time": "",
                                                        "width_tablet": "75",
                                                        "width": "70"
                                                    }
                                                ],
                                                "show_labels": "",
                                                "button_text": "Subscribe",
                                                "email_content": "[all-fields]",
                                                "email_content_2": "[all-fields]",
                                                "success_message": "The form was sent successfully.",
                                                "error_message": "An error occured.",
                                                "required_field_message": "This field is required.",
                                                "invalid_message": "There's something wrong. The form is invalid.",
                                                "button_background_hover_color": "#FFFFFF",
                                                "button_hover_color": "#191919",
                                                "message_typography_font_family": "Montserrat",
                                                "message_typography_font_size": {
                                                    "unit": "px",
                                                    "size": "16",
                                                    "sizes": []
                                                },
                                                "message_typography_font_weight": "300",
                                                "success_message_color": "#011640",
                                                "error_message_color": "#011640",
                                                "inline_message_color": "#011640",
                                                "step_next_label": "Next",
                                                "step_previous_label": "Previous",
                                                "_margin": {
                                                    "unit": "px",
                                                    "top": "0",
                                                    "right": "0",
                                                    "bottom": "0",
                                                    "left": "0",
                                                    "isLinked": true
                                                },
                                                "_padding": {
                                                    "unit": "px",
                                                    "top": "0",
                                                    "right": "0",
                                                    "bottom": "0",
                                                    "left": "0",
                                                    "isLinked": true
                                                },
                                                "__globals__": {
                                                    "button_background_color": "globals\/colors?id=accent",
                                                    "button_background_hover_color": "globals\/colors?id=primary",
                                                    "button_hover_color": "globals\/colors?id=3c2ad25",
                                                    "field_text_color": "globals\/colors?id=3c2ad25",
                                                    "previous_button_background_color": "globals\/colors?id=primary",
                                                    "field_background_color": "",
                                                    "label_typography_typography": "globals\/typography?id=text",
                                                    "html_typography_typography": "globals\/typography?id=text",
                                                    "field_typography_typography": "globals\/typography?id=text",
                                                    "button_typography_typography": "globals\/typography?id=accent",
                                                    "label_color": "globals\/colors?id=3c2ad25",
                                                    "html_color": "globals\/colors?id=3c2ad25",
                                                    "button_text_color": "globals\/colors?id=3c2ad25",
                                                    "previous_button_text_color_hover": "globals\/colors?id=3c2ad25",
                                                    "previous_button_background_color_hover": "globals\/colors?id=primary",
                                                    "previous_button_text_color": "globals\/colors?id=3c2ad25"
                                                },
                                                "button_width": "30",
                                                "field_text_color": "#666666",
                                                "button_align": "end",
                                                "button_width_mobile": "100",
                                                "button_align_mobile": "stretch",
                                                "button_width_tablet": "25",
                                                "button_align_tablet": "stretch",
                                                "field_background_color": "",
                                                "button_background_color": "#E99D36",
                                                "previous_button_background_color": "#191919"
                                            },
                                            "elements": [],
                                            "isInner": false,
                                            "widgetType": "form",
                                            "elType": "widget"
                                        }
                                    ],
                                    "isInner": true,
                                    "elType": "column"
                                }
                            ],
                            "isInner": "1",
                            "elType": "section"
                        },
                        {
                            "id": "4721bf0f",
                            "settings": {
                                "text": "Divider",
                                "weight": {
                                    "unit": "px",
                                    "size": 2,
                                    "sizes": []
                                },
                                "gap": {
                                    "unit": "px",
                                    "size": 30,
                                    "sizes": []
                                },
                                "__globals__": {
                                    "color": ""
                                },
                                "color": "#F1F1F133"
                            },
                            "elements": [],
                            "isInner": false,
                            "widgetType": "divider",
                            "elType": "widget"
                        },
                        {
                            "id": "71d32b0b",
                            "settings": {
                                "padding_mobile": {
                                    "unit": "px",
                                    "top": "0",
                                    "right": "0",
                                    "bottom": "10",
                                    "left": "0",
                                    "isLinked": false
                                },
                                "margin_tablet": {
                                    "unit": "px",
                                    "top": "0",
                                    "right": 0,
                                    "bottom": "0",
                                    "left": 0,
                                    "isLinked": false
                                },
                                "margin_mobile": {
                                    "unit": "px",
                                    "top": "0",
                                    "right": "0",
                                    "bottom": "0",
                                    "left": "0",
                                    "isLinked": ""
                                },
                                "margin": {
                                    "unit": "px",
                                    "top": "0",
                                    "right": 0,
                                    "bottom": "60",
                                    "left": 0,
                                    "isLinked": false
                                },
                                "padding_tablet": {
                                    "unit": "px",
                                    "top": "0",
                                    "right": "0",
                                    "bottom": "0",
                                    "left": "0",
                                    "isLinked": false
                                }
                            },
                            "elements": [
                                {
                                    "id": "3e151809",
                                    "settings": {
                                        "_column_size": 100,
                                        "_inline_size_tablet": 100,
                                        "padding_tablet": {
                                            "unit": "%",
                                            "top": "0",
                                            "right": "0",
                                            "bottom": "0",
                                            "left": "0",
                                            "isLinked": false
                                        },
                                        "padding_mobile": {
                                            "unit": "%",
                                            "top": "",
                                            "right": "",
                                            "bottom": "",
                                            "left": "",
                                            "isLinked": true
                                        },
                                        "_inline_size": 100,
                                        "margin_tablet": {
                                            "unit": "px",
                                            "top": "0",
                                            "right": "0",
                                            "bottom": "30",
                                            "left": "0",
                                            "isLinked": false
                                        },
                                        "margin": {
                                            "unit": "%",
                                            "top": "0",
                                            "right": "20",
                                            "bottom": "0",
                                            "left": "20",
                                            "isLinked": false
                                        },
                                        "margin_mobile": {
                                            "unit": "px",
                                            "top": "0",
                                            "right": "0",
                                            "bottom": "30",
                                            "left": "0",
                                            "isLinked": false
                                        },
                                        "space_between_widgets": 30
                                    },
                                    "elements": [
                                        {
                                            "id": "72c58dd7",
                                            "settings": {
                                                "image": {
                                                    "id": 3109,
                                                    "url": "https:\/\/htmldesigntemplates.com\/portfoly\/wp-content\/uploads\/sites\/28\/2023\/03\/curri-05.png",
                                                    "alt": "",
                                                    "source": "library",
                                                    "size": ""
                                                },
                                                "align": "center",
                                                "align_tablet": "center",
                                                "width_tablet": {
                                                    "unit": "%",
                                                    "size": 40,
                                                    "sizes": []
                                                },
                                                "width_mobile": {
                                                    "unit": "%",
                                                    "size": 80,
                                                    "sizes": []
                                                },
                                                "image_size": "full",
                                                "width": {
                                                    "unit": "%",
                                                    "size": 40,
                                                    "sizes": []
                                                }
                                            },
                                            "elements": [],
                                            "isInner": false,
                                            "widgetType": "image",
                                            "elType": "widget"
                                        },
                                        {
                                            "id": "7bb1f301",
                                            "settings": {
                                                "title": "\u201cLorem ipsum dolor sit amet, consectetur adipiscing elit, sed do eiusmod temporatu incididunt ut labore et dolore magna aliqua.\u201d",
                                                "header_size": "p",
                                                "__globals__": {
                                                    "typography_typography": "globals\/typography?id=cf1d9c8",
                                                    "title_color": "globals\/colors?id=3c2ad25"
                                                },
                                                "align_tablet": "center",
                                                "align": "center"
                                            },
                                            "elements": [],
                                            "isInner": false,
                                            "widgetType": "heading",
                                            "elType": "widget"
                                        },
                                        {
                                            "id": "3e5146b3",
                                            "settings": {
                                                "view": "inline",
                                                "icon_list": [
                                                    {
                                                        "text": "Faq",
                                                        "selected_icon": {
                                                            "value": "",
                                                            "library": ""
                                                        },
                                                        "_id": "b08766c"
                                                    },
                                                    {
                                                        "text": "Privacy Policy",
                                                        "selected_icon": {
                                                            "value": "",
                                                            "library": ""
                                                        },
                                                        "_id": "07fe08c"
                                                    },
                                                    {
                                                        "text": "Terms & Condition",
                                                        "selected_icon": {
                                                            "value": "",
                                                            "library": ""
                                                        },
                                                        "_id": "508587c"
                                                    }
                                                ],
                                                "space_between": {
                                                    "unit": "px",
                                                    "size": 20,
                                                    "sizes": []
                                                },
                                                "icon_align": "center",
                                                "divider": "yes",
                                                "__globals__": {
                                                    "divider_color": "globals\/colors?id=text",
                                                    "text_color": "globals\/colors?id=3c2ad25",
                                                    "icon_typography_typography": "globals\/typography?id=9740b67",
                                                    "text_color_hover": "globals\/colors?id=primary"
                                                }
                                            },
                                            "elements": [],
                                            "isInner": false,
                                            "widgetType": "icon-list",
                                            "elType": "widget"
                                        }
                                    ],
                                    "isInner": "1",
                                    "elType": "column"
                                }
                            ],
                            "isInner": "1",
                            "elType": "section"
                        }
                    ],
                    "isInner": "",
                    "elType": "column"
                }
            ],
            "isInner": "",
            "elType": "section"
        },
        {
            "id": "640607e9",
            "settings": {
                "custom_height": {
                    "unit": "px",
                    "size": "650",
                    "sizes": []
                },
                "column_position": "stretch",
                "background_background": "classic",
                "_title": "Footer",
                "custom_height_tablet": {
                    "unit": "px",
                    "size": "750",
                    "sizes": []
                },
                "padding": {
                    "unit": "px",
                    "top": "10",
                    "right": "0",
                    "bottom": "10",
                    "left": "0",
                    "isLinked": false
                },
                "__globals__": {
                    "background_color": "globals\/colors?id=7568283",
                    "background_overlay_color": "globals\/colors?id=secondary",
                    "background_overlay_color_b": "",
                    "background_color_b": "globals\/colors?id=secondary"
                },
                "background_overlay_background": "classic",
                "background_overlay_image": {
                    "url": "https:\/\/htmldesigntemplates.com\/portfoly\/wp-content\/uploads\/sites\/28\/2023\/03\/price-shape1.png",
                    "id": 648,
                    "size": "",
                    "alt": "",
                    "source": "library"
                },
                "background_overlay_repeat": "no-repeat",
                "background_overlay_size": "contain",
                "background_image": {
                    "id": "",
                    "url": ""
                },
                "background_size": "cover",
                "background_overlay_opacity": {
                    "unit": "px",
                    "size": 0.6,
                    "sizes": []
                },
                "background_gradient_angle": {
                    "unit": "deg",
                    "size": 90,
                    "sizes": []
                },
                "background_motion_fx_translateY_effect": "yes",
                "background_overlay_gradient_angle": {
                    "unit": "deg",
                    "size": 90,
                    "sizes": []
                },
                "background_color": "#A88757",
                "background_color_b": "#252525",
                "background_bg_width": {
                    "unit": "%",
                    "size": 60,
                    "sizes": []
                },
                "background_bg_width_mobile": {
                    "unit": "%",
                    "size": 100,
                    "sizes": []
                },
                "background_position": "center center",
                "background_repeat": "no-repeat",
                "background_overlay_position": "bottom center"
            },
            "elements": [
                {
                    "id": "49239be3",
                    "settings": {
                        "_column_size": "100",
                        "space_between_widgets": "30",
                        "border_width": {
                            "unit": "px",
                            "top": "0",
                            "right": "1",
                            "bottom": "0",
                            "left": "1",
                            "isLinked": ""
                        },
                        "border_color": "rgba(255, 247, 241, 0.22)",
                        "margin": {
                            "unit": "px",
                            "top": "0",
                            "right": "0",
                            "bottom": "0",
                            "left": "0",
                            "isLinked": true
                        },
                        "margin_mobile": {
                            "unit": "px",
                            "top": "0",
                            "right": "0",
                            "bottom": "0",
                            "left": "0",
                            "isLinked": false
                        },
                        "margin_tablet": {
                            "unit": "px",
                            "top": "0",
                            "right": "0",
                            "bottom": "0",
                            "left": "0",
                            "isLinked": false
                        }
                    },
                    "elements": [
                        {
                            "id": "7422c6a3",
                            "settings": {
                                "title": "2023 Curriporto.  All rights reserved.",
                                "header_size": "p",
                                "align_tablet": "center",
                                "__globals__": {
                                    "typography_typography": "globals\/typography?id=text",
                                    "title_color": "globals\/colors?id=3c2ad25"
                                },
                                "align": "center"
                            },
                            "elements": [],
                            "isInner": false,
                            "widgetType": "heading",
                            "elType": "widget"
                        }
                    ],
                    "isInner": "",
                    "elType": "column"
                }
            ],
            "isInner": "",
            "elType": "section"
        }
    ]
}