{
    "version": "0.4",
    "title": "Global Kit Styles",
    "type": "section",
    "metadata": {
        "template_type": "global-styles",
        "include_in_zip": "1",
        "elementor_pro_required": "1",
        "additional_template_information": [
            "These are the global theme styles configured through the Elementor Theme Styles area."
        ],
        "wp_page_template": "default"
    },
    "content": [],
    "page_settings": {
        "system_colors": [
            {
                "_id": "primary",
                "title": "Primary",
                "color": "#E99D36"
            },
            {
                "_id": "secondary",
                "title": "Secondary",
                "color": "#1D231F"
            },
            {
                "_id": "text",
                "title": "Text",
                "color": "#666666"
            },
            {
                "_id": "accent",
                "title": "Accent",
                "color": "#E99D36"
            }
        ],
        "custom_colors": [
            {
                "_id": "3c2ad25",
                "title": "white",
                "color": "#FFFFFF"
            },
            {
                "_id": "8b564f1",
                "title": "Light Grey",
                "color": "#F9F9F9"
            },
            {
                "_id": "7568283",
                "title": "Black",
                "color": "#131313"
            },
            {
                "_id": "3d193d8",
                "title": "bg-blue",
                "color": "#EDF3F8"
            },
            {
                "_id": "07a1f7e",
                "title": "bg-color",
                "color": "#F4F9F0"
            }
        ],
        "system_typography": [
            {
                "_id": "primary",
                "title": "Primary",
                "typography_typography": "custom",
                "typography_font_family": "Saira",
                "typography_font_weight": "700",
                "typography_line_height": {
                    "unit": "em",
                    "size": 1.22,
                    "sizes": []
                },
                "typography_text_transform": "none"
            },
            {
                "_id": "secondary",
                "title": "Secondary",
                "typography_typography": "custom",
                "typography_font_family": "Poppins",
                "typography_font_weight": "400",
                "typography_line_height": {
                    "unit": "em",
                    "size": 1.5,
                    "sizes": []
                },
                "typography_text_transform": "none"
            },
            {
                "_id": "text",
                "title": "Text",
                "typography_typography": "custom",
                "typography_font_family": "Poppins",
                "typography_font_weight": "400",
                "typography_line_height": {
                    "unit": "em",
                    "size": 1.5,
                    "sizes": []
                },
                "typography_font_size": {
                    "unit": "px",
                    "size": 15,
                    "sizes": []
                },
                "typography_text_transform": "none"
            },
            {
                "_id": "accent",
                "title": "Button Accent",
                "typography_typography": "custom",
                "typography_font_family": "Poppins",
                "typography_line_height": {
                    "unit": "em",
                    "size": 1.5,
                    "sizes": []
                },
                "typography_font_weight": "500"
            }
        ],
        "custom_typography": [
            {
                "_id": "9740b67",
                "title": "Small",
                "typography_typography": "custom",
                "typography_font_family": "Poppins",
                "typography_font_size": {
                    "unit": "px",
                    "size": 14,
                    "sizes": []
                },
                "typography_font_weight": "400",
                "typography_text_transform": "none"
            },
            {
                "_id": "e492516",
                "title": "Middle",
                "typography_typography": "custom",
                "typography_font_family": "Poppins",
                "typography_font_size": {
                    "unit": "px",
                    "size": 24,
                    "sizes": []
                },
                "typography_font_weight": "400",
                "typography_line_height": {
                    "unit": "em",
                    "size": 1.5,
                    "sizes": []
                },
                "typography_text_transform": "none",
                "typography_font_size_mobile": {
                    "unit": "px",
                    "size": 18,
                    "sizes": []
                }
            },
            {
                "_id": "46bece7",
                "title": "Counter",
                "typography_typography": "custom",
                "typography_font_family": "Roboto",
                "typography_font_size": {
                    "unit": "px",
                    "size": 50,
                    "sizes": []
                },
                "typography_font_weight": "500",
                "typography_line_height": {
                    "unit": "em",
                    "size": 1.22,
                    "sizes": []
                },
                "typography_font_size_tablet": {
                    "unit": "px",
                    "size": 48,
                    "sizes": []
                },
                "typography_font_size_mobile": {
                    "unit": "px",
                    "size": 32,
                    "sizes": []
                },
                "typography_text_transform": "none"
            },
            {
                "_id": "67ace4e",
                "title": "H1 Heading",
                "typography_typography": "custom",
                "typography_font_family": "Saira",
                "typography_font_size": {
                    "unit": "px",
                    "size": 60,
                    "sizes": []
                },
                "typography_font_weight": "600",
                "typography_text_transform": "capitalize",
                "typography_line_height": {
                    "unit": "em",
                    "size": 1.22,
                    "sizes": []
                },
                "typography_font_size_tablet": {
                    "unit": "px",
                    "size": 54,
                    "sizes": []
                },
                "typography_font_size_mobile": {
                    "unit": "px",
                    "size": 42,
                    "sizes": []
                }
            },
            {
                "_id": "3f3e88c",
                "title": "H2 Heading",
                "typography_typography": "custom",
                "typography_font_family": "Saira",
                "typography_font_size": {
                    "unit": "px",
                    "size": 42,
                    "sizes": []
                },
                "typography_font_weight": "600",
                "typography_text_transform": "capitalize",
                "typography_line_height": {
                    "unit": "em",
                    "size": 1.22,
                    "sizes": []
                },
                "typography_font_size_tablet": {
                    "unit": "px",
                    "size": 36,
                    "sizes": []
                },
                "typography_font_size_mobile": {
                    "unit": "px",
                    "size": 30,
                    "sizes": []
                }
            },
            {
                "_id": "83a0a2f",
                "title": "H3 Heading",
                "typography_typography": "custom",
                "typography_font_family": "Saira",
                "typography_font_size": {
                    "unit": "px",
                    "size": 30,
                    "sizes": []
                },
                "typography_font_weight": "600",
                "typography_text_transform": "capitalize",
                "typography_line_height": {
                    "unit": "em",
                    "size": 1.22,
                    "sizes": []
                },
                "typography_font_size_tablet": {
                    "unit": "px",
                    "size": 28,
                    "sizes": []
                },
                "typography_font_size_mobile": {
                    "unit": "px",
                    "size": 24,
                    "sizes": []
                }
            },
            {
                "_id": "be86681",
                "title": "H4 Heading",
                "typography_typography": "custom",
                "typography_font_family": "Saira",
                "typography_font_size": {
                    "unit": "px",
                    "size": 22,
                    "sizes": []
                },
                "typography_font_weight": "600",
                "typography_text_transform": "capitalize",
                "typography_line_height": {
                    "unit": "em",
                    "size": 1.22,
                    "sizes": []
                },
                "typography_font_size_tablet": {
                    "unit": "px",
                    "size": 21,
                    "sizes": []
                },
                "typography_font_size_mobile": {
                    "unit": "px",
                    "size": 18,
                    "sizes": []
                }
            },
            {
                "_id": "94485de",
                "title": "H5 Heading",
                "typography_typography": "custom",
                "typography_font_family": "Saira",
                "typography_font_size": {
                    "unit": "px",
                    "size": 20,
                    "sizes": []
                },
                "typography_font_weight": "600",
                "typography_text_transform": "capitalize",
                "typography_line_height": {
                    "unit": "em",
                    "size": 1.22,
                    "sizes": []
                },
                "typography_font_size_tablet": {
                    "unit": "px",
                    "size": 18,
                    "sizes": []
                },
                "typography_font_size_mobile": {
                    "unit": "px",
                    "size": 16,
                    "sizes": []
                }
            },
            {
                "_id": "cbcd450",
                "title": "H6 Heading",
                "typography_typography": "custom",
                "typography_font_family": "Saira",
                "typography_font_size": {
                    "unit": "px",
                    "size": 18,
                    "sizes": []
                },
                "typography_font_weight": "600",
                "typography_text_transform": "capitalize",
                "typography_line_height": {
                    "unit": "em",
                    "size": 1.22,
                    "sizes": []
                },
                "typography_font_size_tablet": {
                    "unit": "px",
                    "size": 17,
                    "sizes": []
                },
                "typography_font_size_mobile": {
                    "unit": "px",
                    "size": 15,
                    "sizes": []
                }
            },
            {
                "_id": "cf1d9c8",
                "title": "Italic",
                "typography_typography": "custom",
                "typography_font_family": "Poppins",
                "typography_font_size": {
                    "unit": "px",
                    "size": 18,
                    "sizes": []
                },
                "typography_font_weight": "400",
                "typography_text_transform": "none",
                "typography_font_style": "italic",
                "typography_line_height": {
                    "unit": "em",
                    "size": 1.4,
                    "sizes": []
                }
            },
            {
                "_id": "173449a",
                "title": "Subtitle",
                "typography_typography": "custom",
                "typography_font_family": "Poppins",
                "typography_font_size": {
                    "unit": "px",
                    "size": 21,
                    "sizes": []
                },
                "typography_font_weight": "600",
                "typography_line_height": {
                    "unit": "em",
                    "size": 1.4,
                    "sizes": []
                }
            },
            {
                "_id": "eb63c04",
                "title": "Bigtitle",
                "typography_typography": "custom",
                "typography_font_family": "Poppins",
                "typography_font_size": {
                    "unit": "px",
                    "size": 80,
                    "sizes": []
                },
                "typography_font_weight": "600",
                "typography_line_height": {
                    "unit": "em",
                    "size": 1.22,
                    "sizes": []
                },
                "typography_font_size_tablet": {
                    "unit": "px",
                    "size": 70,
                    "sizes": []
                },
                "typography_font_size_mobile": {
                    "unit": "px",
                    "size": 50,
                    "sizes": []
                }
            },
            {
                "_id": "b1af662",
                "title": "Menu",
                "typography_typography": "custom",
                "typography_font_family": "Poppins",
                "typography_font_weight": "400",
                "typography_text_transform": "uppercase",
                "typography_line_height": {
                    "unit": "em",
                    "size": 1.22,
                    "sizes": []
                },
                "typography_font_size": {
                    "unit": "px",
                    "size": 16,
                    "sizes": []
                }
            }
        ],
        "default_generic_fonts": "Sans-serif",
        "button_border_radius": {
            "unit": "px",
            "top": "0",
            "right": "0",
            "bottom": "0",
            "left": "0",
            "isLinked": true
        },
        "button_hover_border_radius": {
            "unit": "px",
            "top": "0",
            "right": "0",
            "bottom": "0",
            "left": "0",
            "isLinked": true
        },
        "button_padding": {
            "unit": "px",
            "top": "12",
            "right": "20",
            "bottom": "12",
            "left": "20",
            "isLinked": false
        },
        "page_title_selector": "h1.entry-title",
        "activeItemIndex": 1,
        "__globals__": {
            "body_color": "globals\/colors?id=3c2ad25",
            "body_typography_typography": "globals\/typography?id=text",
            "h1_typography_typography": "globals\/typography?id=67ace4e",
            "h1_color": "globals\/colors?id=secondary",
            "h2_color": "globals\/colors?id=secondary",
            "h2_typography_typography": "globals\/typography?id=3f3e88c",
            "link_hover_color": "globals\/colors?id=primary",
            "link_hover_typography_typography": "",
            "link_normal_typography_typography": "",
            "button_background_color": "globals\/colors?id=accent",
            "button_typography_typography": "globals\/typography?id=accent",
            "button_hover_background_color": "globals\/colors?id=secondary",
            "h3_typography_typography": "globals\/typography?id=83a0a2f",
            "h3_color": "globals\/colors?id=secondary",
            "h4_color": "globals\/colors?id=secondary",
            "h4_typography_typography": "globals\/typography?id=be86681",
            "button_hover_text_color": "globals\/colors?id=3c2ad25",
            "h5_typography_typography": "globals\/typography?id=94485de",
            "h5_color": "globals\/colors?id=secondary",
            "h6_color": "globals\/colors?id=secondary",
            "h6_typography_typography": "globals\/typography?id=cbcd450",
            "form_field_typography_typography": "globals\/typography?id=text",
            "form_label_typography_typography": "globals\/typography?id=text",
            "form_field_text_color": "globals\/colors?id=text",
            "mobile_browser_background": "",
            "body_background_color": "globals\/colors?id=8b564f1",
            "button_text_color": "globals\/colors?id=3c2ad25",
            "body_background_color_b": "",
            "button_hover_background_color_b": "",
            "link_normal_color": "globals\/colors?id=text",
            "button_background_color_b": "globals\/colors?id=primary",
            "form_field_border_color": "",
            "form_field_background_color": "",
            "button_border_color": "globals\/colors?id=3c2ad25",
            "button_hover_border_color": "globals\/colors?id=accent",
            "form_field_focus_background_color": "",
            "form_field_focus_text_color": "globals\/colors?id=text",
            "form_field_focus_border_color": "globals\/colors?id=8b564f1",
            "form_label_color": "globals\/colors?id=text",
            "form_field_accent_color": "globals\/colors?id=text",
            "form_field_focus_accent_color": "globals\/colors?id=text"
        },
        "viewport_md": 768,
        "viewport_lg": 1025,
        "default_page_template": "elementor_header_footer",
        "hello_footer_copyright_text": "All rights reserved",
        "form_field_padding": {
            "unit": "px",
            "top": "12",
            "right": "0",
            "bottom": "12",
            "left": "0",
            "isLinked": false
        },
        "form_field_border_width": {
            "unit": "px",
            "top": "0",
            "right": "0",
            "bottom": "1",
            "left": "0",
            "isLinked": false
        },
        "form_field_text_color": "#666666",
        "body_background_background": "classic",
        "button_text_color": "#FFFFFF",
        "body_background_color_b": "#000000",
        "body_background_color_b_stop": {
            "unit": "%",
            "size": 80,
            "sizes": []
        },
        "body_background_gradient_angle": {
            "unit": "deg",
            "size": 90,
            "sizes": []
        },
        "body_color": "#FFFFFF",
        "link_normal_color": "#666666",
        "h2_color": "#1D231F",
        "h4_color": "#1D231F",
        "h5_color": "#1D231F",
        "h6_color": "#1D231F",
        "button_background_color_b": "#E99D36",
        "button_hover_text_color": "#FFFFFF",
        "button_hover_background_color_b": "#0173A2",
        "button_background_color": "#E99D36",
        "link_hover_color": "#E99D36",
        "h1_color": "#1D231F",
        "h3_color": "#1D231F",
        "button_hover_background_color": "#1D231F",
        "woocommerce_cart_page_id": 7,
        "button_border_width": {
            "unit": "px",
            "top": "1",
            "right": "1",
            "bottom": "1",
            "left": "1",
            "isLinked": true
        },
        "button_border_color": "#FFFFFF",
        "button_hover_border_width": {
            "unit": "px",
            "top": "1",
            "right": "1",
            "bottom": "1",
            "left": "1",
            "isLinked": true
        },
        "button_hover_border_color": "#E99D36",
        "form_field_border_radius": {
            "unit": "px",
            "top": "0",
            "right": "0",
            "bottom": "0",
            "left": "0",
            "isLinked": true
        },
        "form_field_focus_text_color": "#666666",
        "form_field_border_border": "solid",
        "form_field_focus_border_border": "solid",
        "button_box_shadow_box_shadow_type": "yes",
        "button_box_shadow_box_shadow": {
            "horizontal": 0,
            "vertical": 0,
            "blur": "",
            "spread": 4,
            "color": "rgba(255, 255, 255, 0.10196078431372549)"
        },
        "button_hover_box_shadow_box_shadow_type": "yes",
        "button_hover_box_shadow_box_shadow": {
            "horizontal": 0,
            "vertical": 0,
            "blur": 0,
            "spread": 4,
            "color": "rgba(255, 255, 255, 0.10196078431372549)"
        },
        "form_field_background_color": "#FFFFFF00",
        "form_field_focus_background_color": "#FFFFFF00",
        "form_field_focus_border_color": "#F9F9F9",
        "form_label_color": "#666666",
        "form_field_accent_color": "#666666",
        "form_field_border_color": "#66666640",
        "form_field_focus_accent_color": "#666666",
        "form_field_focus_border_radius": {
            "unit": "px",
            "top": "0",
            "right": "0",
            "bottom": "0",
            "left": "0",
            "isLinked": true
        },
        "link_normal_typography_font_family": "Poppins",
        "link_normal_typography_font_size": {
            "unit": "px",
            "size": 15,
            "sizes": []
        },
        "link_normal_typography_font_weight": "400",
        "link_normal_typography_text_transform": "none",
        "link_normal_typography_line_height": {
            "unit": "em",
            "size": 1.5,
            "sizes": []
        },
        "link_hover_typography_font_family": "Poppins",
        "link_hover_typography_font_size": {
            "unit": "px",
            "size": 15,
            "sizes": []
        },
        "link_hover_typography_font_weight": "400",
        "link_hover_typography_text_transform": "none",
        "link_hover_typography_line_height": {
            "unit": "em",
            "size": 1.5,
            "sizes": []
        },
        "body_background_color": "#F9F9F9"
    }
}