{
    "version": "0.4",
    "title": "Header",
    "type": "header",
    "metadata": {
        "template_type": "section-header",
        "include_in_zip": "1",
        "elementor_pro_required": "1",
        "elementor_library_type": "header",
        "elementor_pro_conditions": [
            "include\/general"
        ],
        "additional_template_information": [
            "This is a \"Header\" template for Elementor Pro.",
            "This template will display on: Entire Site."
        ],
        "wp_page_template": "default"
    },
    "content": [
        {
            "id": "c1b9c90",
            "settings": {
                "gap": "no",
                "z_index": 1,
                "padding": {
                    "unit": "px",
                    "top": "20",
                    "right": "0",
                    "bottom": "0",
                    "left": "0",
                    "isLinked": false
                },
                "padding_tablet": {
                    "unit": "px",
                    "top": "0",
                    "right": "0",
                    "bottom": "0",
                    "left": "0",
                    "isLinked": true
                }
            },
            "elements": [
                {
                    "id": "a898db5",
                    "settings": {
                        "_column_size": 100,
                        "_inline_size": null
                    },
                    "elements": [
                        {
                            "id": "4a21ba3c",
                            "settings": {
                                "structure": "30",
                                "content_position": "middle",
                                "background_background": "classic",
                                "margin_tablet": {
                                    "unit": "px",
                                    "top": "0",
                                    "right": 0,
                                    "bottom": "0",
                                    "left": 0,
                                    "isLinked": false
                                },
                                "__globals__": {
                                    "background_color": "",
                                    "border_color": ""
                                },
                                "padding": {
                                    "unit": "px",
                                    "top": "6",
                                    "right": "0",
                                    "bottom": "6",
                                    "left": "0",
                                    "isLinked": false
                                },
                                "border_radius_tablet": {
                                    "unit": "px",
                                    "top": "0",
                                    "right": "0",
                                    "bottom": "0",
                                    "left": "0",
                                    "isLinked": false
                                },
                                "border_border": "none",
                                "border_width": {
                                    "unit": "px",
                                    "top": "1",
                                    "right": "0",
                                    "bottom": "0",
                                    "left": "0",
                                    "isLinked": false
                                },
                                "border_color": "#F1F1F147"
                            },
                            "elements": [
                                {
                                    "id": "12b7bed4",
                                    "settings": {
                                        "_column_size": 33,
                                        "_inline_size": 20,
                                        "_inline_size_tablet": 40,
                                        "_inline_size_mobile": 50,
                                        "margin": {
                                            "unit": "px",
                                            "top": "0",
                                            "right": "0",
                                            "bottom": "0",
                                            "left": "0",
                                            "isLinked": true
                                        },
                                        "space_between_widgets": 0
                                    },
                                    "elements": [
                                        {
                                            "id": "496a0d79",
                                            "settings": {
                                                "image": {
                                                    "id": 3109,
                                                    "url": "https:\/\/htmldesigntemplates.com\/portfoly\/wp-content\/uploads\/sites\/28\/2023\/03\/curri-05.png",
                                                    "alt": "",
                                                    "source": "library",
                                                    "size": ""
                                                },
                                                "image_size": "full",
                                                "align": "left",
                                                "width": {
                                                    "unit": "%",
                                                    "size": 96,
                                                    "sizes": []
                                                }
                                            },
                                            "elements": [],
                                            "isInner": false,
                                            "widgetType": "image",
                                            "elType": "widget"
                                        }
                                    ],
                                    "isInner": true,
                                    "elType": "column"
                                },
                                {
                                    "id": "60bafadc",
                                    "settings": {
                                        "_column_size": 33,
                                        "_inline_size": 64.554,
                                        "_inline_size_tablet": 60,
                                        "_inline_size_mobile": 50,
                                        "margin": {
                                            "unit": "px",
                                            "top": "0",
                                            "right": "0",
                                            "bottom": "0",
                                            "left": "0",
                                            "isLinked": false
                                        },
                                        "space_between_widgets": 0
                                    },
                                    "elements": [
                                        {
                                            "id": "16f84af8",
                                            "settings": {
                                                "align_items": "center",
                                                "pointer_color_menu_item_hover": "#e8c204",
                                                "pointer_width": {
                                                    "unit": "px",
                                                    "size": 3
                                                },
                                                "padding_vertical_menu_item": {
                                                    "unit": "px",
                                                    "size": 0
                                                },
                                                "toggle_align": "right",
                                                "full_width": "stretch",
                                                "dropdown_top_distance_mobile": {
                                                    "unit": "px",
                                                    "size": 16
                                                },
                                                "toggle_background_color": "rgba(0,0,0,0)",
                                                "pointer": "none",
                                                "__globals__": {
                                                    "menu_typography_typography": "globals\/typography?id=b1af662",
                                                    "color_menu_item": "globals\/colors?id=3c2ad25",
                                                    "color_menu_item_hover": "globals\/colors?id=primary",
                                                    "color_menu_item_active": "globals\/colors?id=primary",
                                                    "background_color_dropdown_item_hover": "globals\/colors?id=primary",
                                                    "color_dropdown_item_hover": "globals\/colors?id=3c2ad25",
                                                    "dropdown_typography_typography": "globals\/typography?id=text",
                                                    "toggle_color": "globals\/colors?id=3c2ad25",
                                                    "toggle_color_hover": "globals\/colors?id=primary",
                                                    "background_color_dropdown_item": "globals\/colors?id=3c2ad25",
                                                    "color_dropdown_item": "globals\/colors?id=text",
                                                    "dropdown_divider_color": "globals\/colors?id=8b564f1",
                                                    "dropdown_border_color": "globals\/colors?id=07a1f7e"
                                                },
                                                "padding_vertical_dropdown_item_tablet": {
                                                    "unit": "px",
                                                    "size": 16,
                                                    "sizes": []
                                                },
                                                "dropdown_top_distance_tablet": {
                                                    "unit": "px",
                                                    "size": 32,
                                                    "sizes": []
                                                },
                                                "padding_horizontal_dropdown_item": {
                                                    "unit": "px",
                                                    "size": 40,
                                                    "sizes": []
                                                },
                                                "padding_horizontal_menu_item": {
                                                    "unit": "px",
                                                    "size": 15,
                                                    "sizes": []
                                                },
                                                "padding_vertical_menu_item_tablet": {
                                                    "unit": "px",
                                                    "size": 0,
                                                    "sizes": []
                                                },
                                                "nav_menu_divider_weight": {
                                                    "unit": "px",
                                                    "size": 1,
                                                    "sizes": []
                                                },
                                                "dropdown_border_radius": {
                                                    "unit": "px",
                                                    "top": "0",
                                                    "right": "0",
                                                    "bottom": "0",
                                                    "left": "0",
                                                    "isLinked": true
                                                },
                                                "dropdown_divider_border": "solid",
                                                "dropdown_divider_width": {
                                                    "unit": "px",
                                                    "size": 1,
                                                    "sizes": []
                                                },
                                                "dropdown_top_distance": {
                                                    "unit": "px",
                                                    "size": 30,
                                                    "sizes": []
                                                },
                                                "dropdown_border_border": "none",
                                                "dropdown_border_width": {
                                                    "unit": "px",
                                                    "top": "1",
                                                    "right": "1",
                                                    "bottom": "1",
                                                    "left": "1",
                                                    "isLinked": true
                                                },
                                                "menu": "main_menu",
                                                "_z_index": 99,
                                                "menu_id": 2
                                            },
                                            "elements": [],
                                            "isInner": false,
                                            "widgetType": "nav-menu",
                                            "elType": "widget"
                                        }
                                    ],
                                    "isInner": true,
                                    "elType": "column"
                                },
                                {
                                    "id": "46dc48cd",
                                    "settings": {
                                        "_column_size": 33,
                                        "_inline_size": 15,
                                        "hide_tablet": "hidden-tablet",
                                        "hide_mobile": "hidden-mobile",
                                        "align": "flex-end",
                                        "content_position": "center",
                                        "margin": {
                                            "unit": "px",
                                            "top": "0",
                                            "right": "0",
                                            "bottom": "0",
                                            "left": "0",
                                            "isLinked": false
                                        },
                                        "space_between_widgets": 0
                                    },
                                    "elements": [
                                        {
                                            "id": "36c9e5d1",
                                            "settings": {
                                                "text": "Download CV",
                                                "align": "justify",
                                                "__globals__": {
                                                    "button_background_hover_color": "globals\/colors?id=3c2ad25",
                                                    "hover_color": "globals\/colors?id=primary"
                                                }
                                            },
                                            "elements": [],
                                            "isInner": false,
                                            "widgetType": "button",
                                            "elType": "widget"
                                        }
                                    ],
                                    "isInner": true,
                                    "elType": "column"
                                }
                            ],
                            "isInner": true,
                            "elType": "section"
                        }
                    ],
                    "isInner": false,
                    "elType": "column"
                }
            ],
            "isInner": false,
            "elType": "section"
        }
    ]
}