{
    "version": "0.4",
    "title": "My Account",
    "type": "page",
    "metadata": {
        "template_type": "single-page",
        "include_in_zip": "1",
        "elementor_pro_required": "1",
        "wp_page_template": "default"
    },
    "content": [
        {
            "id": "3dcbdbd2",
            "settings": {
                "padding": {
                    "unit": "px",
                    "top": "190",
                    "right": "0",
                    "bottom": "100",
                    "left": "0",
                    "isLinked": false
                },
                "background_background": "classic",
                "background_overlay_background": "classic",
                "background_overlay_image": {
                    "url": "https:\/\/htmldesigntemplates.com\/portfoly\/wp-content\/uploads\/sites\/28\/2023\/03\/price-shape1.png",
                    "id": 648,
                    "size": "",
                    "alt": "",
                    "source": "library"
                },
                "background_overlay_opacity": {
                    "unit": "px",
                    "size": 1,
                    "sizes": []
                },
                "background_overlay_position": "center center",
                "background_overlay_repeat": "no-repeat",
                "background_overlay_size": "initial",
                "border_border": "none",
                "border_width": {
                    "unit": "px",
                    "top": "0",
                    "right": "0",
                    "bottom": "5",
                    "left": "0",
                    "isLinked": false
                },
                "border_radius": {
                    "unit": "px",
                    "top": "0",
                    "right": "0",
                    "bottom": "0",
                    "left": "0",
                    "isLinked": true
                },
                "margin": {
                    "unit": "px",
                    "top": "-103",
                    "right": 0,
                    "bottom": "0",
                    "left": 0,
                    "isLinked": false
                },
                "__globals__": {
                    "background_color": "globals\/colors?id=7568283",
                    "border_color": "globals\/colors?id=primary"
                },
                "background_overlay_bg_width": {
                    "unit": "%",
                    "size": 60,
                    "sizes": []
                },
                "margin_tablet": {
                    "unit": "px",
                    "top": "-121",
                    "right": 0,
                    "bottom": "0",
                    "left": 0,
                    "isLinked": false
                }
            },
            "elements": [
                {
                    "id": "478a188a",
                    "settings": {
                        "_column_size": 100,
                        "_inline_size": null,
                        "space_between_widgets": 0
                    },
                    "elements": [
                        {
                            "id": "4e038bcf",
                            "settings": {
                                "view": "inline",
                                "icon_list": [
                                    {
                                        "text": "Home",
                                        "selected_icon": {
                                            "value": "",
                                            "library": ""
                                        },
                                        "_id": "77d28e5"
                                    },
                                    {
                                        "text": "My Account",
                                        "selected_icon": {
                                            "value": "",
                                            "library": ""
                                        },
                                        "_id": "a483e2a"
                                    }
                                ],
                                "icon_align": "center",
                                "divider": "yes",
                                "__globals__": {
                                    "divider_color": "globals\/colors?id=text",
                                    "text_color": "globals\/colors?id=3c2ad25"
                                }
                            },
                            "elements": [],
                            "isInner": false,
                            "widgetType": "icon-list",
                            "elType": "widget"
                        },
                        {
                            "id": "14b061f6",
                            "settings": {
                                "ekit_heading_title": "My {Account}",
                                "show_title_border": "",
                                "ekit_heading_sub_title": "Time has changed",
                                "shadow_text_content": "bussiness",
                                "ekit_heading_show_seperator": "",
                                "ekit_heading_seperator_style": "elementskit-border-divider ekit-dotted",
                                "ekit_heading_title_margin": {
                                    "unit": "px",
                                    "top": "0",
                                    "right": "0",
                                    "bottom": "0",
                                    "left": "0",
                                    "isLinked": false
                                },
                                "__globals__": {
                                    "ekit_heading_title_color": "globals\/colors?id=3c2ad25",
                                    "ekit_heading_focused_title_color": "globals\/colors?id=primary",
                                    "ekit_heading_focused_title_typography_typography": "globals\/typography?id=67ace4e",
                                    "ekit_heading_title_typography_typography": "globals\/typography?id=67ace4e",
                                    "ekit_heading_seperator_color": "globals\/colors?id=secondary",
                                    "ekit_heading_focused_title_color_hover": "globals\/colors?id=primary",
                                    "ekit_heading_extra_title_typography_typography": "globals\/typography?id=text",
                                    "ekit_heading_extra_title_color": "globals\/colors?id=3c2ad25",
                                    "ekit_heading_title_color_hover": "globals\/colors?id=3c2ad25",
                                    "ekit_heading_title_text_decoration_color": "globals\/colors?id=primary"
                                },
                                "ekit_heading_seperator_image": {
                                    "id": 51,
                                    "url": "https:\/\/htmldesigntemplates.com\/portfoly\/wp-content\/uploads\/sites\/28\/2023\/03\/placeholder-2.png"
                                },
                                "ekit_heading_section_extra_title_show": "",
                                "ekit_heading_extra_title": "<p>Lorem ipsum dolor sit amet, consetetur sadip scing elitr, sed diam nonumy eirmod ut labore et doloreo magna aliqu lorem ipsum dolor sit amet, consetetur sadip elit sed nonumy eirmod tempor invidunt ut labore et dolor.<\/p><p>Excepteur sint occaecat cupidatat non proident, sunt in culpa qui officia deserunt mollit anim id est laborum.<\/p>",
                                "ekit_heading_title_color": "#17233E",
                                "ekit_heading_focused_title_color": "#FDC703",
                                "ekit_heading_use_title_text_fill": "",
                                "ekit_heading_seperator_color": "#FDC703",
                                "_margin": {
                                    "unit": "%",
                                    "top": "0",
                                    "right": "0",
                                    "bottom": "0",
                                    "left": "0",
                                    "isLinked": true
                                },
                                "_margin_tablet": {
                                    "unit": "%",
                                    "top": "",
                                    "right": "",
                                    "bottom": "",
                                    "left": "",
                                    "isLinked": true
                                },
                                "_margin_mobile": {
                                    "unit": "%",
                                    "top": "0",
                                    "right": "0",
                                    "bottom": "0",
                                    "left": "0",
                                    "isLinked": false
                                },
                                "ekit_heading_title_align_tablet": "text_center",
                                "ekit_heading_title_align_mobile": "text_center",
                                "ekit_heading_title_align": "text_center",
                                "ekit_heading_title_shadow_text_shadow": {
                                    "horizontal": 0,
                                    "vertical": 0,
                                    "blur": 20,
                                    "color": "rgba(255, 255, 255, 0.72)"
                                },
                                "ekit_heading_use_focused_title_bg": "",
                                "_padding": {
                                    "unit": "px",
                                    "top": "0",
                                    "right": "0",
                                    "bottom": "0",
                                    "left": "0",
                                    "isLinked": true
                                },
                                "ekit_heading_title_tag": "h1"
                            },
                            "elements": [],
                            "isInner": false,
                            "widgetType": "elementskit-heading",
                            "elType": "widget"
                        }
                    ],
                    "isInner": false,
                    "elType": "column"
                }
            ],
            "isInner": false,
            "elType": "section"
        },
        {
            "id": "b220d87",
            "settings": {
                "padding": {
                    "unit": "px",
                    "top": "110",
                    "right": "0",
                    "bottom": "110",
                    "left": "0",
                    "isLinked": false
                }
            },
            "elements": [
                {
                    "id": "386e488c",
                    "settings": {
                        "_column_size": 100,
                        "_inline_size": null
                    },
                    "elements": [
                        {
                            "id": "56e133b3",
                            "settings": {
                                "tabs": [
                                    {
                                        "field_key": "dashboard",
                                        "field_label": "Dashboard",
                                        "tab_name": "Dashboard",
                                        "_id": "b2d398b"
                                    },
                                    {
                                        "field_key": "orders",
                                        "field_label": "Orders",
                                        "tab_name": "Orders",
                                        "_id": "dc82c65"
                                    },
                                    {
                                        "field_key": "downloads",
                                        "field_label": "Downloads",
                                        "tab_name": "Downloads",
                                        "_id": "84a8e9d"
                                    },
                                    {
                                        "field_key": "edit-address",
                                        "field_label": "Addresses",
                                        "tab_name": "Addresses",
                                        "_id": "c97f912"
                                    },
                                    {
                                        "field_key": "edit-account",
                                        "field_label": "Account Details",
                                        "tab_name": "Account Details",
                                        "_id": "c011751"
                                    },
                                    {
                                        "field_key": "customer-logout",
                                        "field_label": "Logout",
                                        "tab_name": "Logout",
                                        "_id": "197e582"
                                    }
                                ],
                                "tabs_normal_background_background": "classic",
                                "tabs_hover_background_background": "classic",
                                "tabs_active_background_background": "classic",
                                "tabs_border_type": "none",
                                "tabs_border_width": {
                                    "unit": "px",
                                    "top": "2",
                                    "right": "2",
                                    "bottom": "2",
                                    "left": "2",
                                    "isLinked": true
                                },
                                "tabs_border_radius": {
                                    "unit": "px",
                                    "top": "0",
                                    "right": "0",
                                    "bottom": "0",
                                    "left": "0",
                                    "isLinked": true
                                },
                                "tabs_padding": {
                                    "unit": "px",
                                    "top": "15",
                                    "right": "20",
                                    "bottom": "15",
                                    "left": "20",
                                    "isLinked": false
                                },
                                "tabs_spacing": {
                                    "unit": "px",
                                    "size": 10,
                                    "sizes": [],
                                    "px": 0
                                },
                                "sections_border_type": "none",
                                "sections_border_width": {
                                    "unit": "px",
                                    "top": "1",
                                    "right": "1",
                                    "bottom": "1",
                                    "left": "1",
                                    "isLinked": true
                                },
                                "sections_border_radius": {
                                    "unit": "px",
                                    "top": "0",
                                    "right": "0",
                                    "bottom": "0",
                                    "left": "0",
                                    "isLinked": true
                                },
                                "sections_padding": {
                                    "unit": "px",
                                    "top": "30",
                                    "right": "30",
                                    "bottom": "30",
                                    "left": "30",
                                    "isLinked": true
                                },
                                "section_title_spacing": {
                                    "unit": "px",
                                    "size": 20,
                                    "sizes": []
                                },
                                "forms_label_spacing": {
                                    "unit": "px",
                                    "size": 0,
                                    "sizes": [],
                                    "px": 0
                                },
                                "forms_fields_normal_background_background": "classic",
                                "forms_fields_border_border": "none",
                                "forms_fields_border_width": {
                                    "unit": "px",
                                    "top": "0",
                                    "right": "0",
                                    "bottom": "1",
                                    "left": "0",
                                    "isLinked": false
                                },
                                "forms_fields_border_radius": {
                                    "unit": "px",
                                    "top": "0",
                                    "right": "0",
                                    "bottom": "0",
                                    "left": "0",
                                    "isLinked": true
                                },
                                "forms_buttons_background_background": "classic",
                                "forms_buttons_hover_background_background": "classic",
                                "forms_buttons_border_radius": {
                                    "unit": "px",
                                    "top": "0",
                                    "right": "0",
                                    "bottom": "0",
                                    "left": "0",
                                    "isLinked": true
                                },
                                "tables_divider_border_type": "solid",
                                "tables_divider_border_width": {
                                    "unit": "px",
                                    "size": 1,
                                    "sizes": [],
                                    "px": 0
                                },
                                "tables_button_normal_background_background": "classic",
                                "tables_button_hover_background_background": "classic",
                                "tables_button_border_type": "none",
                                "tables_button_border_radius": {
                                    "unit": "px",
                                    "top": "0",
                                    "right": "0",
                                    "bottom": "0",
                                    "left": "0",
                                    "isLinked": true
                                },
                                "__globals__": {
                                    "tabs_normal_background_color": "globals\/colors?id=3c2ad25",
                                    "tabs_border_color": "",
                                    "tabs_normal_color": "globals\/colors?id=text",
                                    "tabs_typography_typography": "globals\/typography?id=cbcd450",
                                    "tabs_hover_background_color": "globals\/colors?id=primary",
                                    "tabs_hover_color": "globals\/colors?id=3c2ad25",
                                    "tabs_active_background_color": "globals\/colors?id=primary",
                                    "tabs_active_color": "globals\/colors?id=3c2ad25",
                                    "sections_border_color": "",
                                    "typography_section_titles_color": "globals\/colors?id=secondary",
                                    "section_titles_typography_typography": "globals\/typography?id=94485de",
                                    "general_text_color": "globals\/colors?id=text",
                                    "general_text_typography_typography": "globals\/typography?id=text",
                                    "login_messages_typography_typography": "globals\/typography?id=text",
                                    "links_normal_color": "globals\/colors?id=text",
                                    "links_hover_color": "globals\/colors?id=primary",
                                    "forms_label_typography_typography": "globals\/typography?id=text",
                                    "forms_fields_border_color": "",
                                    "forms_field_typography_typography": "globals\/typography?id=9740b67",
                                    "forms_fields_normal_background_color": "globals\/colors?id=8b564f1",
                                    "forms_button_typography_typography": "globals\/typography?id=accent",
                                    "forms_buttons_normal_text_color": "globals\/colors?id=3c2ad25",
                                    "forms_buttons_background_color": "globals\/colors?id=primary",
                                    "forms_buttons_hover_background_color": "globals\/colors?id=secondary",
                                    "forms_buttons_hover_text_color": "globals\/colors?id=3c2ad25",
                                    "tables_title_color": "globals\/colors?id=secondary",
                                    "tables_titles_typography_typography": "globals\/typography?id=cbcd450",
                                    "tables_items_color": "globals\/colors?id=text",
                                    "tables_items_typography_typography": "globals\/typography?id=text",
                                    "tables_links_normal_color": "globals\/colors?id=text",
                                    "tables_links_hover_color": "globals\/colors?id=primary",
                                    "tables_button_typography_typography": "globals\/typography?id=accent",
                                    "tables_button_normal_text_color": "globals\/colors?id=3c2ad25",
                                    "tables_button_normal_background_color": "globals\/colors?id=accent",
                                    "tables_button_hover_background_color": "globals\/colors?id=secondary",
                                    "tables_button_hover_text_color": "globals\/colors?id=3c2ad25",
                                    "variations_typography_typography": "globals\/typography?id=text",
                                    "tables_divider_border_color": "globals\/colors?id=8b564f1",
                                    "forms_label_color": "globals\/colors?id=text",
                                    "forms_fields_normal_color": "globals\/colors?id=text",
                                    "forms_fields_focus_color": "globals\/colors?id=3c2ad25",
                                    "my_account_sections_background_color": "globals\/colors?id=3c2ad25"
                                },
                                "tabs_layout": "horizontal",
                                "tabs_content_spacing": {
                                    "unit": "px",
                                    "size": 40,
                                    "sizes": []
                                },
                                "tabs_position": "center",
                                "tabs_normal_color": "#FFFFFF",
                                "tabs_hover_background_color": "#E99D36",
                                "tabs_hover_color": "#FFFFFF",
                                "tabs_active_background_color": "#E99D36",
                                "tabs_active_color": "#FFFFFF",
                                "tabs_border_color": "#FFFFFF1A",
                                "tabs_padding_tablet": {
                                    "unit": "px",
                                    "top": "14",
                                    "right": "14",
                                    "bottom": "14",
                                    "left": "14",
                                    "isLinked": true
                                },
                                "sections_border_color": "#FFFFFF1A",
                                "typography_section_titles_color": "#FFFFFF",
                                "general_text_color": "#FFFFFF",
                                "links_normal_color": "#FFFFFF",
                                "links_hover_color": "#E99D36",
                                "forms_label_color": "#FFFFFF",
                                "forms_fields_border_color": "#FFFFFF1A",
                                "forms_buttons_normal_text_color": "#FFFFFF",
                                "forms_buttons_background_color": "#E99D36",
                                "forms_buttons_hover_text_color": "#FFFFFF",
                                "forms_buttons_hover_background_color": "#191919",
                                "tables_title_color": "#191919",
                                "tables_items_color": "#191919",
                                "tables_links_normal_color": "#191919",
                                "tables_links_hover_color": "#E99D36",
                                "tables_divider_border_color": "#EDF3F8",
                                "tables_button_normal_text_color": "#FFFFFF",
                                "tables_button_normal_background_color": "#E99D36",
                                "tables_button_hover_text_color": "#FFFFFF",
                                "tables_button_hover_background_color": "#191919"
                            },
                            "elements": [],
                            "isInner": false,
                            "widgetType": "woocommerce-my-account",
                            "elType": "widget"
                        }
                    ],
                    "isInner": false,
                    "elType": "column"
                }
            ],
            "isInner": false,
            "elType": "section"
        }
    ]
}