{
    "version": "0.4",
    "title": "Pricing",
    "type": "page",
    "metadata": {
        "template_type": "single-page",
        "include_in_zip": "1",
        "elementor_pro_required": "1",
        "wp_page_template": "default"
    },
    "content": [
        {
            "id": "7aabee31",
            "settings": {
                "padding": {
                    "unit": "px",
                    "top": "190",
                    "right": "0",
                    "bottom": "100",
                    "left": "0",
                    "isLinked": false
                },
                "background_background": "classic",
                "background_overlay_background": "classic",
                "background_overlay_image": {
                    "url": "https:\/\/htmldesigntemplates.com\/portfoly\/wp-content\/uploads\/sites\/28\/2023\/03\/price-shape1.png",
                    "id": 648,
                    "size": "",
                    "alt": "",
                    "source": "library"
                },
                "background_overlay_opacity": {
                    "unit": "px",
                    "size": 1,
                    "sizes": []
                },
                "background_overlay_position": "center center",
                "background_overlay_repeat": "no-repeat",
                "background_overlay_size": "initial",
                "border_border": "none",
                "border_width": {
                    "unit": "px",
                    "top": "0",
                    "right": "0",
                    "bottom": "5",
                    "left": "0",
                    "isLinked": false
                },
                "border_radius": {
                    "unit": "px",
                    "top": "0",
                    "right": "0",
                    "bottom": "0",
                    "left": "0",
                    "isLinked": true
                },
                "margin": {
                    "unit": "px",
                    "top": "-103",
                    "right": 0,
                    "bottom": "0",
                    "left": 0,
                    "isLinked": false
                },
                "__globals__": {
                    "background_color": "globals\/colors?id=7568283",
                    "border_color": "globals\/colors?id=primary"
                },
                "background_overlay_bg_width": {
                    "unit": "%",
                    "size": 60,
                    "sizes": []
                }
            },
            "elements": [
                {
                    "id": "19659cd9",
                    "settings": {
                        "_column_size": 100,
                        "_inline_size": null,
                        "space_between_widgets": 0
                    },
                    "elements": [
                        {
                            "id": "74f4ddf4",
                            "settings": {
                                "view": "inline",
                                "icon_list": [
                                    {
                                        "text": "Home",
                                        "selected_icon": {
                                            "value": "",
                                            "library": ""
                                        },
                                        "_id": "77d28e5"
                                    },
                                    {
                                        "text": "Pricing",
                                        "selected_icon": {
                                            "value": "",
                                            "library": ""
                                        },
                                        "_id": "a483e2a"
                                    }
                                ],
                                "icon_align": "center",
                                "divider": "yes",
                                "__globals__": {
                                    "divider_color": "globals\/colors?id=text",
                                    "text_color": "globals\/colors?id=3c2ad25"
                                }
                            },
                            "elements": [],
                            "isInner": false,
                            "widgetType": "icon-list",
                            "elType": "widget"
                        },
                        {
                            "id": "36304983",
                            "settings": {
                                "ekit_heading_title": "Awesome {Pricing}",
                                "show_title_border": "",
                                "ekit_heading_sub_title": "Time has changed",
                                "shadow_text_content": "bussiness",
                                "ekit_heading_show_seperator": "",
                                "ekit_heading_seperator_style": "elementskit-border-divider ekit-dotted",
                                "ekit_heading_title_margin": {
                                    "unit": "px",
                                    "top": "0",
                                    "right": "0",
                                    "bottom": "0",
                                    "left": "0",
                                    "isLinked": false
                                },
                                "__globals__": {
                                    "ekit_heading_title_color": "globals\/colors?id=3c2ad25",
                                    "ekit_heading_focused_title_color": "globals\/colors?id=primary",
                                    "ekit_heading_focused_title_typography_typography": "globals\/typography?id=67ace4e",
                                    "ekit_heading_title_typography_typography": "globals\/typography?id=67ace4e",
                                    "ekit_heading_seperator_color": "globals\/colors?id=secondary",
                                    "ekit_heading_focused_title_color_hover": "globals\/colors?id=primary",
                                    "ekit_heading_extra_title_typography_typography": "globals\/typography?id=text",
                                    "ekit_heading_extra_title_color": "globals\/colors?id=3c2ad25",
                                    "ekit_heading_title_color_hover": "globals\/colors?id=3c2ad25",
                                    "ekit_heading_title_text_decoration_color": "globals\/colors?id=primary"
                                },
                                "ekit_heading_seperator_image": {
                                    "id": 51,
                                    "url": "https:\/\/htmldesigntemplates.com\/portfoly\/wp-content\/uploads\/sites\/28\/2023\/03\/placeholder-2.png"
                                },
                                "ekit_heading_section_extra_title_show": "",
                                "ekit_heading_extra_title": "<p>Lorem ipsum dolor sit amet, consetetur sadip scing elitr, sed diam nonumy eirmod ut labore et doloreo magna aliqu lorem ipsum dolor sit amet, consetetur sadip elit sed nonumy eirmod tempor invidunt ut labore et dolor.<\/p><p>Excepteur sint occaecat cupidatat non proident, sunt in culpa qui officia deserunt mollit anim id est laborum.<\/p>",
                                "ekit_heading_title_color": "#17233E",
                                "ekit_heading_focused_title_color": "#FDC703",
                                "ekit_heading_use_title_text_fill": "",
                                "ekit_heading_seperator_color": "#FDC703",
                                "_margin": {
                                    "unit": "%",
                                    "top": "0",
                                    "right": "0",
                                    "bottom": "0",
                                    "left": "0",
                                    "isLinked": true
                                },
                                "_margin_tablet": {
                                    "unit": "%",
                                    "top": "",
                                    "right": "",
                                    "bottom": "",
                                    "left": "",
                                    "isLinked": true
                                },
                                "_margin_mobile": {
                                    "unit": "%",
                                    "top": "0",
                                    "right": "0",
                                    "bottom": "0",
                                    "left": "0",
                                    "isLinked": false
                                },
                                "ekit_heading_title_align_tablet": "text_center",
                                "ekit_heading_title_align_mobile": "text_center",
                                "ekit_heading_title_align": "text_center",
                                "ekit_heading_title_shadow_text_shadow": {
                                    "horizontal": 0,
                                    "vertical": 0,
                                    "blur": 20,
                                    "color": "rgba(255, 255, 255, 0.72)"
                                },
                                "ekit_heading_use_focused_title_bg": "",
                                "_padding": {
                                    "unit": "px",
                                    "top": "0",
                                    "right": "0",
                                    "bottom": "0",
                                    "left": "0",
                                    "isLinked": true
                                },
                                "ekit_heading_title_tag": "h1"
                            },
                            "elements": [],
                            "isInner": false,
                            "widgetType": "elementskit-heading",
                            "elType": "widget"
                        }
                    ],
                    "isInner": false,
                    "elType": "column"
                }
            ],
            "isInner": false,
            "elType": "section"
        },
        {
            "id": "3e9eade3",
            "settings": {
                "background_background": "classic",
                "shape_divider_top_flip": "yes",
                "shape_divider_top_negative": "yes",
                "padding": {
                    "unit": "px",
                    "top": "100",
                    "right": "0",
                    "bottom": "100",
                    "left": "0",
                    "isLinked": false
                },
                "__globals__": {
                    "background_color": ""
                },
                "padding_mobile": {
                    "unit": "px",
                    "top": "100",
                    "right": "0",
                    "bottom": "110",
                    "left": "0",
                    "isLinked": false
                }
            },
            "elements": [
                {
                    "id": "3b8597ae",
                    "settings": {
                        "_column_size": 100,
                        "_inline_size": null,
                        "space_between_widgets": 0
                    },
                    "elements": [
                        {
                            "id": "7c1a2334",
                            "settings": {
                                "structure": "30",
                                "content_position": "middle"
                            },
                            "elements": [
                                {
                                    "id": "687e73c",
                                    "settings": {
                                        "_column_size": 33,
                                        "_inline_size": null,
                                        "background_background": "classic",
                                        "background_image": {
                                            "url": "",
                                            "id": "",
                                            "alt": "",
                                            "source": "library"
                                        },
                                        "background_position": "top center",
                                        "background_repeat": "repeat-x",
                                        "background_size": "contain",
                                        "margin": {
                                            "unit": "px",
                                            "top": "0",
                                            "right": "15",
                                            "bottom": "0",
                                            "left": "0",
                                            "isLinked": false
                                        },
                                        "padding": {
                                            "unit": "px",
                                            "top": "0",
                                            "right": "0",
                                            "bottom": "0",
                                            "left": "0",
                                            "isLinked": false
                                        },
                                        "__globals__": {
                                            "background_color": ""
                                        },
                                        "margin_mobile": {
                                            "unit": "px",
                                            "top": "0",
                                            "right": "0",
                                            "bottom": "20",
                                            "left": "0",
                                            "isLinked": false
                                        }
                                    },
                                    "elements": [
                                        {
                                            "id": "1a92f61e",
                                            "settings": {
                                                "heading": "Silver Plan",
                                                "sub_heading": "Standar Package",
                                                "price": "19.99",
                                                "period": "Person",
                                                "features_list": [
                                                    {
                                                        "item_text": "Second Balcony Seat",
                                                        "selected_item_icon": {
                                                            "value": "",
                                                            "library": ""
                                                        },
                                                        "_id": "b36c2ef"
                                                    },
                                                    {
                                                        "item_text": "Snack & Softdrink",
                                                        "selected_item_icon": {
                                                            "value": "",
                                                            "library": ""
                                                        },
                                                        "_id": "78aa2b9"
                                                    },
                                                    {
                                                        "item_text": "Certificates",
                                                        "selected_item_icon": {
                                                            "value": "",
                                                            "library": ""
                                                        },
                                                        "_id": "3bb8b5e"
                                                    },
                                                    {
                                                        "item_text": "Private Access",
                                                        "selected_item_icon": {
                                                            "value": "",
                                                            "library": ""
                                                        },
                                                        "_id": "d9c5780"
                                                    }
                                                ],
                                                "button_text": "Purchase",
                                                "footer_additional_info": "*Please read our term and condition before Purchase",
                                                "show_ribbon": "",
                                                "ribbon_title": "Popular",
                                                "header_padding": {
                                                    "unit": "px",
                                                    "top": "40",
                                                    "right": "0",
                                                    "bottom": "0",
                                                    "left": "0",
                                                    "isLinked": false
                                                },
                                                "heading_color": "#191919",
                                                "sub_heading_color": "#666666",
                                                "price_color": "#191919",
                                                "period_color": "#191919",
                                                "features_list_alignment": "center",
                                                "divider_style": "dashed",
                                                "divider_color": "#70707030",
                                                "divider_weight": {
                                                    "unit": "px",
                                                    "size": 1,
                                                    "sizes": []
                                                },
                                                "_margin": {
                                                    "unit": "px",
                                                    "top": "0",
                                                    "right": "0",
                                                    "bottom": "0",
                                                    "left": "0",
                                                    "isLinked": true
                                                },
                                                "__globals__": {
                                                    "price_typography_typography": "globals\/typography?id=67ace4e",
                                                    "price_color": "globals\/colors?id=primary",
                                                    "heading_typography_typography": "globals\/typography?id=83a0a2f",
                                                    "heading_color": "globals\/colors?id=secondary",
                                                    "sub_heading_typography_typography": "globals\/typography?id=secondary",
                                                    "sub_heading_color": "globals\/colors?id=text",
                                                    "header_bg_color": "globals\/colors?id=3c2ad25",
                                                    "pricing_element_bg_color": "globals\/colors?id=3c2ad25",
                                                    "period_typography_typography": "globals\/typography?id=text",
                                                    "period_color": "globals\/colors?id=text",
                                                    "features_list_bg_color": "globals\/colors?id=3c2ad25",
                                                    "divider_color": "",
                                                    "footer_bg_color": "globals\/colors?id=3c2ad25",
                                                    "button_hover_color": "globals\/colors?id=3c2ad25",
                                                    "button_background_hover_color": "globals\/colors?id=secondary",
                                                    "button_background_color": "globals\/colors?id=primary",
                                                    "additional_info_typography_typography": "globals\/typography?id=9740b67",
                                                    "button_typography_typography": "globals\/typography?id=accent",
                                                    "button_text_color": "globals\/colors?id=3c2ad25",
                                                    "_border_color": "globals\/colors?id=text",
                                                    "features_list_color": "globals\/colors?id=text",
                                                    "additional_info_color": "globals\/colors?id=text"
                                                },
                                                "_margin_tablet": {
                                                    "unit": "px",
                                                    "top": "-5",
                                                    "right": "0",
                                                    "bottom": "0",
                                                    "left": "0",
                                                    "isLinked": false
                                                },
                                                "original_price_typography_line_height": {
                                                    "unit": "em",
                                                    "size": "",
                                                    "sizes": []
                                                },
                                                "original_price_typography_word_spacing": {
                                                    "unit": "em",
                                                    "size": "",
                                                    "sizes": []
                                                },
                                                "features_list_typography_line_height": {
                                                    "unit": "em",
                                                    "size": "",
                                                    "sizes": []
                                                },
                                                "features_list_typography_word_spacing": {
                                                    "unit": "em",
                                                    "size": "",
                                                    "sizes": []
                                                },
                                                "ribbon_typography_line_height": {
                                                    "unit": "em",
                                                    "size": "",
                                                    "sizes": []
                                                },
                                                "ribbon_typography_word_spacing": {
                                                    "unit": "em",
                                                    "size": "",
                                                    "sizes": []
                                                },
                                                "_border_border": "none",
                                                "_border_width": {
                                                    "unit": "px",
                                                    "top": "1",
                                                    "right": "1",
                                                    "bottom": "1",
                                                    "left": "1",
                                                    "isLinked": true
                                                },
                                                "_border_radius": {
                                                    "unit": "px",
                                                    "top": "0",
                                                    "right": "0",
                                                    "bottom": "0",
                                                    "left": "0",
                                                    "isLinked": true
                                                },
                                                "currency_vertical_position": "bottom",
                                                "fractional_part_vertical_position": "bottom",
                                                "period_position": "beside",
                                                "button_text_color": "#FFFFFF",
                                                "button_background_color": "#191919",
                                                "button_hover_color": "#FFFFFF",
                                                "button_background_hover_color": "#E99D36"
                                            },
                                            "elements": [],
                                            "isInner": false,
                                            "widgetType": "price-table",
                                            "elType": "widget"
                                        }
                                    ],
                                    "isInner": true,
                                    "elType": "column"
                                },
                                {
                                    "id": "57af0c03",
                                    "settings": {
                                        "_column_size": 33,
                                        "_inline_size": null,
                                        "background_background": "classic",
                                        "background_image": {
                                            "url": "",
                                            "id": "",
                                            "alt": "",
                                            "source": "library"
                                        },
                                        "background_position": "top center",
                                        "background_repeat": "repeat-x",
                                        "background_size": "initial",
                                        "margin": {
                                            "unit": "px",
                                            "top": "0",
                                            "right": "15",
                                            "bottom": "0",
                                            "left": "15",
                                            "isLinked": false
                                        },
                                        "padding": {
                                            "unit": "px",
                                            "top": "0",
                                            "right": "0",
                                            "bottom": "0",
                                            "left": "0",
                                            "isLinked": false
                                        },
                                        "__globals__": {
                                            "background_color": "",
                                            "border_color": "globals\/colors?id=primary"
                                        },
                                        "margin_mobile": {
                                            "unit": "px",
                                            "top": "0",
                                            "right": "0",
                                            "bottom": "20",
                                            "left": "0",
                                            "isLinked": false
                                        },
                                        "background_size_tablet": "contain",
                                        "border_border": "none",
                                        "border_width": {
                                            "unit": "px",
                                            "top": "1",
                                            "right": "1",
                                            "bottom": "1",
                                            "left": "1",
                                            "isLinked": true
                                        },
                                        "border_radius": {
                                            "unit": "px",
                                            "top": "0",
                                            "right": "0",
                                            "bottom": "0",
                                            "left": "0",
                                            "isLinked": true
                                        },
                                        "margin_tablet": {
                                            "unit": "px",
                                            "top": "0",
                                            "right": "0",
                                            "bottom": "0",
                                            "left": "0",
                                            "isLinked": false
                                        }
                                    },
                                    "elements": [
                                        {
                                            "id": "7f190bd1",
                                            "settings": {
                                                "heading": "Standard Plan",
                                                "sub_heading": "Pro Package",
                                                "price": "39.99",
                                                "period": "Person",
                                                "features_list": [
                                                    {
                                                        "item_text": "Second Balcony Seat",
                                                        "selected_item_icon": {
                                                            "value": "",
                                                            "library": ""
                                                        },
                                                        "_id": "b36c2ef"
                                                    },
                                                    {
                                                        "item_text": "Snack & Softdrink",
                                                        "selected_item_icon": {
                                                            "value": "",
                                                            "library": ""
                                                        },
                                                        "_id": "78aa2b9"
                                                    },
                                                    {
                                                        "item_text": "Certificates",
                                                        "selected_item_icon": {
                                                            "value": "",
                                                            "library": ""
                                                        },
                                                        "_id": "3bb8b5e"
                                                    },
                                                    {
                                                        "item_text": "Private Access",
                                                        "selected_item_icon": {
                                                            "value": "",
                                                            "library": ""
                                                        },
                                                        "_id": "d9c5780"
                                                    },
                                                    {
                                                        "item_text": "Printed Materials",
                                                        "selected_item_icon": {
                                                            "value": "",
                                                            "library": ""
                                                        },
                                                        "_id": "27ee908"
                                                    }
                                                ],
                                                "button_text": "Purchase",
                                                "footer_additional_info": "*Please read our term and condition before Purchase",
                                                "show_ribbon": "",
                                                "ribbon_title": "Popular",
                                                "header_bg_color": "#333369",
                                                "header_padding": {
                                                    "unit": "px",
                                                    "top": "40",
                                                    "right": "0",
                                                    "bottom": "0",
                                                    "left": "0",
                                                    "isLinked": false
                                                },
                                                "heading_color": "#FFFFFF",
                                                "sub_heading_color": "#FFFFFF",
                                                "pricing_element_bg_color": "#333369",
                                                "price_color": "#F8669E",
                                                "period_color": "#333369",
                                                "features_list_bg_color": "#333369",
                                                "features_list_color": "#FFFFFF",
                                                "features_list_alignment": "center",
                                                "divider_style": "dashed",
                                                "divider_color": "#FFFFFF3B",
                                                "divider_weight": {
                                                    "unit": "px",
                                                    "size": 1,
                                                    "sizes": []
                                                },
                                                "footer_bg_color": "#333369",
                                                "__globals__": {
                                                    "price_typography_typography": "globals\/typography?id=67ace4e",
                                                    "price_color": "globals\/colors?id=3c2ad25",
                                                    "heading_typography_typography": "globals\/typography?id=83a0a2f",
                                                    "heading_color": "globals\/colors?id=3c2ad25",
                                                    "sub_heading_typography_typography": "globals\/typography?id=text",
                                                    "sub_heading_color": "globals\/colors?id=3c2ad25",
                                                    "header_bg_color": "globals\/colors?id=primary",
                                                    "pricing_element_bg_color": "globals\/colors?id=primary",
                                                    "period_typography_typography": "globals\/typography?id=text",
                                                    "period_color": "globals\/colors?id=3c2ad25",
                                                    "features_list_bg_color": "globals\/colors?id=primary",
                                                    "divider_color": "",
                                                    "footer_bg_color": "globals\/colors?id=primary",
                                                    "features_list_color": "globals\/colors?id=3c2ad25",
                                                    "additional_info_color": "globals\/colors?id=3c2ad25",
                                                    "button_background_hover_color": "globals\/colors?id=secondary",
                                                    "button_hover_color": "globals\/colors?id=3c2ad25",
                                                    "button_background_color": "globals\/colors?id=3c2ad25",
                                                    "button_text_color": "globals\/colors?id=primary",
                                                    "button_typography_typography": "globals\/typography?id=accent",
                                                    "additional_info_typography_typography": "globals\/typography?id=9740b67",
                                                    "_border_color": "globals\/colors?id=primary"
                                                },
                                                "heading_typography_line_height": {
                                                    "unit": "em",
                                                    "size": "",
                                                    "sizes": []
                                                },
                                                "heading_typography_word_spacing": {
                                                    "unit": "em",
                                                    "size": "",
                                                    "sizes": []
                                                },
                                                "sub_heading_typography_line_height": {
                                                    "unit": "em",
                                                    "size": "",
                                                    "sizes": []
                                                },
                                                "sub_heading_typography_word_spacing": {
                                                    "unit": "em",
                                                    "size": "",
                                                    "sizes": []
                                                },
                                                "price_typography_line_height": {
                                                    "unit": "em",
                                                    "size": "",
                                                    "sizes": []
                                                },
                                                "price_typography_word_spacing": {
                                                    "unit": "em",
                                                    "size": "",
                                                    "sizes": []
                                                },
                                                "original_price_typography_line_height": {
                                                    "unit": "em",
                                                    "size": "",
                                                    "sizes": []
                                                },
                                                "original_price_typography_word_spacing": {
                                                    "unit": "em",
                                                    "size": "",
                                                    "sizes": []
                                                },
                                                "period_typography_line_height": {
                                                    "unit": "em",
                                                    "size": "",
                                                    "sizes": []
                                                },
                                                "period_typography_word_spacing": {
                                                    "unit": "em",
                                                    "size": "",
                                                    "sizes": []
                                                },
                                                "features_list_typography_line_height": {
                                                    "unit": "em",
                                                    "size": "",
                                                    "sizes": []
                                                },
                                                "features_list_typography_word_spacing": {
                                                    "unit": "em",
                                                    "size": "",
                                                    "sizes": []
                                                },
                                                "ribbon_typography_line_height": {
                                                    "unit": "em",
                                                    "size": "",
                                                    "sizes": []
                                                },
                                                "ribbon_typography_word_spacing": {
                                                    "unit": "em",
                                                    "size": "",
                                                    "sizes": []
                                                },
                                                "currency_vertical_position": "bottom",
                                                "fractional_part_vertical_position": "bottom",
                                                "period_position": "beside",
                                                "button_border_border": "none",
                                                "button_border_width": {
                                                    "unit": "px",
                                                    "top": "0",
                                                    "right": "0",
                                                    "bottom": "0",
                                                    "left": "0",
                                                    "isLinked": true
                                                },
                                                "_border_border": "none",
                                                "_border_width": {
                                                    "unit": "px",
                                                    "top": "1",
                                                    "right": "1",
                                                    "bottom": "1",
                                                    "left": "1",
                                                    "isLinked": true
                                                },
                                                "_border_radius": {
                                                    "unit": "px",
                                                    "top": "0",
                                                    "right": "0",
                                                    "bottom": "0",
                                                    "left": "0",
                                                    "isLinked": true
                                                }
                                            },
                                            "elements": [],
                                            "isInner": false,
                                            "widgetType": "price-table",
                                            "elType": "widget"
                                        }
                                    ],
                                    "isInner": true,
                                    "elType": "column"
                                },
                                {
                                    "id": "39b0b4b",
                                    "settings": {
                                        "_column_size": 33,
                                        "_inline_size": null,
                                        "background_background": "classic",
                                        "background_image": {
                                            "url": "",
                                            "id": "",
                                            "alt": "",
                                            "source": "library"
                                        },
                                        "background_position": "top center",
                                        "background_repeat": "repeat-x",
                                        "background_size": "contain",
                                        "margin": {
                                            "unit": "px",
                                            "top": "0",
                                            "right": "0",
                                            "bottom": "0",
                                            "left": "15",
                                            "isLinked": false
                                        },
                                        "padding": {
                                            "unit": "px",
                                            "top": "0",
                                            "right": "0",
                                            "bottom": "0",
                                            "left": "0",
                                            "isLinked": false
                                        },
                                        "__globals__": {
                                            "background_color": ""
                                        },
                                        "margin_mobile": {
                                            "unit": "px",
                                            "top": "0",
                                            "right": "0",
                                            "bottom": "0",
                                            "left": "0",
                                            "isLinked": false
                                        }
                                    },
                                    "elements": [
                                        {
                                            "id": "75cd7e80",
                                            "settings": {
                                                "heading": "Premium Plan",
                                                "sub_heading": "Enteprise Package",
                                                "price": "199.99",
                                                "period": "Person",
                                                "features_list": [
                                                    {
                                                        "item_text": "Second Balcony Seat",
                                                        "selected_item_icon": {
                                                            "value": "",
                                                            "library": ""
                                                        },
                                                        "_id": "b36c2ef"
                                                    },
                                                    {
                                                        "item_text": "Snack & Softdrink",
                                                        "selected_item_icon": {
                                                            "value": "",
                                                            "library": ""
                                                        },
                                                        "_id": "78aa2b9"
                                                    },
                                                    {
                                                        "item_text": "Certificates",
                                                        "selected_item_icon": {
                                                            "value": "",
                                                            "library": ""
                                                        },
                                                        "_id": "3bb8b5e"
                                                    },
                                                    {
                                                        "item_text": "Private Access",
                                                        "selected_item_icon": {
                                                            "value": "",
                                                            "library": ""
                                                        },
                                                        "_id": "d9c5780"
                                                    }
                                                ],
                                                "button_text": "Purchase",
                                                "footer_additional_info": "*Please read our term and condition before Purchase",
                                                "show_ribbon": "",
                                                "ribbon_title": "Popular",
                                                "header_padding": {
                                                    "unit": "px",
                                                    "top": "40",
                                                    "right": "0",
                                                    "bottom": "0",
                                                    "left": "0",
                                                    "isLinked": false
                                                },
                                                "heading_color": "#191919",
                                                "sub_heading_color": "#666666",
                                                "price_color": "#191919",
                                                "period_color": "#191919",
                                                "features_list_alignment": "center",
                                                "divider_style": "dashed",
                                                "divider_color": "#70707030",
                                                "divider_weight": {
                                                    "unit": "px",
                                                    "size": 1,
                                                    "sizes": []
                                                },
                                                "_margin": {
                                                    "unit": "px",
                                                    "top": "0",
                                                    "right": "0",
                                                    "bottom": "0",
                                                    "left": "0",
                                                    "isLinked": true
                                                },
                                                "__globals__": {
                                                    "price_typography_typography": "globals\/typography?id=67ace4e",
                                                    "price_color": "globals\/colors?id=primary",
                                                    "heading_typography_typography": "globals\/typography?id=83a0a2f",
                                                    "heading_color": "globals\/colors?id=secondary",
                                                    "sub_heading_typography_typography": "globals\/typography?id=secondary",
                                                    "sub_heading_color": "globals\/colors?id=text",
                                                    "header_bg_color": "globals\/colors?id=3c2ad25",
                                                    "pricing_element_bg_color": "globals\/colors?id=3c2ad25",
                                                    "period_typography_typography": "globals\/typography?id=text",
                                                    "period_color": "globals\/colors?id=text",
                                                    "features_list_bg_color": "globals\/colors?id=3c2ad25",
                                                    "divider_color": "",
                                                    "footer_bg_color": "globals\/colors?id=3c2ad25",
                                                    "button_hover_color": "globals\/colors?id=3c2ad25",
                                                    "button_background_hover_color": "globals\/colors?id=secondary",
                                                    "button_background_color": "globals\/colors?id=primary",
                                                    "additional_info_typography_typography": "globals\/typography?id=9740b67",
                                                    "button_typography_typography": "globals\/typography?id=accent",
                                                    "button_text_color": "globals\/colors?id=3c2ad25",
                                                    "_border_color": "globals\/colors?id=text",
                                                    "features_list_color": "globals\/colors?id=text",
                                                    "additional_info_color": "globals\/colors?id=text"
                                                },
                                                "_margin_tablet": {
                                                    "unit": "px",
                                                    "top": "-5",
                                                    "right": "0",
                                                    "bottom": "0",
                                                    "left": "0",
                                                    "isLinked": false
                                                },
                                                "original_price_typography_line_height": {
                                                    "unit": "em",
                                                    "size": "",
                                                    "sizes": []
                                                },
                                                "original_price_typography_word_spacing": {
                                                    "unit": "em",
                                                    "size": "",
                                                    "sizes": []
                                                },
                                                "features_list_typography_line_height": {
                                                    "unit": "em",
                                                    "size": "",
                                                    "sizes": []
                                                },
                                                "features_list_typography_word_spacing": {
                                                    "unit": "em",
                                                    "size": "",
                                                    "sizes": []
                                                },
                                                "ribbon_typography_line_height": {
                                                    "unit": "em",
                                                    "size": "",
                                                    "sizes": []
                                                },
                                                "ribbon_typography_word_spacing": {
                                                    "unit": "em",
                                                    "size": "",
                                                    "sizes": []
                                                },
                                                "_border_border": "none",
                                                "_border_width": {
                                                    "unit": "px",
                                                    "top": "1",
                                                    "right": "1",
                                                    "bottom": "1",
                                                    "left": "1",
                                                    "isLinked": true
                                                },
                                                "_border_radius": {
                                                    "unit": "px",
                                                    "top": "0",
                                                    "right": "0",
                                                    "bottom": "0",
                                                    "left": "0",
                                                    "isLinked": true
                                                },
                                                "currency_vertical_position": "bottom",
                                                "fractional_part_vertical_position": "bottom",
                                                "period_position": "beside",
                                                "button_text_color": "#FFFFFF",
                                                "button_background_color": "#191919",
                                                "button_hover_color": "#FFFFFF",
                                                "button_background_hover_color": "#E99D36"
                                            },
                                            "elements": [],
                                            "isInner": false,
                                            "widgetType": "price-table",
                                            "elType": "widget"
                                        }
                                    ],
                                    "isInner": true,
                                    "elType": "column"
                                }
                            ],
                            "isInner": true,
                            "elType": "section"
                        }
                    ],
                    "isInner": false,
                    "elType": "column"
                }
            ],
            "isInner": false,
            "elType": "section"
        },
        {
            "id": "16f7b76d",
            "settings": {
                "background_background": "classic",
                "background_image": {
                    "url": "",
                    "id": "",
                    "size": "",
                    "alt": "",
                    "source": "library"
                },
                "background_repeat": "no-repeat",
                "background_overlay_background": "classic",
                "background_overlay_image": {
                    "id": 648,
                    "url": "https:\/\/htmldesigntemplates.com\/portfoly\/wp-content\/uploads\/sites\/28\/2023\/03\/price-shape1.png",
                    "alt": "",
                    "source": "library",
                    "size": ""
                },
                "background_overlay_repeat": "no-repeat",
                "background_overlay_size": "contain",
                "padding": {
                    "unit": "px",
                    "top": "100",
                    "right": "0",
                    "bottom": "100",
                    "left": "0",
                    "isLinked": false
                },
                "__globals__": {
                    "background_overlay_color": "",
                    "background_color": "globals\/colors?id=3c2ad25",
                    "background_overlay_color_b": "globals\/colors?id=7568283",
                    "background_color_b": "globals\/colors?id=7568283"
                },
                "background_overlay_opacity": {
                    "unit": "px",
                    "size": 0.7,
                    "sizes": []
                },
                "background_attachment": "fixed",
                "background_size": "cover",
                "background_color": "#191919",
                "margin": {
                    "unit": "px",
                    "top": "0",
                    "right": 0,
                    "bottom": "0",
                    "left": 0,
                    "isLinked": false
                },
                "content_position": "middle",
                "structure": "20",
                "background_color_b": "#131313",
                "background_overlay_color_b": "#131313",
                "background_overlay_position": "center center",
                "background_overlay_bg_width": {
                    "unit": "%",
                    "size": 20,
                    "sizes": []
                },
                "border_radius": {
                    "unit": "px",
                    "top": "0",
                    "right": "0",
                    "bottom": "0",
                    "left": "0",
                    "isLinked": false
                }
            },
            "elements": [
                {
                    "id": "469f4b5a",
                    "settings": {
                        "_column_size": 50,
                        "_inline_size": null,
                        "space_between_widgets": 10,
                        "margin": {
                            "unit": "px",
                            "top": "0",
                            "right": "0",
                            "bottom": "0",
                            "left": "0",
                            "isLinked": true
                        },
                        "background_background": "classic",
                        "background_repeat": "no-repeat",
                        "background_size": "contain",
                        "background_bg_width": {
                            "unit": "%",
                            "size": 80,
                            "sizes": []
                        },
                        "border_border": "none",
                        "border_width": {
                            "unit": "px",
                            "top": "5",
                            "right": "5",
                            "bottom": "5",
                            "left": "5",
                            "isLinked": true
                        },
                        "border_color": "#FAF8F761",
                        "__globals__": {
                            "border_color": ""
                        },
                        "background_position_mobile": "center center",
                        "background_size_mobile": "contain",
                        "margin_mobile": {
                            "unit": "px",
                            "top": "0",
                            "right": "0",
                            "bottom": "20",
                            "left": "0",
                            "isLinked": false
                        },
                        "padding_mobile": {
                            "unit": "px",
                            "top": "0",
                            "right": "10",
                            "bottom": "0",
                            "left": "10",
                            "isLinked": false
                        },
                        "margin_tablet": {
                            "unit": "%",
                            "top": "0",
                            "right": "0",
                            "bottom": "0",
                            "left": "0",
                            "isLinked": false
                        },
                        "_inline_size_tablet": 100
                    },
                    "elements": [
                        {
                            "id": "262056b9",
                            "settings": {
                                "ekit_heading_title": "Vision & {Mission}",
                                "show_title_border": "",
                                "ekit_heading_sub_title": "Time has changed",
                                "shadow_text_content": "bussiness",
                                "ekit_heading_show_seperator": "",
                                "ekit_heading_seperator_style": "elementskit-border-divider ekit-dotted",
                                "ekit_heading_title_margin": {
                                    "unit": "px",
                                    "top": "0",
                                    "right": "0",
                                    "bottom": "5",
                                    "left": "0",
                                    "isLinked": false
                                },
                                "__globals__": {
                                    "ekit_heading_title_color": "globals\/colors?id=secondary",
                                    "ekit_heading_focused_title_color": "globals\/colors?id=primary",
                                    "ekit_heading_focused_title_typography_typography": "globals\/typography?id=be86681",
                                    "ekit_heading_title_typography_typography": "globals\/typography?id=be86681",
                                    "ekit_heading_seperator_color": "globals\/colors?id=secondary",
                                    "ekit_heading_focused_title_color_hover": "globals\/colors?id=primary",
                                    "ekit_heading_extra_title_typography_typography": "globals\/typography?id=text",
                                    "ekit_heading_extra_title_color": "globals\/colors?id=text",
                                    "_border_color": "globals\/colors?id=8b564f1",
                                    "ekit_heading_title_color_hover": "globals\/colors?id=secondary"
                                },
                                "ekit_heading_seperator_image": {
                                    "id": 54,
                                    "url": "https:\/\/htmldesigntemplates.com\/portfoly\/wp-content\/uploads\/sites\/28\/2023\/03\/placeholder-5.png"
                                },
                                "ekit_heading_section_extra_title_show": "",
                                "ekit_heading_extra_title": "<p>Excepteur sint occaecat cupidatat non proident, sunt in culpa qui officia deserunt mollit anim id est laborum.<\/p>",
                                "ekit_heading_title_color": "#17233E",
                                "ekit_heading_focused_title_color": "#FDC703",
                                "ekit_heading_use_title_text_fill": "",
                                "ekit_heading_seperator_color": "#FDC703",
                                "_margin": {
                                    "unit": "%",
                                    "top": "0",
                                    "right": "0",
                                    "bottom": "0",
                                    "left": "0",
                                    "isLinked": true
                                },
                                "_margin_tablet": {
                                    "unit": "px",
                                    "top": "0",
                                    "right": "0",
                                    "bottom": "20",
                                    "left": "0",
                                    "isLinked": false
                                },
                                "ekit_heading_title_align_tablet": "text_center",
                                "ekit_heading_title_tag": "h4",
                                "_padding": {
                                    "unit": "px",
                                    "top": "0",
                                    "right": "0",
                                    "bottom": "0",
                                    "left": "0",
                                    "isLinked": true
                                },
                                "_border_border": "none",
                                "_border_width": {
                                    "unit": "px",
                                    "top": "2",
                                    "right": "2",
                                    "bottom": "2",
                                    "left": "2",
                                    "isLinked": true
                                },
                                "ekit_heading_extra_title_margin": {
                                    "unit": "px",
                                    "top": "0",
                                    "right": "0",
                                    "bottom": "0",
                                    "left": "0",
                                    "isLinked": false
                                },
                                "_margin_mobile": {
                                    "unit": "px",
                                    "top": "0",
                                    "right": "0",
                                    "bottom": "0",
                                    "left": "0",
                                    "isLinked": false
                                }
                            },
                            "elements": [],
                            "isInner": false,
                            "widgetType": "elementskit-heading",
                            "elType": "widget"
                        },
                        {
                            "id": "4253067d",
                            "settings": {
                                "ekit_heading_title": "Need help with {professional Designer?} Let's work together!",
                                "show_title_border": "",
                                "ekit_heading_sub_title": "Time has changed",
                                "shadow_text_content": "bussiness",
                                "ekit_heading_show_seperator": "",
                                "ekit_heading_seperator_style": "elementskit-border-divider ekit-dotted",
                                "ekit_heading_title_margin": {
                                    "unit": "px",
                                    "top": "0",
                                    "right": "0",
                                    "bottom": "0",
                                    "left": "0",
                                    "isLinked": false
                                },
                                "__globals__": {
                                    "ekit_heading_title_color": "globals\/colors?id=secondary",
                                    "ekit_heading_focused_title_color": "globals\/colors?id=primary",
                                    "ekit_heading_focused_title_typography_typography": "globals\/typography?id=3f3e88c",
                                    "ekit_heading_title_typography_typography": "globals\/typography?id=3f3e88c",
                                    "ekit_heading_seperator_color": "globals\/colors?id=secondary",
                                    "ekit_heading_focused_title_color_hover": "globals\/colors?id=primary",
                                    "ekit_heading_extra_title_typography_typography": "globals\/typography?id=text",
                                    "ekit_heading_extra_title_color": "globals\/colors?id=text",
                                    "ekit_heading_title_color_hover": "globals\/colors?id=secondary"
                                },
                                "ekit_heading_seperator_image": {
                                    "id": 64,
                                    "url": "https:\/\/htmldesigntemplates.com\/portfoly\/wp-content\/uploads\/sites\/28\/2023\/03\/placeholder-15.png"
                                },
                                "ekit_heading_section_extra_title_show": "yes",
                                "ekit_heading_extra_title": "<p>Lorem ipsum dolor sit amet, consectetur adipiscing elit, sed do eiusmod tempor incididunt ut labore et dolore magna aliqua. Ut enim ad minim veniam, quis nostrud exercitation ullamco laboris nisi ut aliquip ex ea commodo consequat.<\/p>",
                                "ekit_heading_title_color": "#17233E",
                                "ekit_heading_focused_title_color": "#FDC703",
                                "ekit_heading_use_title_text_fill": "",
                                "ekit_heading_seperator_color": "#FDC703",
                                "_margin": {
                                    "unit": "%",
                                    "top": "",
                                    "right": "",
                                    "bottom": "",
                                    "left": "",
                                    "isLinked": true
                                },
                                "_margin_tablet": {
                                    "unit": "%",
                                    "top": "",
                                    "right": "",
                                    "bottom": "",
                                    "left": "",
                                    "isLinked": true
                                },
                                "_margin_mobile": {
                                    "unit": "%",
                                    "top": "",
                                    "right": "",
                                    "bottom": "",
                                    "left": "",
                                    "isLinked": true
                                },
                                "ekit_heading_title_align_tablet": "text_center",
                                "ekit_heading_title_align_mobile": "text_center",
                                "ekit_heading_extra_title_margin": {
                                    "unit": "px",
                                    "top": "20",
                                    "right": "0",
                                    "bottom": "0",
                                    "left": "0",
                                    "isLinked": false
                                }
                            },
                            "elements": [],
                            "isInner": false,
                            "widgetType": "elementskit-heading",
                            "elType": "widget"
                        },
                        {
                            "id": "38c819da",
                            "settings": {
                                "space": {
                                    "unit": "px",
                                    "size": 10,
                                    "sizes": []
                                }
                            },
                            "elements": [],
                            "isInner": false,
                            "widgetType": "spacer",
                            "elType": "widget"
                        },
                        {
                            "id": "443f97fe",
                            "settings": {
                                "text": "Download CV",
                                "align_tablet": "center",
                                "__globals__": {
                                    "button_background_hover_color": "globals\/colors?id=secondary"
                                }
                            },
                            "elements": [],
                            "isInner": false,
                            "widgetType": "button",
                            "elType": "widget"
                        }
                    ],
                    "isInner": false,
                    "elType": "column"
                },
                {
                    "id": "66d02c73",
                    "settings": {
                        "_column_size": 50,
                        "_inline_size": null,
                        "_inline_size_tablet": 100
                    },
                    "elements": [
                        {
                            "id": "716f85e9",
                            "settings": {
                                "youtube_url": "https:\/\/www.youtube.com\/watch?v=XHOmBV4js_E",
                                "vimeo_url": "https:\/\/vimeo.com\/235215203",
                                "dailymotion_url": "https:\/\/www.dailymotion.com\/video\/x6tqhqb",
                                "show_image_overlay": "yes",
                                "image_overlay": {
                                    "id": 621,
                                    "url": "https:\/\/htmldesigntemplates.com\/portfoly\/wp-content\/uploads\/sites\/28\/2023\/03\/browsing-around-for-some-ideas-2023-03-08-19-22-17-utc.jpg",
                                    "alt": "",
                                    "source": "library",
                                    "size": ""
                                },
                                "play_icon": {
                                    "value": "icon icon-play-button1",
                                    "library": "ekiticons"
                                },
                                "lightbox": "yes",
                                "aspect_ratio": "43",
                                "_border_border": "none",
                                "_border_width": {
                                    "unit": "px",
                                    "top": "6",
                                    "right": "6",
                                    "bottom": "6",
                                    "left": "6",
                                    "isLinked": true
                                },
                                "_border_radius": {
                                    "unit": "px",
                                    "top": "0",
                                    "right": "0",
                                    "bottom": "0",
                                    "left": "0",
                                    "isLinked": true
                                },
                                "__globals__": {
                                    "_border_color": "globals\/colors?id=07a1f7e",
                                    "play_icon_color": "globals\/colors?id=3c2ad25"
                                },
                                "_margin": {
                                    "unit": "px",
                                    "top": "0",
                                    "right": "0",
                                    "bottom": "0",
                                    "left": "0",
                                    "isLinked": true
                                },
                                "_z_index": 1
                            },
                            "elements": [],
                            "isInner": false,
                            "widgetType": "video",
                            "elType": "widget"
                        }
                    ],
                    "isInner": false,
                    "elType": "column"
                }
            ],
            "isInner": false,
            "elType": "section"
        }
    ]
}