{
    "version": "0.4",
    "title": "Products Archive",
    "type": "product-archive",
    "metadata": {
        "template_type": "archive-product",
        "include_in_zip": "1",
        "elementor_pro_required": "1",
        "elementor_library_type": "product-archive",
        "elementor_pro_conditions": [
            "include\/product_archive"
        ],
        "additional_template_information": [
            "This is a \"Product Archive\" template for Elementor Pro.",
            "This template will display on: All Product Archives."
        ],
        "wp_page_template": "default"
    },
    "content": [
        {
            "id": "1464b31f",
            "settings": {
                "padding": {
                    "unit": "px",
                    "top": "190",
                    "right": "0",
                    "bottom": "100",
                    "left": "0",
                    "isLinked": false
                },
                "background_background": "classic",
                "background_overlay_background": "classic",
                "background_overlay_image": {
                    "url": "https:\/\/htmldesigntemplates.com\/portfoly\/wp-content\/uploads\/sites\/28\/2023\/03\/price-shape1.png",
                    "id": 648,
                    "size": "",
                    "alt": "",
                    "source": "library"
                },
                "background_overlay_opacity": {
                    "unit": "px",
                    "size": 1,
                    "sizes": []
                },
                "background_overlay_position": "center center",
                "background_overlay_repeat": "no-repeat",
                "background_overlay_size": "initial",
                "border_border": "none",
                "border_width": {
                    "unit": "px",
                    "top": "0",
                    "right": "0",
                    "bottom": "5",
                    "left": "0",
                    "isLinked": false
                },
                "border_radius": {
                    "unit": "px",
                    "top": "0",
                    "right": "0",
                    "bottom": "0",
                    "left": "0",
                    "isLinked": true
                },
                "margin": {
                    "unit": "px",
                    "top": "-103",
                    "right": 0,
                    "bottom": "0",
                    "left": 0,
                    "isLinked": false
                },
                "__globals__": {
                    "background_color": "globals\/colors?id=7568283",
                    "border_color": "globals\/colors?id=primary"
                },
                "background_overlay_bg_width": {
                    "unit": "%",
                    "size": 60,
                    "sizes": []
                }
            },
            "elements": [
                {
                    "id": "22d3c13f",
                    "settings": {
                        "_column_size": 100,
                        "_inline_size": null,
                        "space_between_widgets": 0
                    },
                    "elements": [
                        {
                            "id": "396c00fd",
                            "settings": {
                                "__dynamic__": {
                                    "title": "[elementor-tag id=\"\" name=\"archive-title\" settings=\"%7B%22include_context%22%3A%22yes%22%2C%22before%22%3A%22%22%2C%22after%22%3A%22%22%2C%22fallback%22%3A%22%22%7D\"]"
                                },
                                "title": "Add Your Heading Text Here",
                                "align": "center",
                                "_margin": {
                                    "unit": "%",
                                    "top": "0",
                                    "right": "0",
                                    "bottom": "0",
                                    "left": "0",
                                    "isLinked": true
                                },
                                "_margin_tablet": {
                                    "unit": "%",
                                    "top": "",
                                    "right": "",
                                    "bottom": "",
                                    "left": "",
                                    "isLinked": true
                                },
                                "_margin_mobile": {
                                    "unit": "%",
                                    "top": "",
                                    "right": "",
                                    "bottom": "",
                                    "left": "",
                                    "isLinked": true
                                },
                                "__globals__": {
                                    "typography_typography": "globals\/typography?id=67ace4e",
                                    "title_color": "globals\/colors?id=3c2ad25"
                                }
                            },
                            "elements": [],
                            "isInner": false,
                            "widgetType": "theme-archive-title",
                            "elType": "widget"
                        }
                    ],
                    "isInner": false,
                    "elType": "column"
                }
            ],
            "isInner": false,
            "elType": "section"
        },
        {
            "id": "b1f55af",
            "settings": {
                "structure": "20",
                "padding": {
                    "unit": "px",
                    "top": "110",
                    "right": "0",
                    "bottom": "110",
                    "left": "0",
                    "isLinked": false
                },
                "margin_tablet": {
                    "unit": "px",
                    "top": "0",
                    "right": 0,
                    "bottom": "0",
                    "left": 0,
                    "isLinked": false
                }
            },
            "elements": [
                {
                    "id": "24dd2047",
                    "settings": {
                        "_column_size": 50,
                        "_inline_size": 65,
                        "margin": {
                            "unit": "px",
                            "top": "0",
                            "right": "15",
                            "bottom": "0",
                            "left": "0",
                            "isLinked": false
                        },
                        "_inline_size_tablet": 100,
                        "margin_tablet": {
                            "unit": "px",
                            "top": "0",
                            "right": "0",
                            "bottom": "20",
                            "left": "0",
                            "isLinked": false
                        },
                        "space_between_widgets": 10
                    },
                    "elements": [
                        {
                            "id": "19abafa4",
                            "settings": {
                                "nothing_found_message": "It seems we can&#039;t find what you&#039;re looking for.",
                                "column_gap": {
                                    "unit": "px",
                                    "size": 30,
                                    "sizes": []
                                },
                                "row_gap": {
                                    "unit": "px",
                                    "size": 30,
                                    "sizes": []
                                },
                                "align": "center",
                                "image_border_radius": {
                                    "unit": "px",
                                    "top": "0",
                                    "right": "0",
                                    "bottom": "0",
                                    "left": "0",
                                    "isLinked": true
                                },
                                "button_border_radius": {
                                    "unit": "px",
                                    "top": "0",
                                    "right": "0",
                                    "bottom": "0",
                                    "left": "0",
                                    "isLinked": true
                                },
                                "button_text_padding": {
                                    "unit": "px",
                                    "top": "12",
                                    "right": "20",
                                    "bottom": "12",
                                    "left": "20",
                                    "isLinked": false
                                },
                                "box_border_radius": {
                                    "unit": "px",
                                    "size": 0,
                                    "sizes": []
                                },
                                "box_padding": {
                                    "unit": "px",
                                    "top": "20",
                                    "right": "20",
                                    "bottom": "30",
                                    "left": "20",
                                    "isLinked": false
                                },
                                "box_shadow_box_shadow": {
                                    "horizontal": 0,
                                    "vertical": 5,
                                    "blur": 25,
                                    "spread": 0,
                                    "color": "rgba(0, 0, 0, 0.08)"
                                },
                                "__globals__": {
                                    "title_typography_typography": "globals\/typography?id=be86681",
                                    "price_color": "globals\/colors?id=primary",
                                    "price_typography_typography": "globals\/typography?id=cbcd450",
                                    "button_background_color": "globals\/colors?id=accent",
                                    "button_text_color": "globals\/colors?id=3c2ad25",
                                    "button_hover_background_color": "globals\/colors?id=3c2ad25",
                                    "button_hover_color": "globals\/colors?id=accent",
                                    "view_cart_typography_typography": "globals\/typography?id=accent",
                                    "pagination_typography_typography": "globals\/typography?id=text",
                                    "pagination_link_bg_color": "globals\/colors?id=primary",
                                    "pagination_link_color": "globals\/colors?id=3c2ad25",
                                    "pagination_link_color_hover": "globals\/colors?id=accent",
                                    "pagination_link_bg_color_hover": "globals\/colors?id=3c2ad25",
                                    "pagination_link_color_active": "globals\/colors?id=primary",
                                    "pagination_link_bg_color_active": "globals\/colors?id=3c2ad25",
                                    "button_typography_typography": "globals\/typography?id=accent",
                                    "box_border_color": "globals\/colors?id=8b564f1",
                                    "pagination_border_color": "globals\/colors?id=07a1f7e",
                                    "title_color": "globals\/colors?id=secondary",
                                    "box_bg_color": "globals\/colors?id=3c2ad25",
                                    "onsale_typography_typography": "globals\/typography?id=text"
                                },
                                "box_border_width": {
                                    "unit": "px",
                                    "top": "0",
                                    "right": "0",
                                    "bottom": "0",
                                    "left": "0",
                                    "isLinked": true
                                }
                            },
                            "elements": [],
                            "isInner": false,
                            "widgetType": "wc-archive-products",
                            "elType": "widget"
                        }
                    ],
                    "isInner": false,
                    "elType": "column"
                },
                {
                    "id": "9c57d18",
                    "settings": {
                        "_column_size": 50,
                        "_inline_size": 35,
                        "_inline_size_tablet": 100,
                        "space_between_widgets": 0,
                        "background_background": "classic",
                        "border_width": {
                            "unit": "px",
                            "top": "1",
                            "right": "1",
                            "bottom": "1",
                            "left": "1",
                            "isLinked": true
                        },
                        "border_radius": {
                            "unit": "px",
                            "top": "0",
                            "right": "0",
                            "bottom": "0",
                            "left": "0",
                            "isLinked": true
                        },
                        "box_shadow_box_shadow": {
                            "horizontal": 0,
                            "vertical": 0,
                            "blur": 15,
                            "spread": 0,
                            "color": "rgba(0, 0, 0, 0.06)"
                        },
                        "margin": {
                            "unit": "px",
                            "top": "0",
                            "right": "0",
                            "bottom": "0",
                            "left": "15",
                            "isLinked": false
                        },
                        "__globals__": {
                            "border_color": "globals\/colors?id=8b564f1",
                            "background_color": ""
                        },
                        "margin_tablet": {
                            "unit": "px",
                            "top": "0",
                            "right": "0",
                            "bottom": "0",
                            "left": "0",
                            "isLinked": true
                        },
                        "border_color": "#F1F1F1"
                    },
                    "elements": [
                        {
                            "id": "5e962862",
                            "settings": {
                                "gap": "no",
                                "background_background": "classic",
                                "background_overlay_background": "classic",
                                "border_radius": {
                                    "unit": "px",
                                    "top": "0",
                                    "right": "0",
                                    "bottom": "0",
                                    "left": "0",
                                    "isLinked": true
                                },
                                "margin": {
                                    "unit": "px",
                                    "top": "0",
                                    "right": 0,
                                    "bottom": "30",
                                    "left": 0,
                                    "isLinked": false
                                },
                                "padding": {
                                    "unit": "px",
                                    "top": "30",
                                    "right": "20",
                                    "bottom": "30",
                                    "left": "20",
                                    "isLinked": false
                                },
                                "__globals__": {
                                    "background_color": "globals\/colors?id=3c2ad25",
                                    "background_overlay_color": "globals\/colors?id=7568283",
                                    "background_color_b": "globals\/colors?id=primary"
                                },
                                "background_color_b": "#E99D36",
                                "background_overlay_color": "#131313",
                                "border_border": "solid",
                                "border_width": {
                                    "unit": "px",
                                    "top": "1",
                                    "right": "1",
                                    "bottom": "1",
                                    "left": "1",
                                    "isLinked": true
                                },
                                "border_color": "#FFFFFF1A",
                                "background_overlay_opacity": {
                                    "unit": "px",
                                    "size": 0,
                                    "sizes": []
                                }
                            },
                            "elements": [
                                {
                                    "id": "4480d24f",
                                    "settings": {
                                        "_column_size": 100,
                                        "_inline_size": null,
                                        "space_between_widgets": 10
                                    },
                                    "elements": [
                                        {
                                            "id": "3b915502",
                                            "settings": {
                                                "title": "Search Key",
                                                "header_size": "h4",
                                                "__globals__": {
                                                    "typography_typography": "globals\/typography?id=be86681",
                                                    "title_color": "globals\/colors?id=secondary"
                                                }
                                            },
                                            "elements": [],
                                            "isInner": false,
                                            "widgetType": "heading",
                                            "elType": "widget"
                                        },
                                        {
                                            "id": "310a59d9",
                                            "settings": {
                                                "width": {
                                                    "unit": "%",
                                                    "size": 10,
                                                    "sizes": []
                                                },
                                                "text": "Divider",
                                                "weight": {
                                                    "unit": "px",
                                                    "size": 2,
                                                    "sizes": []
                                                },
                                                "_margin": {
                                                    "unit": "px",
                                                    "top": "0",
                                                    "right": "0",
                                                    "bottom": "0",
                                                    "left": "0",
                                                    "isLinked": false
                                                },
                                                "__globals__": {
                                                    "color": "globals\/colors?id=primary"
                                                }
                                            },
                                            "elements": [],
                                            "isInner": false,
                                            "widgetType": "divider",
                                            "elType": "widget"
                                        },
                                        {
                                            "id": "69be28fc",
                                            "settings": {
                                                "placeholder": "Search...",
                                                "button_text": "Search",
                                                "input_background_color": "#FFFFFF00",
                                                "__globals__": {
                                                    "input_background_color": "",
                                                    "button_background_color_hover": "globals\/colors?id=primary",
                                                    "button_text_color_hover": "globals\/colors?id=3c2ad25",
                                                    "button_background_color": "",
                                                    "button_text_color": ""
                                                },
                                                "border_radius": {
                                                    "unit": "px",
                                                    "size": 0,
                                                    "sizes": []
                                                }
                                            },
                                            "elements": [],
                                            "isInner": false,
                                            "widgetType": "search-form",
                                            "elType": "widget"
                                        }
                                    ],
                                    "isInner": true,
                                    "elType": "column"
                                }
                            ],
                            "isInner": true,
                            "elType": "section"
                        },
                        {
                            "id": "c230cc6",
                            "settings": {
                                "gap": "no",
                                "background_background": "classic",
                                "border_width": {
                                    "unit": "px",
                                    "top": "0",
                                    "right": "0",
                                    "bottom": "4",
                                    "left": "0",
                                    "isLinked": false
                                },
                                "margin": {
                                    "unit": "px",
                                    "top": "0",
                                    "right": 0,
                                    "bottom": "30",
                                    "left": 0,
                                    "isLinked": false
                                },
                                "__globals__": {
                                    "background_color": "",
                                    "border_color": "globals\/colors?id=primary"
                                },
                                "border_border": "none",
                                "border_color": "#E99D36"
                            },
                            "elements": [
                                {
                                    "id": "bbda95",
                                    "settings": {
                                        "_column_size": 100,
                                        "_inline_size": null,
                                        "space_between_widgets": 10
                                    },
                                    "elements": [
                                        {
                                            "id": "438592d1",
                                            "settings": {
                                                "title": "Product Gallery",
                                                "header_size": "h4",
                                                "__globals__": {
                                                    "typography_typography": "globals\/typography?id=be86681",
                                                    "title_color": "globals\/colors?id=secondary"
                                                }
                                            },
                                            "elements": [],
                                            "isInner": false,
                                            "widgetType": "heading",
                                            "elType": "widget"
                                        },
                                        {
                                            "id": "54a7552f",
                                            "settings": {
                                                "width": {
                                                    "unit": "%",
                                                    "size": 10,
                                                    "sizes": []
                                                },
                                                "text": "Divider",
                                                "weight": {
                                                    "unit": "px",
                                                    "size": 2,
                                                    "sizes": []
                                                },
                                                "_margin": {
                                                    "unit": "px",
                                                    "top": "0",
                                                    "right": "0",
                                                    "bottom": "0",
                                                    "left": "0",
                                                    "isLinked": false
                                                },
                                                "__globals__": {
                                                    "color": "globals\/colors?id=primary"
                                                }
                                            },
                                            "elements": [],
                                            "isInner": false,
                                            "widgetType": "divider",
                                            "elType": "widget"
                                        },
                                        {
                                            "id": "2075a1ab",
                                            "settings": {
                                                "gallery": [
                                                    {
                                                        "id": 1621,
                                                        "url": "https:\/\/htmldesigntemplates.com\/portfoly\/wp-content\/uploads\/sites\/28\/2023\/03\/Shoes-White.H03.2k.jpg"
                                                    },
                                                    {
                                                        "id": 1620,
                                                        "url": "https:\/\/htmldesigntemplates.com\/portfoly\/wp-content\/uploads\/sites\/28\/2023\/03\/Shirt.H03.2k.jpg"
                                                    },
                                                    {
                                                        "id": 1619,
                                                        "url": "https:\/\/htmldesigntemplates.com\/portfoly\/wp-content\/uploads\/sites\/28\/2023\/03\/Open-White-Laptop.H03.2k.jpg"
                                                    },
                                                    {
                                                        "id": 1617,
                                                        "url": "https:\/\/htmldesigntemplates.com\/portfoly\/wp-content\/uploads\/sites\/28\/2023\/03\/Wedding-Cake-Topper.H03.2k.jpg"
                                                    },
                                                    {
                                                        "id": 1618,
                                                        "url": "https:\/\/htmldesigntemplates.com\/portfoly\/wp-content\/uploads\/sites\/28\/2023\/03\/Conch-Shell.H03.2k.jpg"
                                                    },
                                                    {
                                                        "id": 1616,
                                                        "url": "https:\/\/htmldesigntemplates.com\/portfoly\/wp-content\/uploads\/sites\/28\/2023\/03\/Thermal-Camera.H03.2k.jpg"
                                                    }
                                                ],
                                                "galleries": [
                                                    {
                                                        "gallery_title": "New Gallery",
                                                        "_id": "55c11ee"
                                                    }
                                                ],
                                                "gallery_layout": "justified",
                                                "columns": 2,
                                                "thumbnail_image_size": "full",
                                                "show_all_galleries_label": "All",
                                                "ideal_row_height_tablet": {
                                                    "unit": "px",
                                                    "size": 250,
                                                    "sizes": []
                                                },
                                                "image_border_radius": {
                                                    "unit": "px",
                                                    "size": 0,
                                                    "sizes": []
                                                },
                                                "ideal_row_height": {
                                                    "unit": "px",
                                                    "size": 120,
                                                    "sizes": []
                                                },
                                                "image_border_width": {
                                                    "unit": "px",
                                                    "size": 0,
                                                    "sizes": []
                                                },
                                                "__globals__": {
                                                    "image_border_color": "globals\/colors?id=3c2ad25",
                                                    "overlay_background_color": "",
                                                    "image_border_color_hover": "globals\/colors?id=3c2ad25",
                                                    "overlay_background_hover_color": "globals\/colors?id=506d2c6"
                                                },
                                                "image_border_color": "#FFFFFF",
                                                "overlay_background_background": "classic"
                                            },
                                            "elements": [],
                                            "isInner": false,
                                            "widgetType": "gallery",
                                            "elType": "widget"
                                        }
                                    ],
                                    "isInner": true,
                                    "elType": "column"
                                }
                            ],
                            "isInner": true,
                            "elType": "section"
                        },
                        {
                            "id": "55f0bd8a",
                            "settings": {
                                "gap": "no",
                                "background_background": "classic",
                                "background_overlay_background": "classic",
                                "border_radius": {
                                    "unit": "px",
                                    "top": "0",
                                    "right": "0",
                                    "bottom": "0",
                                    "left": "0",
                                    "isLinked": true
                                },
                                "margin": {
                                    "unit": "px",
                                    "top": "0",
                                    "right": 0,
                                    "bottom": "30",
                                    "left": 0,
                                    "isLinked": false
                                },
                                "padding": {
                                    "unit": "px",
                                    "top": "30",
                                    "right": "20",
                                    "bottom": "30",
                                    "left": "20",
                                    "isLinked": false
                                },
                                "__globals__": {
                                    "background_color": "globals\/colors?id=3c2ad25",
                                    "background_overlay_color": "globals\/colors?id=7568283",
                                    "background_color_b": "globals\/colors?id=primary"
                                },
                                "background_color_b": "#E99D36",
                                "background_overlay_color": "#131313",
                                "border_border": "solid",
                                "border_width": {
                                    "unit": "px",
                                    "top": "1",
                                    "right": "1",
                                    "bottom": "1",
                                    "left": "1",
                                    "isLinked": true
                                },
                                "border_color": "#FFFFFF1A",
                                "background_overlay_opacity": {
                                    "unit": "px",
                                    "size": 0,
                                    "sizes": []
                                }
                            },
                            "elements": [
                                {
                                    "id": "6c984dfd",
                                    "settings": {
                                        "_column_size": 100,
                                        "_inline_size": null,
                                        "space_between_widgets": 10
                                    },
                                    "elements": [
                                        {
                                            "id": "43163f89",
                                            "settings": {
                                                "title": "Recent products",
                                                "header_size": "h4",
                                                "__globals__": {
                                                    "typography_typography": "globals\/typography?id=be86681",
                                                    "title_color": "globals\/colors?id=secondary"
                                                }
                                            },
                                            "elements": [],
                                            "isInner": false,
                                            "widgetType": "heading",
                                            "elType": "widget"
                                        },
                                        {
                                            "id": "c52f0ac",
                                            "settings": {
                                                "width": {
                                                    "unit": "%",
                                                    "size": 15,
                                                    "sizes": []
                                                },
                                                "text": "Divider",
                                                "weight": {
                                                    "unit": "px",
                                                    "size": 2,
                                                    "sizes": []
                                                },
                                                "_margin": {
                                                    "unit": "px",
                                                    "top": "0",
                                                    "right": "0",
                                                    "bottom": "0",
                                                    "left": "0",
                                                    "isLinked": false
                                                },
                                                "__globals__": {
                                                    "color": "globals\/colors?id=primary"
                                                }
                                            },
                                            "elements": [],
                                            "isInner": false,
                                            "widgetType": "divider",
                                            "elType": "widget"
                                        },
                                        {
                                            "id": "7b30e981",
                                            "settings": {
                                                "classic_columns": "1",
                                                "classic_posts_per_page": 5,
                                                "classic_thumbnail": "left",
                                                "classic_thumbnail_size_size": "full",
                                                "classic_item_ratio": {
                                                    "unit": "px",
                                                    "size": 1,
                                                    "sizes": []
                                                },
                                                "classic_item_ratio_mobile": {
                                                    "unit": "px",
                                                    "size": 0.9,
                                                    "sizes": []
                                                },
                                                "classic_image_width": {
                                                    "unit": "%",
                                                    "size": 25,
                                                    "sizes": []
                                                },
                                                "classic_image_width_mobile": {
                                                    "unit": "%",
                                                    "size": 30,
                                                    "sizes": []
                                                },
                                                "classic_title_tag": "h6",
                                                "classic_show_excerpt": "",
                                                "classic_meta_data": [
                                                    "date"
                                                ],
                                                "classic_meta_separator": "",
                                                "classic_show_read_more": "",
                                                "classic_read_more_text": "Read More \u00bb",
                                                "cards_meta_separator": "\u2022",
                                                "cards_read_more_text": "Read More \u00bb",
                                                "full_content_meta_separator": "\/\/\/",
                                                "classic_column_gap": {
                                                    "unit": "px",
                                                    "size": "",
                                                    "sizes": []
                                                },
                                                "classic_row_gap": {
                                                    "unit": "px",
                                                    "size": 15,
                                                    "sizes": []
                                                },
                                                "classic_image_spacing": {
                                                    "unit": "px",
                                                    "size": 15,
                                                    "sizes": []
                                                },
                                                "classic_title_spacing": {
                                                    "unit": "px",
                                                    "size": 5,
                                                    "sizes": []
                                                },
                                                "pagination_page_limit": "5",
                                                "pagination_prev_label": "&laquo; Previous",
                                                "pagination_next_label": "Next &raquo;",
                                                "text": "Load More",
                                                "load_more_no_posts_custom_message": "No more posts to show",
                                                "__globals__": {
                                                    "classic_title_color": "globals\/colors?id=secondary",
                                                    "classic_meta_typography_typography": "globals\/typography?id=9740b67",
                                                    "classic_meta_color": "globals\/colors?id=text",
                                                    "classic_title_typography_typography": "globals\/typography?id=cbcd450",
                                                    "classic_box_bg_color": "",
                                                    "classic_box_border_color": "globals\/colors?id=8b564f1"
                                                },
                                                "classic_alignment": "left",
                                                "posts_post_type": "product",
                                                "classic_content_padding": {
                                                    "unit": "px",
                                                    "top": "20",
                                                    "right": "0",
                                                    "bottom": "0",
                                                    "left": "0",
                                                    "isLinked": false
                                                },
                                                "classic_box_border_width": {
                                                    "unit": "px",
                                                    "top": "0",
                                                    "right": "0",
                                                    "bottom": "0",
                                                    "left": "0",
                                                    "isLinked": true
                                                },
                                                "classic_box_bg_color": "#19191900",
                                                "classic_title_color": "#FFFFFF",
                                                "classic_meta_color": "#666666",
                                                "classic_img_border_radius": {
                                                    "unit": "px",
                                                    "top": "0",
                                                    "right": "0",
                                                    "bottom": "0",
                                                    "left": "0",
                                                    "isLinked": true
                                                },
                                                "classic_box_padding": {
                                                    "unit": "px",
                                                    "top": "0",
                                                    "right": "0",
                                                    "bottom": "0",
                                                    "left": "0",
                                                    "isLinked": true
                                                },
                                                "classic_column_gap_tablet": {
                                                    "unit": "px",
                                                    "size": 10,
                                                    "sizes": []
                                                },
                                                "classic_row_gap_tablet": {
                                                    "unit": "px",
                                                    "size": 10,
                                                    "sizes": []
                                                },
                                                "classic_meta_spacing": {
                                                    "unit": "px",
                                                    "size": 0,
                                                    "sizes": []
                                                },
                                                "classic_box_border_radius": {
                                                    "unit": "px",
                                                    "size": 0,
                                                    "sizes": []
                                                },
                                                "classic_box_border_color": "#F9F9F9"
                                            },
                                            "elements": [],
                                            "isInner": false,
                                            "widgetType": "posts",
                                            "elType": "widget"
                                        }
                                    ],
                                    "isInner": true,
                                    "elType": "column"
                                }
                            ],
                            "isInner": true,
                            "elType": "section"
                        },
                        {
                            "id": "df113d9",
                            "settings": {
                                "gap": "no",
                                "background_background": "classic",
                                "background_overlay_background": "classic",
                                "border_radius": {
                                    "unit": "px",
                                    "top": "0",
                                    "right": "0",
                                    "bottom": "0",
                                    "left": "0",
                                    "isLinked": true
                                },
                                "margin": {
                                    "unit": "px",
                                    "top": "0",
                                    "right": 0,
                                    "bottom": "30",
                                    "left": 0,
                                    "isLinked": false
                                },
                                "padding": {
                                    "unit": "px",
                                    "top": "20",
                                    "right": "20",
                                    "bottom": "20",
                                    "left": "20",
                                    "isLinked": true
                                },
                                "__globals__": {
                                    "background_color": "",
                                    "background_overlay_color": "globals\/colors?id=7568283",
                                    "background_color_b": "globals\/colors?id=primary"
                                },
                                "background_color": "#232221",
                                "background_color_b": "#E99D36",
                                "background_overlay_color": "#131313",
                                "border_border": "solid",
                                "border_width": {
                                    "unit": "px",
                                    "top": "1",
                                    "right": "1",
                                    "bottom": "1",
                                    "left": "1",
                                    "isLinked": true
                                },
                                "border_color": "#FFFFFF1A"
                            },
                            "elements": [
                                {
                                    "id": "7a2b05ab",
                                    "settings": {
                                        "_column_size": 100,
                                        "_inline_size": null,
                                        "space_between_widgets": 10
                                    },
                                    "elements": [
                                        {
                                            "id": "70d7823e",
                                            "settings": {
                                                "ekit_icon_box_header_icons": {
                                                    "value": "icon icon-phone1",
                                                    "library": "ekiticons"
                                                },
                                                "ekit_icon_box_title_text": "Toll Free Call Center:",
                                                "ekit_icon_box_description_text": "+92 123 456 7890",
                                                "ekit_icon_box_enable_btn": "",
                                                "ekit_icon_box_btn_text": "Learn More",
                                                "ekit_icon_box_icons": {
                                                    "value": "icon icon-right-arrow2",
                                                    "library": "ekiticons"
                                                },
                                                "ekit_icon_box_icon_align": "right",
                                                "ekit_icon_box_title_size": "h5",
                                                "ekit_icon_box_badge_title": "EXCLUSIVE",
                                                "ekit_icon_box_infobox_bg_padding": {
                                                    "unit": "px",
                                                    "top": "0",
                                                    "right": "0",
                                                    "bottom": "0",
                                                    "left": "0",
                                                    "isLinked": true
                                                },
                                                "ekit_icon_box_infobox_box_shadow_group_box_shadow": {
                                                    "horizontal": 0,
                                                    "vertical": "",
                                                    "blur": 15,
                                                    "spread": 0,
                                                    "color": "rgba(204, 204, 204, 0.4)"
                                                },
                                                "ekit_icon_title_color": "#6EA343",
                                                "ekit_icon_title_color_hover": "#6EA343",
                                                "ekit_icon_box_icon_primary_color": "#FFFFFF",
                                                "ekit_icon_box_text_padding": {
                                                    "unit": "px",
                                                    "top": "12",
                                                    "right": "20",
                                                    "bottom": "12",
                                                    "left": "20",
                                                    "isLinked": false
                                                },
                                                "ekit_icon_box_text_margin": {
                                                    "unit": "px",
                                                    "top": "0",
                                                    "right": "0",
                                                    "bottom": "0",
                                                    "left": "0",
                                                    "isLinked": false
                                                },
                                                "ekit_icon_box_btn_icon_font_size": {
                                                    "unit": "px",
                                                    "size": 16,
                                                    "sizes": []
                                                },
                                                "ekit_icon_box_button_text_color": "#6EA343",
                                                "ekit_icon_box_btn_background_group_background": "classic",
                                                "ekit_icon_box_btn_background_group_color": "#FFFFFF",
                                                "ekit_icon_box_btn_hover_color": "#FFFFFF",
                                                "__globals__": {
                                                    "ekit_icon_box_typography_group_typography": "globals\/typography?id=text",
                                                    "ekit_icon_box_button_text_color": "globals\/colors?id=primary",
                                                    "ekit_icon_box_btn_background_group_color": "globals\/colors?id=3c2ad25",
                                                    "ekit_icon_box_btn_hover_color": "globals\/colors?id=3c2ad25",
                                                    "ekit_icon_title_color": "globals\/colors?id=primary",
                                                    "ekit_icon_title_color_hover": "globals\/colors?id=primary",
                                                    "ekit_icon_title_typography_group_typography": "globals\/typography?id=cbcd450",
                                                    "ekit_icon_description_typography_group_typography": "globals\/typography?id=be86681",
                                                    "ekit_icon_box_icon_primary_color": "globals\/colors?id=3c2ad25",
                                                    "ekit_icon_box_iocnbox_border_group_color": "globals\/colors?id=07a1f7e",
                                                    "ekit_icon_box_infobox_bg_hover_group_color": "",
                                                    "ekit_icon_description_color_hover": "globals\/colors?id=3c2ad25",
                                                    "ekit_icon_box_hover_primary_color": "globals\/colors?id=3c2ad25",
                                                    "ekit_icon_box_btn_background_hover_group_color": "globals\/colors?id=primary",
                                                    "ekit_icon_box_infobox_bg_group_color": "",
                                                    "ekit_icon_description_color": "globals\/colors?id=3c2ad25",
                                                    "ekit_icon_box_icon_box_border_hv_group_color": "globals\/colors?id=8b564f1",
                                                    "ekit_icon_box_border_icon_group_color": "globals\/colors?id=8b564f1",
                                                    "ekit_icon_box_border_color": "globals\/colors?id=3c2ad25",
                                                    "ekit_icon_box_button_border_color_group_color": "globals\/colors?id=8b564f1",
                                                    "ekit_icon_box_icon_secondary_color_normal": "globals\/colors?id=primary",
                                                    "ekit_icon_box_hover_background_color": "globals\/colors?id=primary"
                                                },
                                                "ekit_icon_box_header_image": {
                                                    "id": 1248,
                                                    "url": "https:\/\/htmldesigntemplates.com\/portfoly\/wp-content\/uploads\/sites\/28\/2023\/03\/placeholder-36.png"
                                                },
                                                "ekit_icon_box_icons__switch": "",
                                                "ekit_icon_box_show_image": {
                                                    "id": 1249,
                                                    "url": "https:\/\/htmldesigntemplates.com\/portfoly\/wp-content\/uploads\/sites\/28\/2023\/03\/placeholder-37.png"
                                                },
                                                "_margin": {
                                                    "unit": "px",
                                                    "top": "0",
                                                    "right": "0",
                                                    "bottom": "0",
                                                    "left": "0",
                                                    "isLinked": false
                                                },
                                                "ekit_icon_box_text_align_responsive": "left",
                                                "ekit_icon_box_infobox_bg_hover_group_background": "classic",
                                                "ekit_icon_icon_size": {
                                                    "unit": "px",
                                                    "size": 32,
                                                    "sizes": []
                                                },
                                                "ekit_icon_box_btn_background_hover_group_background": "classic",
                                                "ekit_icon_box_infobox_bg_group_background": "classic",
                                                "ekit_icon_box_icon_box_border_hv_group_border": "none",
                                                "ekit_icon_box_icon_box_border_hv_group_width": {
                                                    "unit": "px",
                                                    "top": "2",
                                                    "right": "2",
                                                    "bottom": "2",
                                                    "left": "2",
                                                    "isLinked": true
                                                },
                                                "ekit_icon_box_infobox_border_radious_hv": {
                                                    "unit": "px",
                                                    "top": "0",
                                                    "right": "0",
                                                    "bottom": "0",
                                                    "left": "0",
                                                    "isLinked": true
                                                },
                                                "ekit_icon_box_infobox_box_shadow_hv_group_box_shadow": {
                                                    "horizontal": 0,
                                                    "vertical": 0,
                                                    "blur": 15,
                                                    "spread": 0,
                                                    "color": "rgba(204, 204, 204, 0.4)"
                                                },
                                                "ekit_icon_box_icon_box_border_hv_group_color": "#F9F9F9",
                                                "ekit_icon_description_color": "#294145",
                                                "ekit_icon_description_color_hover": "#294145",
                                                "ekit_icon_box_hover_primary_color": "#FFFFFF",
                                                "ekit_icon_box_btn_background_hover_group_color": "#6EA343",
                                                "ekit_icon_box_water_mark_icons": {
                                                    "value": "",
                                                    "library": ""
                                                },
                                                "ekit_icon_box_iocnbox_border_group_width": {
                                                    "unit": "px",
                                                    "top": "2",
                                                    "right": "2",
                                                    "bottom": "2",
                                                    "left": "2",
                                                    "isLinked": true
                                                },
                                                "ekit_icon_box_border_border": "solid",
                                                "ekit_icon_box_border_width": {
                                                    "unit": "px",
                                                    "top": "0",
                                                    "right": "0",
                                                    "bottom": "0",
                                                    "left": "0",
                                                    "isLinked": false
                                                },
                                                "ekit_icon_box_icon_border_radius": {
                                                    "unit": "px",
                                                    "top": "0",
                                                    "right": "0",
                                                    "bottom": "0",
                                                    "left": "0",
                                                    "isLinked": true
                                                },
                                                "ekit_icon_box_border_icon_group_width": {
                                                    "unit": "px",
                                                    "top": "2",
                                                    "right": "2",
                                                    "bottom": "2",
                                                    "left": "2",
                                                    "isLinked": true
                                                },
                                                "ekit_icon_icon_padding": {
                                                    "unit": "px",
                                                    "top": "0",
                                                    "right": "0",
                                                    "bottom": "0",
                                                    "left": "0",
                                                    "isLinked": false,
                                                    "size": 15
                                                },
                                                "ekit_icon_box_infobox_border_radious": {
                                                    "unit": "px",
                                                    "top": "0",
                                                    "right": "0",
                                                    "bottom": "0",
                                                    "left": "0",
                                                    "isLinked": true
                                                },
                                                "ekit_icon_box_icon_position": "left",
                                                "ekit_icon_box_content_valign": "middle",
                                                "ekit_icon_title_bottom_space": {
                                                    "unit": "px",
                                                    "top": "0",
                                                    "right": "0",
                                                    "bottom": "6",
                                                    "left": "0",
                                                    "isLinked": false,
                                                    "size": "20"
                                                },
                                                "ekit_icon_box_margin": {
                                                    "unit": "px",
                                                    "top": "0",
                                                    "right": "0",
                                                    "bottom": "0",
                                                    "left": "0",
                                                    "isLinked": false,
                                                    "size": 15
                                                },
                                                "ekit_icon_box_icon_space": {
                                                    "unit": "px",
                                                    "top": "0",
                                                    "right": "20",
                                                    "bottom": "0",
                                                    "left": "0",
                                                    "isLinked": false
                                                },
                                                "ekit_icon_box_button_border_color_group_border": "solid",
                                                "ekit_icon_box_button_border_color_group_width": {
                                                    "unit": "px",
                                                    "top": "1",
                                                    "right": "1",
                                                    "bottom": "1",
                                                    "left": "1",
                                                    "isLinked": true
                                                },
                                                "ekit_icon_box_btn_border_radius": {
                                                    "unit": "px",
                                                    "top": "0",
                                                    "right": "0",
                                                    "bottom": "0",
                                                    "left": "0",
                                                    "isLinked": true
                                                },
                                                "ekit_icon_box_iocnbox_border_group_border": "none",
                                                "ekit_icon_box_iocnbox_border_group_color": "#F4F9F0",
                                                "ekit_icon_box_border_color": "#FFFFFF",
                                                "ekit_icon_box_border_icon_group_color": "#F9F9F9",
                                                "ekit_icon_box_typography_group_typography": "custom",
                                                "ekit_icon_box_typography_group_font_family": "Poppins",
                                                "ekit_icon_box_typography_group_font_size": {
                                                    "unit": "px",
                                                    "size": 15,
                                                    "sizes": []
                                                },
                                                "ekit_icon_box_typography_group_font_weight": "400",
                                                "ekit_icon_box_typography_group_text_transform": "none",
                                                "ekit_icon_box_typography_group_line_height": {
                                                    "unit": "em",
                                                    "size": 1.5,
                                                    "sizes": []
                                                },
                                                "ekit_icon_box_button_border_color_group_color": "#F9F9F9",
                                                "ekit_icon_box_icon_height": {
                                                    "unit": "px",
                                                    "size": 65,
                                                    "sizes": []
                                                },
                                                "ekit_icon_box_icon_width": {
                                                    "unit": "px",
                                                    "size": 65,
                                                    "sizes": []
                                                },
                                                "ekit_icon_box_icon_line_height": {
                                                    "unit": "px",
                                                    "size": 65,
                                                    "sizes": []
                                                },
                                                "_margin_mobile": {
                                                    "unit": "%",
                                                    "top": "0",
                                                    "right": "0",
                                                    "bottom": "0",
                                                    "left": "0",
                                                    "isLinked": true
                                                },
                                                "ekit_icon_box_icon_secondary_color_normal": "#294145",
                                                "ekit_icon_box_hover_background_color": "#6EA343",
                                                "ekit_icon_box_infobox_bg_group_color": "#66666600"
                                            },
                                            "elements": [],
                                            "isInner": false,
                                            "widgetType": "elementskit-icon-box",
                                            "elType": "widget"
                                        }
                                    ],
                                    "isInner": true,
                                    "elType": "column"
                                }
                            ],
                            "isInner": true,
                            "elType": "section"
                        }
                    ],
                    "isInner": false,
                    "elType": "column"
                }
            ],
            "isInner": false,
            "elType": "section"
        }
    ]
}