{
    "version": "0.4",
    "title": "Service Detail",
    "type": "page",
    "metadata": {
        "template_type": "single-page",
        "include_in_zip": "1",
        "elementor_pro_required": "1",
        "wp_page_template": "default"
    },
    "content": [
        {
            "id": "5d04adc5",
            "settings": {
                "padding": {
                    "unit": "px",
                    "top": "190",
                    "right": "0",
                    "bottom": "100",
                    "left": "0",
                    "isLinked": false
                },
                "background_background": "classic",
                "background_overlay_background": "classic",
                "background_overlay_image": {
                    "url": "https:\/\/htmldesigntemplates.com\/portfoly\/wp-content\/uploads\/sites\/28\/2023\/03\/price-shape1.png",
                    "id": 648,
                    "size": "",
                    "alt": "",
                    "source": "library"
                },
                "background_overlay_opacity": {
                    "unit": "px",
                    "size": 1,
                    "sizes": []
                },
                "background_overlay_position": "center center",
                "background_overlay_repeat": "no-repeat",
                "background_overlay_size": "initial",
                "border_border": "none",
                "border_width": {
                    "unit": "px",
                    "top": "0",
                    "right": "0",
                    "bottom": "5",
                    "left": "0",
                    "isLinked": false
                },
                "border_radius": {
                    "unit": "px",
                    "top": "0",
                    "right": "0",
                    "bottom": "0",
                    "left": "0",
                    "isLinked": true
                },
                "margin": {
                    "unit": "px",
                    "top": "-103",
                    "right": 0,
                    "bottom": "0",
                    "left": 0,
                    "isLinked": false
                },
                "__globals__": {
                    "background_color": "globals\/colors?id=7568283",
                    "border_color": "globals\/colors?id=primary"
                },
                "background_overlay_bg_width": {
                    "unit": "%",
                    "size": 60,
                    "sizes": []
                }
            },
            "elements": [
                {
                    "id": "65f6c039",
                    "settings": {
                        "_column_size": 100,
                        "_inline_size": null,
                        "space_between_widgets": 0
                    },
                    "elements": [
                        {
                            "id": "3d76fd60",
                            "settings": {
                                "view": "inline",
                                "icon_list": [
                                    {
                                        "text": "Home",
                                        "selected_icon": {
                                            "value": "",
                                            "library": ""
                                        },
                                        "_id": "77d28e5"
                                    },
                                    {
                                        "text": "Service Lists",
                                        "selected_icon": {
                                            "value": "",
                                            "library": ""
                                        },
                                        "_id": "a483e2a"
                                    }
                                ],
                                "icon_align": "center",
                                "divider": "yes",
                                "__globals__": {
                                    "divider_color": "globals\/colors?id=text",
                                    "text_color": "globals\/colors?id=3c2ad25"
                                }
                            },
                            "elements": [],
                            "isInner": false,
                            "widgetType": "icon-list",
                            "elType": "widget"
                        },
                        {
                            "id": "7aec0149",
                            "settings": {
                                "ekit_heading_title": "{Service} Detail",
                                "show_title_border": "",
                                "ekit_heading_sub_title": "Time has changed",
                                "shadow_text_content": "bussiness",
                                "ekit_heading_show_seperator": "",
                                "ekit_heading_seperator_style": "elementskit-border-divider ekit-dotted",
                                "ekit_heading_title_margin": {
                                    "unit": "px",
                                    "top": "0",
                                    "right": "0",
                                    "bottom": "0",
                                    "left": "0",
                                    "isLinked": false
                                },
                                "__globals__": {
                                    "ekit_heading_title_color": "globals\/colors?id=3c2ad25",
                                    "ekit_heading_focused_title_color": "globals\/colors?id=primary",
                                    "ekit_heading_focused_title_typography_typography": "globals\/typography?id=67ace4e",
                                    "ekit_heading_title_typography_typography": "globals\/typography?id=67ace4e",
                                    "ekit_heading_seperator_color": "globals\/colors?id=secondary",
                                    "ekit_heading_focused_title_color_hover": "globals\/colors?id=primary",
                                    "ekit_heading_extra_title_typography_typography": "globals\/typography?id=text",
                                    "ekit_heading_extra_title_color": "globals\/colors?id=3c2ad25",
                                    "ekit_heading_title_color_hover": "globals\/colors?id=3c2ad25",
                                    "ekit_heading_title_text_decoration_color": "globals\/colors?id=primary"
                                },
                                "ekit_heading_seperator_image": {
                                    "id": 51,
                                    "url": "https:\/\/htmldesigntemplates.com\/portfoly\/wp-content\/uploads\/sites\/28\/2023\/03\/placeholder-2.png"
                                },
                                "ekit_heading_section_extra_title_show": "",
                                "ekit_heading_extra_title": "<p>Lorem ipsum dolor sit amet, consetetur sadip scing elitr, sed diam nonumy eirmod ut labore et doloreo magna aliqu lorem ipsum dolor sit amet, consetetur sadip elit sed nonumy eirmod tempor invidunt ut labore et dolor.<\/p><p>Excepteur sint occaecat cupidatat non proident, sunt in culpa qui officia deserunt mollit anim id est laborum.<\/p>",
                                "ekit_heading_title_color": "#17233E",
                                "ekit_heading_focused_title_color": "#FDC703",
                                "ekit_heading_use_title_text_fill": "",
                                "ekit_heading_seperator_color": "#FDC703",
                                "_margin": {
                                    "unit": "%",
                                    "top": "0",
                                    "right": "0",
                                    "bottom": "0",
                                    "left": "0",
                                    "isLinked": true
                                },
                                "_margin_tablet": {
                                    "unit": "%",
                                    "top": "",
                                    "right": "",
                                    "bottom": "",
                                    "left": "",
                                    "isLinked": true
                                },
                                "_margin_mobile": {
                                    "unit": "%",
                                    "top": "0",
                                    "right": "0",
                                    "bottom": "0",
                                    "left": "0",
                                    "isLinked": false
                                },
                                "ekit_heading_title_align_tablet": "text_center",
                                "ekit_heading_title_align_mobile": "text_center",
                                "ekit_heading_title_align": "text_center",
                                "ekit_heading_title_shadow_text_shadow": {
                                    "horizontal": 0,
                                    "vertical": 0,
                                    "blur": 20,
                                    "color": "rgba(255, 255, 255, 0.72)"
                                },
                                "ekit_heading_use_focused_title_bg": "",
                                "_padding": {
                                    "unit": "px",
                                    "top": "0",
                                    "right": "0",
                                    "bottom": "0",
                                    "left": "0",
                                    "isLinked": true
                                },
                                "ekit_heading_title_tag": "h1"
                            },
                            "elements": [],
                            "isInner": false,
                            "widgetType": "elementskit-heading",
                            "elType": "widget"
                        }
                    ],
                    "isInner": false,
                    "elType": "column"
                }
            ],
            "isInner": false,
            "elType": "section"
        },
        {
            "id": "6a36588d",
            "settings": {
                "padding": {
                    "unit": "px",
                    "top": "100",
                    "right": "0",
                    "bottom": "80",
                    "left": "0",
                    "isLinked": false
                },
                "structure": "20"
            },
            "elements": [
                {
                    "id": "6a6ae189",
                    "settings": {
                        "_column_size": 50,
                        "_inline_size": 65,
                        "_inline_size_tablet": 100,
                        "space_between_widgets": 0,
                        "background_background": "classic",
                        "border_border": "none",
                        "border_width": {
                            "unit": "px",
                            "top": "1",
                            "right": "1",
                            "bottom": "1",
                            "left": "1",
                            "isLinked": true
                        },
                        "box_shadow_box_shadow": {
                            "horizontal": 0,
                            "vertical": 0,
                            "blur": 15,
                            "spread": 0,
                            "color": "rgba(0, 0, 0, 0.06)"
                        },
                        "margin": {
                            "unit": "px",
                            "top": "0",
                            "right": "15",
                            "bottom": "0",
                            "left": "0",
                            "isLinked": false
                        },
                        "__globals__": {
                            "border_color": "globals\/colors?id=8b564f1",
                            "background_color": ""
                        },
                        "margin_tablet": {
                            "unit": "px",
                            "top": "0",
                            "right": "0",
                            "bottom": "20",
                            "left": "0",
                            "isLinked": false
                        },
                        "border_color": "#F9F9F9"
                    },
                    "elements": [
                        {
                            "id": "31e51167",
                            "settings": {
                                "title": "Web Design & Development",
                                "header_size": "h3",
                                "__globals__": {
                                    "typography_typography": "globals\/typography?id=83a0a2f",
                                    "title_color": "globals\/colors?id=secondary"
                                },
                                "align_tablet": "center"
                            },
                            "elements": [],
                            "isInner": false,
                            "widgetType": "heading",
                            "elType": "widget"
                        },
                        {
                            "id": "772f65c0",
                            "settings": {
                                "width": {
                                    "unit": "%",
                                    "size": 8,
                                    "sizes": []
                                },
                                "text": "Divider",
                                "weight": {
                                    "unit": "px",
                                    "size": 2,
                                    "sizes": []
                                },
                                "_margin": {
                                    "unit": "px",
                                    "top": "0",
                                    "right": "0",
                                    "bottom": "0",
                                    "left": "0",
                                    "isLinked": false
                                },
                                "__globals__": {
                                    "color": "globals\/colors?id=primary"
                                },
                                "align_tablet": "center",
                                "gap": {
                                    "unit": "px",
                                    "size": 20,
                                    "sizes": []
                                },
                                "width_mobile": {
                                    "unit": "%",
                                    "size": 15,
                                    "sizes": []
                                }
                            },
                            "elements": [],
                            "isInner": false,
                            "widgetType": "divider",
                            "elType": "widget"
                        },
                        {
                            "id": "f822281",
                            "settings": {
                                "image": {
                                    "id": 803,
                                    "url": "https:\/\/htmldesigntemplates.com\/portfoly\/wp-content\/uploads\/sites\/28\/2023\/03\/the-mystery-of-saint-patrick-s-day-2023-03-15-08-46-32-utc.jpg",
                                    "alt": "",
                                    "source": "library",
                                    "size": ""
                                },
                                "image_border_radius": {
                                    "unit": "px",
                                    "top": "0",
                                    "right": "0",
                                    "bottom": "0",
                                    "left": "0",
                                    "isLinked": true
                                }
                            },
                            "elements": [],
                            "isInner": false,
                            "widgetType": "image",
                            "elType": "widget"
                        },
                        {
                            "id": "5bffb3d2",
                            "settings": {
                                "space": {
                                    "unit": "px",
                                    "size": 20,
                                    "sizes": []
                                }
                            },
                            "elements": [],
                            "isInner": false,
                            "widgetType": "spacer",
                            "elType": "widget"
                        },
                        {
                            "id": "43142990",
                            "settings": {
                                "editor": "<p>Lorem ipsum dolor sit amet, consectetur adipiscing elit. Curabitur viverra, metus ut hendrerit luctus, tellus magna rutrum felis, vitae tempor lorem neque in diam. Proin facilisis non neque at fermentum. Sed imperdiet id nibh ut scelerisque. Suspendisse potenti.<\/p><p>Nullam vel urna pretium, vestibulum arcu vel, mattis quam. Duis sed ornare mi, sed feugiat risus. Donec dapibus malesuada lectus at porttitor. Cras mi justo, condimentum vitae viverra a, posuere vel elit. Mauris neque urna, faucibus commodo nulla mattis, ornare mattis est. Vestibulum ante ipsum primis in faucibus orci luctus et ultrices posuere cubilia curae; Cras euismod iaculis ex nec aliquam.<\/p>",
                                "_margin": {
                                    "unit": "px",
                                    "top": "0",
                                    "right": "0",
                                    "bottom": "20",
                                    "left": "0",
                                    "isLinked": false
                                },
                                "__globals__": {
                                    "text_color": "globals\/colors?id=text"
                                }
                            },
                            "elements": [],
                            "isInner": false,
                            "widgetType": "text-editor",
                            "elType": "widget"
                        },
                        {
                            "id": "25172881",
                            "settings": {
                                "space": {
                                    "unit": "px",
                                    "size": 20,
                                    "sizes": []
                                }
                            },
                            "elements": [],
                            "isInner": false,
                            "widgetType": "spacer",
                            "elType": "widget"
                        },
                        {
                            "id": "4f5a3801",
                            "settings": {
                                "title": "Our Capabilities",
                                "header_size": "h4",
                                "__globals__": {
                                    "typography_typography": "globals\/typography?id=be86681",
                                    "title_color": "globals\/colors?id=secondary"
                                }
                            },
                            "elements": [],
                            "isInner": false,
                            "widgetType": "heading",
                            "elType": "widget"
                        },
                        {
                            "id": "389fd280",
                            "settings": {
                                "width": {
                                    "unit": "%",
                                    "size": 8,
                                    "sizes": []
                                },
                                "text": "Divider",
                                "weight": {
                                    "unit": "px",
                                    "size": 2,
                                    "sizes": []
                                },
                                "_margin": {
                                    "unit": "px",
                                    "top": "0",
                                    "right": "0",
                                    "bottom": "0",
                                    "left": "0",
                                    "isLinked": false
                                },
                                "__globals__": {
                                    "color": "globals\/colors?id=primary"
                                }
                            },
                            "elements": [],
                            "isInner": false,
                            "widgetType": "divider",
                            "elType": "widget"
                        },
                        {
                            "id": "194241e",
                            "settings": {
                                "icon_list": [
                                    {
                                        "text": "We\u2019re professional and certified designers",
                                        "icons": {
                                            "value": "icon icon-star-empty",
                                            "library": "ekiticons"
                                        },
                                        "link": "1",
                                        "_id": "0fc8b7b"
                                    },
                                    {
                                        "text": "We use quality material to make your walls awesome",
                                        "icons": {
                                            "value": "icon icon-star-empty",
                                            "library": "ekiticons"
                                        },
                                        "link": "1",
                                        "_id": "a3651a7"
                                    },
                                    {
                                        "text": "Digital project planning resourcing selection of materials",
                                        "icons": {
                                            "value": "icon icon-star-empty",
                                            "library": "ekiticons"
                                        },
                                        "link": "1",
                                        "_id": "bc85142"
                                    },
                                    {
                                        "text": "The candidate must have good computer literacy. (Microsoft Office Application)",
                                        "icons": {
                                            "value": "icon icon-star-empty",
                                            "library": "ekiticons"
                                        },
                                        "link": "1",
                                        "_id": "23c31d2"
                                    }
                                ],
                                "space_between": {
                                    "unit": "px",
                                    "size": 30,
                                    "sizes": []
                                },
                                "divider": "yes",
                                "text_indent": {
                                    "unit": "px",
                                    "size": 10,
                                    "sizes": []
                                },
                                "__globals__": {
                                    "icon_typography_typography": "globals\/typography?id=text",
                                    "text_color": "globals\/colors?id=text",
                                    "icon_color": "globals\/colors?id=primary",
                                    "text_color_hover": "globals\/colors?id=primary",
                                    "icon_color_hover": "globals\/colors?id=secondary",
                                    "divider_color": "",
                                    "_border_color": "globals\/colors?id=8b564f1",
                                    "_background_color": ""
                                },
                                "_background_background": "classic",
                                "_border_width": {
                                    "unit": "px",
                                    "top": "1",
                                    "right": "1",
                                    "bottom": "1",
                                    "left": "1",
                                    "isLinked": true
                                },
                                "_border_radius": {
                                    "unit": "px",
                                    "top": "10",
                                    "right": "10",
                                    "bottom": "10",
                                    "left": "10",
                                    "isLinked": true
                                },
                                "divider_color": "#66666620",
                                "icon_color": "#E99D36",
                                "icon_color_hover": "#191919",
                                "text_color": "#FFFFFF",
                                "text_color_hover": "#E99D36",
                                "_border_color": "#F9F9F9",
                                "_margin": {
                                    "unit": "px",
                                    "top": "0",
                                    "right": "0",
                                    "bottom": "20",
                                    "left": "0",
                                    "isLinked": false
                                },
                                "divider_style": "dashed"
                            },
                            "elements": [],
                            "isInner": false,
                            "widgetType": "elementskit-category-list",
                            "elType": "widget"
                        },
                        {
                            "id": "301ed7d0",
                            "settings": {
                                "space": {
                                    "unit": "px",
                                    "size": 20,
                                    "sizes": []
                                }
                            },
                            "elements": [],
                            "isInner": false,
                            "widgetType": "spacer",
                            "elType": "widget"
                        },
                        {
                            "id": "87c500e",
                            "settings": {
                                "title": "Our approach",
                                "header_size": "h4",
                                "__globals__": {
                                    "typography_typography": "globals\/typography?id=be86681",
                                    "title_color": "globals\/colors?id=secondary"
                                }
                            },
                            "elements": [],
                            "isInner": false,
                            "widgetType": "heading",
                            "elType": "widget"
                        },
                        {
                            "id": "4c6982ef",
                            "settings": {
                                "width": {
                                    "unit": "%",
                                    "size": 8,
                                    "sizes": []
                                },
                                "text": "Divider",
                                "weight": {
                                    "unit": "px",
                                    "size": 2,
                                    "sizes": []
                                },
                                "_margin": {
                                    "unit": "px",
                                    "top": "0",
                                    "right": "0",
                                    "bottom": "0",
                                    "left": "0",
                                    "isLinked": false
                                },
                                "__globals__": {
                                    "color": "globals\/colors?id=primary"
                                }
                            },
                            "elements": [],
                            "isInner": false,
                            "widgetType": "divider",
                            "elType": "widget"
                        },
                        {
                            "id": "2e4248c",
                            "settings": {
                                "editor": "<p>Lorem ipsum dolor sit amet, consectetur adipiscing elit. Curabitur viverra, metus ut hendrerit luctus, tellus magna rutrum felis, vitae tempor lorem neque in diam. Proin facilisis non neque at fermentum. Sed imperdiet id nibh ut scelerisque. Suspendisse potenti.<\/p>",
                                "_margin": {
                                    "unit": "px",
                                    "top": "0",
                                    "right": "0",
                                    "bottom": "0",
                                    "left": "0",
                                    "isLinked": false
                                },
                                "__globals__": {
                                    "text_color": "globals\/colors?id=secondary"
                                }
                            },
                            "elements": [],
                            "isInner": false,
                            "widgetType": "text-editor",
                            "elType": "widget"
                        }
                    ],
                    "isInner": false,
                    "elType": "column"
                },
                {
                    "id": "19a67366",
                    "settings": {
                        "_column_size": 50,
                        "_inline_size": 35,
                        "_inline_size_tablet": 100,
                        "space_between_widgets": 0,
                        "background_background": "classic",
                        "border_width": {
                            "unit": "px",
                            "top": "1",
                            "right": "1",
                            "bottom": "1",
                            "left": "1",
                            "isLinked": true
                        },
                        "border_radius": {
                            "unit": "px",
                            "top": "0",
                            "right": "0",
                            "bottom": "0",
                            "left": "0",
                            "isLinked": true
                        },
                        "box_shadow_box_shadow": {
                            "horizontal": 0,
                            "vertical": 0,
                            "blur": 15,
                            "spread": 0,
                            "color": "rgba(0, 0, 0, 0.06)"
                        },
                        "margin": {
                            "unit": "px",
                            "top": "0",
                            "right": "0",
                            "bottom": "0",
                            "left": "15",
                            "isLinked": false
                        },
                        "__globals__": {
                            "border_color": "globals\/colors?id=8b564f1",
                            "background_color": ""
                        },
                        "margin_tablet": {
                            "unit": "px",
                            "top": "0",
                            "right": "0",
                            "bottom": "0",
                            "left": "0",
                            "isLinked": true
                        },
                        "border_color": "#F1F1F1"
                    },
                    "elements": [
                        {
                            "id": "32571827",
                            "settings": {
                                "gap": "no",
                                "background_background": "classic",
                                "border_width": {
                                    "unit": "px",
                                    "top": "0",
                                    "right": "0",
                                    "bottom": "4",
                                    "left": "0",
                                    "isLinked": false
                                },
                                "margin": {
                                    "unit": "px",
                                    "top": "0",
                                    "right": 0,
                                    "bottom": "30",
                                    "left": 0,
                                    "isLinked": false
                                },
                                "__globals__": {
                                    "background_color": "",
                                    "border_color": "globals\/colors?id=primary"
                                },
                                "border_border": "none",
                                "border_color": "#E99D36"
                            },
                            "elements": [
                                {
                                    "id": "1154c081",
                                    "settings": {
                                        "_column_size": 100,
                                        "_inline_size": null,
                                        "space_between_widgets": 10
                                    },
                                    "elements": [
                                        {
                                            "id": "19e17e87",
                                            "settings": {
                                                "title": "Other Services",
                                                "header_size": "h4",
                                                "__globals__": {
                                                    "typography_typography": "globals\/typography?id=be86681",
                                                    "title_color": "globals\/colors?id=secondary"
                                                }
                                            },
                                            "elements": [],
                                            "isInner": false,
                                            "widgetType": "heading",
                                            "elType": "widget"
                                        },
                                        {
                                            "id": "4dbc475d",
                                            "settings": {
                                                "width": {
                                                    "unit": "%",
                                                    "size": 10,
                                                    "sizes": []
                                                },
                                                "text": "Divider",
                                                "weight": {
                                                    "unit": "px",
                                                    "size": 2,
                                                    "sizes": []
                                                },
                                                "_margin": {
                                                    "unit": "px",
                                                    "top": "0",
                                                    "right": "0",
                                                    "bottom": "0",
                                                    "left": "0",
                                                    "isLinked": false
                                                },
                                                "__globals__": {
                                                    "color": "globals\/colors?id=primary"
                                                }
                                            },
                                            "elements": [],
                                            "isInner": false,
                                            "widgetType": "divider",
                                            "elType": "widget"
                                        },
                                        {
                                            "id": "f935631",
                                            "settings": {
                                                "icon_list": [
                                                    {
                                                        "text": "Web Development",
                                                        "icons": {
                                                            "value": "icon icon-tick",
                                                            "library": "ekiticons"
                                                        },
                                                        "link": "1",
                                                        "_id": "5f89512"
                                                    },
                                                    {
                                                        "text": "Graphic Designing",
                                                        "icons": {
                                                            "value": "icon icon-tick",
                                                            "library": "ekiticons"
                                                        },
                                                        "link": "1",
                                                        "_id": "a34ddee"
                                                    },
                                                    {
                                                        "text": "Digital Marketing",
                                                        "icons": {
                                                            "value": "icon icon-tick",
                                                            "library": "ekiticons"
                                                        },
                                                        "link": "1",
                                                        "_id": "c1b07f3"
                                                    },
                                                    {
                                                        "text": "Ui\/Ux Designers",
                                                        "icons": {
                                                            "value": "icon icon-tick",
                                                            "library": "ekiticons"
                                                        },
                                                        "link": "1",
                                                        "_id": "2bc4b9f"
                                                    },
                                                    {
                                                        "text": "Social Media Marketing",
                                                        "icons": {
                                                            "value": "icon icon-tick",
                                                            "library": "ekiticons"
                                                        },
                                                        "link": "1",
                                                        "_id": "1b95b6f"
                                                    },
                                                    {
                                                        "text": "Stratagy & Research",
                                                        "icons": {
                                                            "value": "icon icon-tick",
                                                            "library": "ekiticons"
                                                        },
                                                        "link": "1",
                                                        "_id": "bb57550"
                                                    },
                                                    {
                                                        "text": "Speed Optimized",
                                                        "icons": {
                                                            "value": "icon icon-tick",
                                                            "library": "ekiticons"
                                                        },
                                                        "link": "1",
                                                        "_id": "cfbecb5"
                                                    }
                                                ],
                                                "space_between": {
                                                    "unit": "px",
                                                    "size": 30,
                                                    "sizes": []
                                                },
                                                "divider": "yes",
                                                "text_indent": {
                                                    "unit": "px",
                                                    "size": 10,
                                                    "sizes": []
                                                },
                                                "__globals__": {
                                                    "icon_typography_typography": "globals\/typography?id=text",
                                                    "text_color": "globals\/colors?id=text",
                                                    "icon_color": "globals\/colors?id=accent",
                                                    "text_color_hover": "globals\/colors?id=primary",
                                                    "icon_color_hover": "globals\/colors?id=primary",
                                                    "divider_color": "",
                                                    "_border_color": "globals\/colors?id=8b564f1",
                                                    "_background_color": ""
                                                },
                                                "_background_background": "classic",
                                                "_border_width": {
                                                    "unit": "px",
                                                    "top": "1",
                                                    "right": "1",
                                                    "bottom": "1",
                                                    "left": "1",
                                                    "isLinked": true
                                                },
                                                "_border_radius": {
                                                    "unit": "px",
                                                    "top": "10",
                                                    "right": "10",
                                                    "bottom": "10",
                                                    "left": "10",
                                                    "isLinked": true
                                                },
                                                "divider_color": "#66666620",
                                                "icon_color": "#E99D36",
                                                "icon_color_hover": "#E99D36",
                                                "text_color": "#666666",
                                                "text_color_hover": "#E99D36",
                                                "_border_color": "#F9F9F9",
                                                "divider_style": "dashed"
                                            },
                                            "elements": [],
                                            "isInner": false,
                                            "widgetType": "elementskit-category-list",
                                            "elType": "widget"
                                        }
                                    ],
                                    "isInner": true,
                                    "elType": "column"
                                }
                            ],
                            "isInner": true,
                            "elType": "section"
                        },
                        {
                            "id": "21bc2078",
                            "settings": {
                                "gap": "no",
                                "background_background": "classic",
                                "background_overlay_background": "classic",
                                "border_radius": {
                                    "unit": "px",
                                    "top": "0",
                                    "right": "0",
                                    "bottom": "0",
                                    "left": "0",
                                    "isLinked": true
                                },
                                "margin": {
                                    "unit": "px",
                                    "top": "0",
                                    "right": 0,
                                    "bottom": "30",
                                    "left": 0,
                                    "isLinked": false
                                },
                                "padding": {
                                    "unit": "px",
                                    "top": "30",
                                    "right": "20",
                                    "bottom": "30",
                                    "left": "20",
                                    "isLinked": false
                                },
                                "__globals__": {
                                    "background_color": "globals\/colors?id=3c2ad25",
                                    "background_overlay_color": "",
                                    "background_color_b": "globals\/colors?id=primary"
                                },
                                "background_color": "#FFFFFF",
                                "background_color_b": "#E99D36",
                                "border_border": "none",
                                "border_width": {
                                    "unit": "px",
                                    "top": "1",
                                    "right": "1",
                                    "bottom": "1",
                                    "left": "1",
                                    "isLinked": true
                                },
                                "border_color": "#FFFFFF1A"
                            },
                            "elements": [
                                {
                                    "id": "25b72626",
                                    "settings": {
                                        "_column_size": 100,
                                        "_inline_size": null,
                                        "space_between_widgets": 10
                                    },
                                    "elements": [
                                        {
                                            "id": "20702a2e",
                                            "settings": {
                                                "title": "Get a free quote",
                                                "header_size": "h4",
                                                "__globals__": {
                                                    "typography_typography": "globals\/typography?id=be86681",
                                                    "title_color": "globals\/colors?id=secondary"
                                                }
                                            },
                                            "elements": [],
                                            "isInner": false,
                                            "widgetType": "heading",
                                            "elType": "widget"
                                        },
                                        {
                                            "id": "67548a6c",
                                            "settings": {
                                                "width": {
                                                    "unit": "%",
                                                    "size": 15,
                                                    "sizes": []
                                                },
                                                "text": "Divider",
                                                "weight": {
                                                    "unit": "px",
                                                    "size": 2,
                                                    "sizes": []
                                                },
                                                "_margin": {
                                                    "unit": "px",
                                                    "top": "0",
                                                    "right": "0",
                                                    "bottom": "0",
                                                    "left": "0",
                                                    "isLinked": false
                                                },
                                                "__globals__": {
                                                    "color": "globals\/colors?id=primary"
                                                }
                                            },
                                            "elements": [],
                                            "isInner": false,
                                            "widgetType": "divider",
                                            "elType": "widget"
                                        },
                                        {
                                            "id": "2d7ae80b",
                                            "settings": {
                                                "form_name": "New Form",
                                                "form_fields": [
                                                    {
                                                        "custom_id": "name",
                                                        "field_label": "Full Name",
                                                        "placeholder": "Full Name",
                                                        "width": "",
                                                        "_id": "e420d1d",
                                                        "previous_button": "",
                                                        "next_button": "",
                                                        "file_sizes": "",
                                                        "file_types": "",
                                                        "allow_multiple_upload": "",
                                                        "max_files": "",
                                                        "acceptance_text": "",
                                                        "checked_by_default": "",
                                                        "field_min": "",
                                                        "field_max": "",
                                                        "min_date": "",
                                                        "max_date": "",
                                                        "use_native_date": "",
                                                        "use_native_time": ""
                                                    },
                                                    {
                                                        "custom_id": "email",
                                                        "field_type": "email",
                                                        "required": "true",
                                                        "field_label": "Email Address",
                                                        "placeholder": "Email Address",
                                                        "width": "",
                                                        "_id": "5904842",
                                                        "previous_button": "",
                                                        "next_button": "",
                                                        "file_sizes": "",
                                                        "file_types": "",
                                                        "allow_multiple_upload": "",
                                                        "max_files": "",
                                                        "acceptance_text": "",
                                                        "checked_by_default": "",
                                                        "field_min": "",
                                                        "field_max": "",
                                                        "min_date": "",
                                                        "max_date": "",
                                                        "use_native_date": "",
                                                        "use_native_time": ""
                                                    },
                                                    {
                                                        "custom_id": "message",
                                                        "field_type": "textarea",
                                                        "field_label": "Message",
                                                        "placeholder": "How Can Me Help You*",
                                                        "_id": "dde3e4c",
                                                        "previous_button": "",
                                                        "next_button": "",
                                                        "file_sizes": "",
                                                        "file_types": "",
                                                        "allow_multiple_upload": "",
                                                        "max_files": "",
                                                        "acceptance_text": "",
                                                        "checked_by_default": "",
                                                        "field_min": "",
                                                        "field_max": "",
                                                        "min_date": "",
                                                        "max_date": "",
                                                        "use_native_date": "",
                                                        "use_native_time": ""
                                                    }
                                                ],
                                                "button_align": "start",
                                                "step_next_label": "Next",
                                                "step_previous_label": "Previous",
                                                "button_text": "Get a Quote",
                                                "email_content": "[all-fields]",
                                                "email_content_2": "[all-fields]",
                                                "success_message": "The form was sent successfully.",
                                                "error_message": "An error occurred.",
                                                "required_field_message": "This field is required.",
                                                "invalid_message": "There&#039;s something wrong. The form is invalid.",
                                                "column_gap": {
                                                    "unit": "px",
                                                    "size": 20,
                                                    "sizes": []
                                                },
                                                "row_gap": {
                                                    "unit": "px",
                                                    "size": 25,
                                                    "sizes": []
                                                },
                                                "label_spacing": {
                                                    "unit": "px",
                                                    "size": 10,
                                                    "sizes": []
                                                },
                                                "_margin": {
                                                    "unit": "%",
                                                    "top": "0",
                                                    "right": "0",
                                                    "bottom": "0",
                                                    "left": "0",
                                                    "isLinked": true
                                                },
                                                "_margin_tablet": {
                                                    "unit": "%",
                                                    "top": "0",
                                                    "right": "0",
                                                    "bottom": "0",
                                                    "left": "0",
                                                    "isLinked": false
                                                },
                                                "_margin_mobile": {
                                                    "unit": "%",
                                                    "top": "",
                                                    "right": "",
                                                    "bottom": "",
                                                    "left": "",
                                                    "isLinked": true
                                                },
                                                "__globals__": {
                                                    "button_background_hover_color": "globals\/colors?id=secondary",
                                                    "field_typography_typography": "globals\/typography?id=text",
                                                    "html_typography_typography": "globals\/typography?id=text",
                                                    "button_typography_typography": "globals\/typography?id=accent",
                                                    "button_background_color": "globals\/colors?id=accent",
                                                    "button_text_color": "globals\/colors?id=3c2ad25",
                                                    "button_hover_color": "globals\/colors?id=3c2ad25",
                                                    "label_color": "globals\/colors?id=text",
                                                    "field_text_color": "globals\/colors?id=text"
                                                },
                                                "show_labels": "",
                                                "field_background_color": ""
                                            },
                                            "elements": [],
                                            "isInner": false,
                                            "widgetType": "form",
                                            "elType": "widget"
                                        }
                                    ],
                                    "isInner": true,
                                    "elType": "column"
                                }
                            ],
                            "isInner": true,
                            "elType": "section"
                        },
                        {
                            "id": "99d38a2",
                            "settings": {
                                "gap": "no",
                                "background_background": "classic",
                                "background_overlay_background": "classic",
                                "border_radius": {
                                    "unit": "px",
                                    "top": "0",
                                    "right": "0",
                                    "bottom": "0",
                                    "left": "0",
                                    "isLinked": true
                                },
                                "margin": {
                                    "unit": "px",
                                    "top": "0",
                                    "right": 0,
                                    "bottom": "30",
                                    "left": 0,
                                    "isLinked": false
                                },
                                "padding": {
                                    "unit": "px",
                                    "top": "20",
                                    "right": "20",
                                    "bottom": "20",
                                    "left": "20",
                                    "isLinked": true
                                },
                                "__globals__": {
                                    "background_color": "",
                                    "background_overlay_color": "globals\/colors?id=7568283",
                                    "background_color_b": "globals\/colors?id=primary"
                                },
                                "background_color": "#232221",
                                "background_color_b": "#E99D36",
                                "background_overlay_color": "#131313",
                                "border_border": "none",
                                "border_width": {
                                    "unit": "px",
                                    "top": "1",
                                    "right": "1",
                                    "bottom": "1",
                                    "left": "1",
                                    "isLinked": true
                                },
                                "border_color": "#FFFFFF1A"
                            },
                            "elements": [
                                {
                                    "id": "582a0ff8",
                                    "settings": {
                                        "_column_size": 100,
                                        "_inline_size": null,
                                        "space_between_widgets": 10
                                    },
                                    "elements": [
                                        {
                                            "id": "2bbe4cea",
                                            "settings": {
                                                "ekit_icon_box_header_icons": {
                                                    "value": "icon icon-phone1",
                                                    "library": "ekiticons"
                                                },
                                                "ekit_icon_box_title_text": "Toll Free Call Center:",
                                                "ekit_icon_box_description_text": "+92 123 456 7890",
                                                "ekit_icon_box_enable_btn": "",
                                                "ekit_icon_box_btn_text": "Learn More",
                                                "ekit_icon_box_icons": {
                                                    "value": "icon icon-right-arrow2",
                                                    "library": "ekiticons"
                                                },
                                                "ekit_icon_box_icon_align": "right",
                                                "ekit_icon_box_title_size": "h5",
                                                "ekit_icon_box_badge_title": "EXCLUSIVE",
                                                "ekit_icon_box_infobox_bg_padding": {
                                                    "unit": "px",
                                                    "top": "0",
                                                    "right": "0",
                                                    "bottom": "0",
                                                    "left": "0",
                                                    "isLinked": true
                                                },
                                                "ekit_icon_box_infobox_box_shadow_group_box_shadow": {
                                                    "horizontal": 0,
                                                    "vertical": "",
                                                    "blur": 15,
                                                    "spread": 0,
                                                    "color": "rgba(204, 204, 204, 0.4)"
                                                },
                                                "ekit_icon_title_color": "#6EA343",
                                                "ekit_icon_title_color_hover": "#6EA343",
                                                "ekit_icon_box_icon_primary_color": "#FFFFFF",
                                                "ekit_icon_box_text_padding": {
                                                    "unit": "px",
                                                    "top": "12",
                                                    "right": "20",
                                                    "bottom": "12",
                                                    "left": "20",
                                                    "isLinked": false
                                                },
                                                "ekit_icon_box_text_margin": {
                                                    "unit": "px",
                                                    "top": "0",
                                                    "right": "0",
                                                    "bottom": "0",
                                                    "left": "0",
                                                    "isLinked": false
                                                },
                                                "ekit_icon_box_btn_icon_font_size": {
                                                    "unit": "px",
                                                    "size": 16,
                                                    "sizes": []
                                                },
                                                "ekit_icon_box_button_text_color": "#6EA343",
                                                "ekit_icon_box_btn_background_group_background": "classic",
                                                "ekit_icon_box_btn_background_group_color": "#FFFFFF",
                                                "ekit_icon_box_btn_hover_color": "#FFFFFF",
                                                "__globals__": {
                                                    "ekit_icon_box_typography_group_typography": "globals\/typography?id=text",
                                                    "ekit_icon_box_button_text_color": "globals\/colors?id=primary",
                                                    "ekit_icon_box_btn_background_group_color": "globals\/colors?id=3c2ad25",
                                                    "ekit_icon_box_btn_hover_color": "globals\/colors?id=3c2ad25",
                                                    "ekit_icon_title_color": "globals\/colors?id=primary",
                                                    "ekit_icon_title_color_hover": "globals\/colors?id=primary",
                                                    "ekit_icon_title_typography_group_typography": "globals\/typography?id=cbcd450",
                                                    "ekit_icon_description_typography_group_typography": "globals\/typography?id=be86681",
                                                    "ekit_icon_box_icon_primary_color": "globals\/colors?id=3c2ad25",
                                                    "ekit_icon_box_iocnbox_border_group_color": "globals\/colors?id=07a1f7e",
                                                    "ekit_icon_box_infobox_bg_hover_group_color": "",
                                                    "ekit_icon_description_color_hover": "globals\/colors?id=3c2ad25",
                                                    "ekit_icon_box_hover_primary_color": "globals\/colors?id=3c2ad25",
                                                    "ekit_icon_box_btn_background_hover_group_color": "globals\/colors?id=primary",
                                                    "ekit_icon_box_infobox_bg_group_color": "",
                                                    "ekit_icon_description_color": "globals\/colors?id=3c2ad25",
                                                    "ekit_icon_box_icon_box_border_hv_group_color": "globals\/colors?id=8b564f1",
                                                    "ekit_icon_box_border_icon_group_color": "globals\/colors?id=8b564f1",
                                                    "ekit_icon_box_border_color": "globals\/colors?id=3c2ad25",
                                                    "ekit_icon_box_button_border_color_group_color": "globals\/colors?id=8b564f1",
                                                    "ekit_icon_box_icon_secondary_color_normal": "globals\/colors?id=primary",
                                                    "ekit_icon_box_hover_background_color": "globals\/colors?id=primary"
                                                },
                                                "ekit_icon_box_header_image": {
                                                    "id": 1248,
                                                    "url": "https:\/\/htmldesigntemplates.com\/portfoly\/wp-content\/uploads\/sites\/28\/2023\/03\/placeholder-36.png"
                                                },
                                                "ekit_icon_box_icons__switch": "",
                                                "ekit_icon_box_show_image": {
                                                    "id": 1249,
                                                    "url": "https:\/\/htmldesigntemplates.com\/portfoly\/wp-content\/uploads\/sites\/28\/2023\/03\/placeholder-37.png"
                                                },
                                                "_margin": {
                                                    "unit": "px",
                                                    "top": "0",
                                                    "right": "0",
                                                    "bottom": "0",
                                                    "left": "0",
                                                    "isLinked": false
                                                },
                                                "ekit_icon_box_text_align_responsive": "left",
                                                "ekit_icon_box_infobox_bg_hover_group_background": "classic",
                                                "ekit_icon_icon_size": {
                                                    "unit": "px",
                                                    "size": 32,
                                                    "sizes": []
                                                },
                                                "ekit_icon_box_btn_background_hover_group_background": "classic",
                                                "ekit_icon_box_infobox_bg_group_background": "classic",
                                                "ekit_icon_box_icon_box_border_hv_group_border": "none",
                                                "ekit_icon_box_icon_box_border_hv_group_width": {
                                                    "unit": "px",
                                                    "top": "2",
                                                    "right": "2",
                                                    "bottom": "2",
                                                    "left": "2",
                                                    "isLinked": true
                                                },
                                                "ekit_icon_box_infobox_border_radious_hv": {
                                                    "unit": "px",
                                                    "top": "0",
                                                    "right": "0",
                                                    "bottom": "0",
                                                    "left": "0",
                                                    "isLinked": true
                                                },
                                                "ekit_icon_box_infobox_box_shadow_hv_group_box_shadow": {
                                                    "horizontal": 0,
                                                    "vertical": 0,
                                                    "blur": 15,
                                                    "spread": 0,
                                                    "color": "rgba(204, 204, 204, 0.4)"
                                                },
                                                "ekit_icon_box_icon_box_border_hv_group_color": "#F9F9F9",
                                                "ekit_icon_description_color": "#294145",
                                                "ekit_icon_description_color_hover": "#294145",
                                                "ekit_icon_box_hover_primary_color": "#FFFFFF",
                                                "ekit_icon_box_btn_background_hover_group_color": "#6EA343",
                                                "ekit_icon_box_water_mark_icons": {
                                                    "value": "",
                                                    "library": ""
                                                },
                                                "ekit_icon_box_iocnbox_border_group_width": {
                                                    "unit": "px",
                                                    "top": "2",
                                                    "right": "2",
                                                    "bottom": "2",
                                                    "left": "2",
                                                    "isLinked": true
                                                },
                                                "ekit_icon_box_border_border": "solid",
                                                "ekit_icon_box_border_width": {
                                                    "unit": "px",
                                                    "top": "0",
                                                    "right": "0",
                                                    "bottom": "0",
                                                    "left": "0",
                                                    "isLinked": false
                                                },
                                                "ekit_icon_box_icon_border_radius": {
                                                    "unit": "px",
                                                    "top": "0",
                                                    "right": "0",
                                                    "bottom": "0",
                                                    "left": "0",
                                                    "isLinked": true
                                                },
                                                "ekit_icon_box_border_icon_group_width": {
                                                    "unit": "px",
                                                    "top": "2",
                                                    "right": "2",
                                                    "bottom": "2",
                                                    "left": "2",
                                                    "isLinked": true
                                                },
                                                "ekit_icon_icon_padding": {
                                                    "unit": "px",
                                                    "top": "0",
                                                    "right": "0",
                                                    "bottom": "0",
                                                    "left": "0",
                                                    "isLinked": false,
                                                    "size": 15
                                                },
                                                "ekit_icon_box_infobox_border_radious": {
                                                    "unit": "px",
                                                    "top": "0",
                                                    "right": "0",
                                                    "bottom": "0",
                                                    "left": "0",
                                                    "isLinked": true
                                                },
                                                "ekit_icon_box_icon_position": "left",
                                                "ekit_icon_box_content_valign": "middle",
                                                "ekit_icon_title_bottom_space": {
                                                    "unit": "px",
                                                    "top": "0",
                                                    "right": "0",
                                                    "bottom": "6",
                                                    "left": "0",
                                                    "isLinked": false,
                                                    "size": "20"
                                                },
                                                "ekit_icon_box_margin": {
                                                    "unit": "px",
                                                    "top": "0",
                                                    "right": "0",
                                                    "bottom": "0",
                                                    "left": "0",
                                                    "isLinked": false,
                                                    "size": 15
                                                },
                                                "ekit_icon_box_icon_space": {
                                                    "unit": "px",
                                                    "top": "0",
                                                    "right": "20",
                                                    "bottom": "0",
                                                    "left": "0",
                                                    "isLinked": false
                                                },
                                                "ekit_icon_box_button_border_color_group_border": "solid",
                                                "ekit_icon_box_button_border_color_group_width": {
                                                    "unit": "px",
                                                    "top": "1",
                                                    "right": "1",
                                                    "bottom": "1",
                                                    "left": "1",
                                                    "isLinked": true
                                                },
                                                "ekit_icon_box_btn_border_radius": {
                                                    "unit": "px",
                                                    "top": "0",
                                                    "right": "0",
                                                    "bottom": "0",
                                                    "left": "0",
                                                    "isLinked": true
                                                },
                                                "ekit_icon_box_iocnbox_border_group_border": "none",
                                                "ekit_icon_box_iocnbox_border_group_color": "#F4F9F0",
                                                "ekit_icon_box_border_color": "#FFFFFF",
                                                "ekit_icon_box_border_icon_group_color": "#F9F9F9",
                                                "ekit_icon_box_typography_group_typography": "custom",
                                                "ekit_icon_box_typography_group_font_family": "Poppins",
                                                "ekit_icon_box_typography_group_font_size": {
                                                    "unit": "px",
                                                    "size": 15,
                                                    "sizes": []
                                                },
                                                "ekit_icon_box_typography_group_font_weight": "400",
                                                "ekit_icon_box_typography_group_text_transform": "none",
                                                "ekit_icon_box_typography_group_line_height": {
                                                    "unit": "em",
                                                    "size": 1.5,
                                                    "sizes": []
                                                },
                                                "ekit_icon_box_button_border_color_group_color": "#F9F9F9",
                                                "ekit_icon_box_icon_height": {
                                                    "unit": "px",
                                                    "size": 65,
                                                    "sizes": []
                                                },
                                                "ekit_icon_box_icon_width": {
                                                    "unit": "px",
                                                    "size": 65,
                                                    "sizes": []
                                                },
                                                "ekit_icon_box_icon_line_height": {
                                                    "unit": "px",
                                                    "size": 65,
                                                    "sizes": []
                                                },
                                                "_margin_mobile": {
                                                    "unit": "%",
                                                    "top": "0",
                                                    "right": "0",
                                                    "bottom": "0",
                                                    "left": "0",
                                                    "isLinked": true
                                                },
                                                "ekit_icon_box_icon_secondary_color_normal": "#294145",
                                                "ekit_icon_box_hover_background_color": "#6EA343",
                                                "ekit_icon_box_infobox_bg_group_color": "#66666600"
                                            },
                                            "elements": [],
                                            "isInner": false,
                                            "widgetType": "elementskit-icon-box",
                                            "elType": "widget"
                                        }
                                    ],
                                    "isInner": true,
                                    "elType": "column"
                                }
                            ],
                            "isInner": true,
                            "elType": "section"
                        }
                    ],
                    "isInner": false,
                    "elType": "column"
                }
            ],
            "isInner": false,
            "elType": "section"
        }
    ]
}