{
    "version": "0.4",
    "title": "Single Product",
    "type": "product",
    "metadata": {
        "template_type": "single-product",
        "include_in_zip": "1",
        "elementor_pro_required": "1",
        "elementor_library_type": "product",
        "elementor_pro_conditions": [
            "include\/product"
        ],
        "additional_template_information": [
            "This is a \"Product\" template for Elementor Pro.",
            "This template will display on: Products."
        ],
        "wp_page_template": "default"
    },
    "content": [
        {
            "id": "2463c93b",
            "settings": {
                "padding": {
                    "unit": "px",
                    "top": "190",
                    "right": "0",
                    "bottom": "100",
                    "left": "0",
                    "isLinked": false
                },
                "background_background": "classic",
                "background_overlay_background": "classic",
                "background_overlay_image": {
                    "url": "https:\/\/htmldesigntemplates.com\/portfoly\/wp-content\/uploads\/sites\/28\/2023\/03\/price-shape1.png",
                    "id": 648,
                    "size": "",
                    "alt": "",
                    "source": "library"
                },
                "background_overlay_opacity": {
                    "unit": "px",
                    "size": 1,
                    "sizes": []
                },
                "background_overlay_position": "center center",
                "background_overlay_repeat": "no-repeat",
                "background_overlay_size": "initial",
                "border_border": "none",
                "border_width": {
                    "unit": "px",
                    "top": "0",
                    "right": "0",
                    "bottom": "5",
                    "left": "0",
                    "isLinked": false
                },
                "border_radius": {
                    "unit": "px",
                    "top": "0",
                    "right": "0",
                    "bottom": "0",
                    "left": "0",
                    "isLinked": true
                },
                "margin": {
                    "unit": "px",
                    "top": "-103",
                    "right": 0,
                    "bottom": "0",
                    "left": 0,
                    "isLinked": false
                },
                "__globals__": {
                    "background_color": "globals\/colors?id=7568283",
                    "border_color": "globals\/colors?id=primary"
                },
                "background_overlay_bg_width": {
                    "unit": "%",
                    "size": 60,
                    "sizes": []
                }
            },
            "elements": [
                {
                    "id": "3c8548fb",
                    "settings": {
                        "_column_size": 100,
                        "_inline_size": null,
                        "space_between_widgets": 0
                    },
                    "elements": [
                        {
                            "id": "7b19a522",
                            "settings": {
                                "__dynamic__": {
                                    "title": "[elementor-tag id=\"\" name=\"archive-title\" settings=\"%7B%22include_context%22%3A%22yes%22%2C%22before%22%3A%22%22%2C%22after%22%3A%22%22%2C%22fallback%22%3A%22%22%7D\"]"
                                },
                                "title": "Add Your Heading Text Here",
                                "align": "center",
                                "_margin": {
                                    "unit": "%",
                                    "top": "0",
                                    "right": "20",
                                    "bottom": "0",
                                    "left": "20",
                                    "isLinked": false
                                },
                                "_margin_tablet": {
                                    "unit": "%",
                                    "top": "",
                                    "right": "",
                                    "bottom": "",
                                    "left": "",
                                    "isLinked": true
                                },
                                "_margin_mobile": {
                                    "unit": "%",
                                    "top": "",
                                    "right": "",
                                    "bottom": "",
                                    "left": "",
                                    "isLinked": true
                                },
                                "__globals__": {
                                    "typography_typography": "globals\/typography?id=3f3e88c",
                                    "title_color": "globals\/colors?id=3c2ad25"
                                },
                                "header_size": "h2"
                            },
                            "elements": [],
                            "isInner": false,
                            "widgetType": "theme-archive-title",
                            "elType": "widget"
                        }
                    ],
                    "isInner": false,
                    "elType": "column"
                }
            ],
            "isInner": false,
            "elType": "section"
        },
        {
            "id": "48fabfde",
            "settings": {
                "structure": "20",
                "content_width": {
                    "unit": "px",
                    "size": ""
                },
                "margin": {
                    "unit": "px",
                    "top": "",
                    "right": 0,
                    "bottom": "",
                    "left": 0,
                    "isLinked": true
                },
                "background_background": "classic",
                "padding": {
                    "unit": "px",
                    "top": "100",
                    "right": "0",
                    "bottom": "70",
                    "left": "0",
                    "isLinked": false
                },
                "margin_mobile": {
                    "unit": "px",
                    "top": "0",
                    "right": 0,
                    "bottom": "0",
                    "left": 0,
                    "isLinked": false
                },
                "__globals__": {
                    "background_color": "",
                    "background_overlay_color": ""
                },
                "background_position": "center center",
                "background_repeat": "no-repeat",
                "background_size": "contain",
                "background_overlay_background": "classic",
                "background_overlay_opacity": {
                    "unit": "px",
                    "size": 0.3,
                    "sizes": []
                },
                "content_position": "middle"
            },
            "elements": [
                {
                    "id": "1073bc8e",
                    "settings": {
                        "_column_size": 50,
                        "_inline_size": 45,
                        "background_background": "classic",
                        "background_position": "center center",
                        "background_attachment": "scroll",
                        "background_repeat": "no-repeat",
                        "background_size": "cover",
                        "border_width": {
                            "unit": "px",
                            "top": "1",
                            "right": "1",
                            "bottom": "1",
                            "left": "1",
                            "isLinked": true
                        },
                        "border_radius": {
                            "unit": "px",
                            "top": "0",
                            "right": "0",
                            "bottom": "0",
                            "left": "0",
                            "isLinked": false
                        },
                        "margin": {
                            "unit": "px",
                            "top": "0",
                            "right": "15",
                            "bottom": "0",
                            "left": "0",
                            "isLinked": false
                        },
                        "__dynamic__": [],
                        "border_color": "#7a7a7a",
                        "box_shadow_box_shadow": {
                            "horizontal": 10,
                            "vertical": 10,
                            "blur": 20,
                            "spread": -11,
                            "color": "rgba(0,0,0,0.15)"
                        },
                        "content_position": "bottom",
                        "_inline_size_tablet": 100,
                        "margin_tablet": {
                            "unit": "px",
                            "top": "0",
                            "right": "0",
                            "bottom": "0",
                            "left": "0",
                            "isLinked": true
                        },
                        "margin_mobile": {
                            "unit": "px",
                            "top": "0",
                            "right": "0",
                            "bottom": "0",
                            "left": "0",
                            "isLinked": true
                        },
                        "space_between_widgets": 0,
                        "__globals__": {
                            "background_color": ""
                        },
                        "padding_tablet": {
                            "unit": "px",
                            "top": "0",
                            "right": "10",
                            "bottom": "0",
                            "left": "10",
                            "isLinked": false
                        }
                    },
                    "elements": [
                        {
                            "id": "67ba1898",
                            "settings": {
                                "spacing": {
                                    "unit": "px",
                                    "size": 10,
                                    "sizes": []
                                },
                                "spacing_thumbs": {
                                    "unit": "px",
                                    "size": 5,
                                    "sizes": []
                                },
                                "image_border_radius": {
                                    "unit": "px",
                                    "top": "0",
                                    "right": "0",
                                    "bottom": "0",
                                    "left": "0",
                                    "isLinked": true
                                },
                                "thumbs_border_radius": {
                                    "unit": "px",
                                    "top": "0",
                                    "right": "0",
                                    "bottom": "0",
                                    "left": "0",
                                    "isLinked": true
                                },
                                "_margin": {
                                    "unit": "px",
                                    "top": "0",
                                    "right": "0",
                                    "bottom": "0",
                                    "left": "0",
                                    "isLinked": false
                                },
                                "_margin_tablet": {
                                    "unit": "px",
                                    "top": "0",
                                    "right": "0",
                                    "bottom": "0",
                                    "left": "0",
                                    "isLinked": false
                                },
                                "_padding": {
                                    "unit": "px",
                                    "top": "0",
                                    "right": "0",
                                    "bottom": "0",
                                    "left": "0",
                                    "isLinked": true
                                },
                                "_background_background": "classic",
                                "__globals__": {
                                    "_background_color": "",
                                    "thumbs_border_color": "globals\/colors?id=3c2ad25"
                                },
                                "thumbs_border_width": {
                                    "unit": "px",
                                    "top": "3",
                                    "right": "3",
                                    "bottom": "3",
                                    "left": "3",
                                    "isLinked": true
                                },
                                "_margin_mobile": {
                                    "unit": "px",
                                    "top": "0",
                                    "right": "0",
                                    "bottom": "0",
                                    "left": "0",
                                    "isLinked": false
                                },
                                "_padding_tablet": {
                                    "unit": "px",
                                    "top": "0",
                                    "right": "0",
                                    "bottom": "0",
                                    "left": "0",
                                    "isLinked": false
                                },
                                "_padding_mobile": {
                                    "unit": "px",
                                    "top": "0",
                                    "right": "0",
                                    "bottom": "0",
                                    "left": "0",
                                    "isLinked": false
                                },
                                "thumbs_border_color": "#FFFFFF"
                            },
                            "elements": [],
                            "isInner": false,
                            "widgetType": "woocommerce-product-images",
                            "elType": "widget"
                        }
                    ],
                    "isInner": false,
                    "elType": "column"
                },
                {
                    "id": "1e85b13e",
                    "settings": {
                        "_column_size": 50,
                        "_inline_size": 55,
                        "margin": {
                            "unit": "px",
                            "top": "0",
                            "right": "0",
                            "bottom": "0",
                            "left": "15",
                            "isLinked": false
                        },
                        "margin_tablet": {
                            "unit": "px",
                            "top": "0",
                            "right": "0",
                            "bottom": "0",
                            "left": "0",
                            "isLinked": true
                        },
                        "margin_mobile": {
                            "unit": "px",
                            "top": "0",
                            "right": "0",
                            "bottom": "0",
                            "left": "0",
                            "isLinked": false
                        },
                        "_inline_size_tablet": 100,
                        "space_between_widgets": 10
                    },
                    "elements": [
                        {
                            "id": "37409336",
                            "settings": {
                                "__dynamic__": {
                                    "title": "[elementor-tag id=\"\" name=\"woocommerce-product-title-tag\" settings=\"%7B%22before%22%3A%22%22%2C%22after%22%3A%22%22%2C%22fallback%22%3A%22%22%7D\"]"
                                },
                                "title": "Add Your Heading Text Here",
                                "__globals__": {
                                    "typography_typography": "globals\/typography?id=83a0a2f",
                                    "title_color": "globals\/colors?id=secondary"
                                },
                                "header_size": "h3",
                                "align_mobile": "center",
                                "align_tablet": "center"
                            },
                            "elements": [],
                            "isInner": false,
                            "widgetType": "woocommerce-product-title",
                            "elType": "widget"
                        },
                        {
                            "id": "24c62e19",
                            "settings": {
                                "alignment": "left",
                                "alignment_tablet": "center",
                                "__globals__": {
                                    "text_typography_typography": "globals\/typography?id=text",
                                    "text_color": "globals\/colors?id=text",
                                    "link_color": "globals\/colors?id=primary"
                                }
                            },
                            "elements": [],
                            "isInner": false,
                            "widgetType": "woocommerce-breadcrumb",
                            "elType": "widget"
                        },
                        {
                            "id": "218523b9",
                            "settings": {
                                "text_align": "left",
                                "__globals__": {
                                    "text_typography_typography": "globals\/typography?id=text",
                                    "text_color": "globals\/colors?id=text"
                                },
                                "text_align_mobile": "center",
                                "text_align_tablet": "center"
                            },
                            "elements": [],
                            "isInner": false,
                            "widgetType": "woocommerce-product-short-description",
                            "elType": "widget"
                        },
                        {
                            "id": "60cb1b6a",
                            "settings": {
                                "__globals__": {
                                    "typography_typography": "globals\/typography?id=be86681",
                                    "price_color": "globals\/colors?id=primary"
                                },
                                "text_align_mobile": "center",
                                "text_align_tablet": "center"
                            },
                            "elements": [],
                            "isInner": false,
                            "widgetType": "woocommerce-product-price",
                            "elType": "widget"
                        },
                        {
                            "id": "9b7db63",
                            "settings": {
                                "button_align": "center",
                                "button_padding": {
                                    "unit": "px",
                                    "top": "10",
                                    "right": "28",
                                    "bottom": "10",
                                    "left": "28",
                                    "isLinked": false
                                },
                                "button_border_width": {
                                    "unit": "px",
                                    "top": "1",
                                    "right": "1",
                                    "bottom": "1",
                                    "left": "0",
                                    "isLinked": false
                                },
                                "button_text_color": "#FFFFFF",
                                "button_bg_color": "#6EA343",
                                "button_text_color_hover": "#FFFFFF",
                                "button_bg_color_hover": "#294145",
                                "quantity_border_radius": {
                                    "unit": "px",
                                    "top": "0",
                                    "right": "0",
                                    "bottom": "0",
                                    "left": "0",
                                    "isLinked": true
                                },
                                "quantity_text_color_focus": "#000000",
                                "quantity_border_width": {
                                    "unit": "px",
                                    "top": "1",
                                    "right": "1",
                                    "bottom": "1",
                                    "left": "1",
                                    "isLinked": true
                                },
                                "spacing": {
                                    "unit": "px",
                                    "size": 10,
                                    "sizes": []
                                },
                                "quantity_padding": {
                                    "unit": "px",
                                    "top": "12",
                                    "right": "10",
                                    "bottom": "12",
                                    "left": "10",
                                    "isLinked": false
                                },
                                "__globals__": {
                                    "button_typography_typography": "globals\/typography?id=accent",
                                    "button_bg_color": "globals\/colors?id=accent",
                                    "button_text_color": "globals\/colors?id=3c2ad25",
                                    "button_bg_color_hover": "globals\/colors?id=secondary",
                                    "button_text_color_hover": "globals\/colors?id=3c2ad25",
                                    "quantity_bg_color": "globals\/colors?id=3c2ad25",
                                    "quantity_text_color": "globals\/colors?id=text",
                                    "quantity_typography_typography": "globals\/typography?id=text",
                                    "quantity_border_color": "globals\/colors?id=3c2ad25",
                                    "variations_label_typography_typography": "globals\/typography?id=text"
                                },
                                "alignment_mobile": "center",
                                "button_border_radius": {
                                    "unit": "px",
                                    "top": "0",
                                    "right": "0",
                                    "bottom": "0",
                                    "left": "0",
                                    "isLinked": true
                                },
                                "variations_select_border_radius": {
                                    "unit": "px",
                                    "size": 0,
                                    "sizes": []
                                },
                                "quantity_text_color": "#666666",
                                "quantity_bg_color": "#FFFFFF",
                                "alignment_tablet": "center",
                                "quantity_border_border": "solid"
                            },
                            "elements": [],
                            "isInner": false,
                            "widgetType": "woocommerce-product-add-to-cart",
                            "elType": "widget"
                        }
                    ],
                    "isInner": false,
                    "elType": "column"
                }
            ],
            "isInner": false,
            "elType": "section"
        },
        {
            "id": "5937f11",
            "settings": {
                "content_width": {
                    "unit": "px",
                    "size": ""
                },
                "background_background": "classic",
                "margin": {
                    "unit": "px",
                    "top": "",
                    "right": 0,
                    "bottom": "",
                    "left": 0,
                    "isLinked": true
                },
                "padding": {
                    "unit": "px",
                    "top": "110",
                    "right": "0",
                    "bottom": "110",
                    "left": "0",
                    "isLinked": false
                },
                "__globals__": {
                    "background_color": "globals\/colors?id=3c2ad25"
                },
                "structure": "20",
                "border_radius": {
                    "unit": "px",
                    "top": "0",
                    "right": "0",
                    "bottom": "0",
                    "left": "0",
                    "isLinked": false
                }
            },
            "elements": [
                {
                    "id": "2cd6d72",
                    "settings": {
                        "_column_size": 50,
                        "_inline_size": 65,
                        "margin": {
                            "unit": "px",
                            "top": "0",
                            "right": "10",
                            "bottom": "0",
                            "left": "0",
                            "isLinked": false
                        },
                        "_inline_size_tablet": 100,
                        "margin_tablet": {
                            "unit": "px",
                            "top": "0",
                            "right": "0",
                            "bottom": "0",
                            "left": "0",
                            "isLinked": false
                        },
                        "margin_mobile": {
                            "unit": "px",
                            "top": "0",
                            "right": "0",
                            "bottom": "0",
                            "left": "0",
                            "isLinked": false
                        }
                    },
                    "elements": [
                        {
                            "id": "2986e66",
                            "settings": {
                                "tab_border_radius": {
                                    "unit": "px",
                                    "size": 0,
                                    "sizes": []
                                },
                                "__globals__": {
                                    "tab_typography_typography": "globals\/typography?id=94485de",
                                    "content_heading_typography_typography": "globals\/typography?id=94485de",
                                    "content_typography_typography": "globals\/typography?id=text",
                                    "tab_text_color": "globals\/colors?id=text",
                                    "active_tab_text_color": "globals\/colors?id=primary",
                                    "tab_bg_color": "globals\/colors?id=3c2ad25",
                                    "_background_color": "",
                                    "_border_color": "",
                                    "active_tab_bg_color": "globals\/colors?id=3c2ad25",
                                    "tabs_border_color": "",
                                    "text_color": "globals\/colors?id=text",
                                    "heading_color": "globals\/colors?id=secondary"
                                },
                                "tab_text_color": "#666666",
                                "active_tab_text_color": "#E99D36",
                                "panel_border_width": {
                                    "unit": "px",
                                    "top": "1",
                                    "right": "1",
                                    "bottom": "1",
                                    "left": "1",
                                    "isLinked": true
                                },
                                "panel_border_radius": {
                                    "unit": "px",
                                    "top": "0",
                                    "right": "0",
                                    "bottom": "0",
                                    "left": "0",
                                    "isLinked": true
                                },
                                "_background_background": "classic",
                                "_border_width": {
                                    "unit": "px",
                                    "top": "1",
                                    "right": "1",
                                    "bottom": "1",
                                    "left": "1",
                                    "isLinked": true
                                },
                                "_border_color": "#F1F1F1",
                                "_border_radius": {
                                    "unit": "px",
                                    "top": "0",
                                    "right": "0",
                                    "bottom": "0",
                                    "left": "0",
                                    "isLinked": true
                                },
                                "tab_bg_color": "#FFFFFF",
                                "tabs_border_color": "#66666620",
                                "active_tab_bg_color": "#FFFFFF",
                                "text_color": "#666666",
                                "heading_color": "#1D231F"
                            },
                            "elements": [],
                            "isInner": false,
                            "widgetType": "woocommerce-product-data-tabs",
                            "elType": "widget"
                        },
                        {
                            "id": "66ddeeb5",
                            "settings": {
                                "ekit_heading_title": "{Related} Products",
                                "show_title_border": "",
                                "ekit_heading_sub_title": "Time has changed",
                                "shadow_text_content": "bussiness",
                                "ekit_heading_show_seperator": "",
                                "ekit_heading_seperator_style": "elementskit-border-divider ekit-dotted",
                                "ekit_heading_title_margin": {
                                    "unit": "px",
                                    "top": "0",
                                    "right": "0",
                                    "bottom": "0",
                                    "left": "0",
                                    "isLinked": false
                                },
                                "__globals__": {
                                    "ekit_heading_title_color": "globals\/colors?id=secondary",
                                    "ekit_heading_focused_title_color": "globals\/colors?id=primary",
                                    "ekit_heading_focused_title_typography_typography": "globals\/typography?id=3f3e88c",
                                    "ekit_heading_title_typography_typography": "globals\/typography?id=3f3e88c",
                                    "ekit_heading_seperator_color": "globals\/colors?id=secondary",
                                    "ekit_heading_focused_title_color_hover": "globals\/colors?id=primary",
                                    "ekit_heading_extra_title_typography_typography": "globals\/typography?id=text",
                                    "ekit_heading_extra_title_color": "globals\/colors?id=text",
                                    "ekit_heading_title_color_hover": "globals\/colors?id=secondary"
                                },
                                "ekit_heading_seperator_image": {
                                    "id": 51,
                                    "url": "https:\/\/htmldesigntemplates.com\/portfoly\/wp-content\/uploads\/sites\/28\/2023\/03\/placeholder-2.png"
                                },
                                "ekit_heading_section_extra_title_show": "yes",
                                "ekit_heading_extra_title": "<p>Lorem ipsum dolor sit amet, consetetur sadip scing elitr, sed diam nonumy eirmod ut labore et doloreo magna aliqu lorem ipsum dolor sit amet<\/p>",
                                "ekit_heading_title_color": "#17233E",
                                "ekit_heading_focused_title_color": "#FDC703",
                                "ekit_heading_use_title_text_fill": "",
                                "ekit_heading_seperator_color": "#FDC703",
                                "_margin": {
                                    "unit": "%",
                                    "top": "",
                                    "right": "",
                                    "bottom": "",
                                    "left": "",
                                    "isLinked": true
                                },
                                "_margin_tablet": {
                                    "unit": "%",
                                    "top": "",
                                    "right": "",
                                    "bottom": "",
                                    "left": "",
                                    "isLinked": true
                                },
                                "_margin_mobile": {
                                    "unit": "%",
                                    "top": "0",
                                    "right": "0",
                                    "bottom": "0",
                                    "left": "0",
                                    "isLinked": false
                                },
                                "ekit_heading_title_align_tablet": "text_center",
                                "ekit_heading_title_align_mobile": "text_center"
                            },
                            "elements": [],
                            "isInner": false,
                            "widgetType": "elementskit-heading",
                            "elType": "widget"
                        },
                        {
                            "id": "15d5e3c1",
                            "settings": {
                                "classic_columns": "1",
                                "classic_posts_per_page": 5,
                                "classic_thumbnail": "left",
                                "classic_thumbnail_size_size": "full",
                                "classic_item_ratio": {
                                    "unit": "px",
                                    "size": 1,
                                    "sizes": []
                                },
                                "classic_item_ratio_mobile": {
                                    "unit": "px",
                                    "size": 0.9,
                                    "sizes": []
                                },
                                "classic_image_width": {
                                    "unit": "%",
                                    "size": 25,
                                    "sizes": []
                                },
                                "classic_image_width_mobile": {
                                    "unit": "%",
                                    "size": 30,
                                    "sizes": []
                                },
                                "classic_title_tag": "h6",
                                "classic_show_excerpt": "",
                                "classic_meta_data": [
                                    "date"
                                ],
                                "classic_meta_separator": "",
                                "classic_show_read_more": "",
                                "classic_read_more_text": "Read More \u00bb",
                                "cards_meta_separator": "|",
                                "cards_read_more_text": "Continue Reading",
                                "full_content_meta_separator": "\/\/\/",
                                "classic_column_gap": {
                                    "unit": "px",
                                    "size": "",
                                    "sizes": []
                                },
                                "classic_row_gap": {
                                    "unit": "px",
                                    "size": 15,
                                    "sizes": []
                                },
                                "classic_image_spacing": {
                                    "unit": "px",
                                    "size": 15,
                                    "sizes": []
                                },
                                "classic_title_spacing": {
                                    "unit": "px",
                                    "size": 5,
                                    "sizes": []
                                },
                                "pagination_page_limit": "5",
                                "pagination_prev_label": "&laquo; Previous",
                                "pagination_next_label": "Next &raquo;",
                                "text": "Load More",
                                "load_more_no_posts_custom_message": "No more posts to show",
                                "__globals__": {
                                    "classic_title_color": "globals\/colors?id=3c2ad25",
                                    "classic_meta_typography_typography": "globals\/typography?id=9740b67",
                                    "classic_meta_color": "globals\/colors?id=text",
                                    "classic_title_typography_typography": "globals\/typography?id=cbcd450",
                                    "classic_box_bg_color": "",
                                    "classic_box_border_color": "globals\/colors?id=8b564f1",
                                    "cards_card_bg_color": "globals\/colors?id=3c2ad25",
                                    "cards_title_color": "globals\/colors?id=secondary",
                                    "cards_title_typography_typography": "globals\/typography?id=94485de",
                                    "cards_meta_color": "globals\/colors?id=text",
                                    "cards_meta_separator_color": "globals\/colors?id=text",
                                    "cards_meta_typography_typography": "globals\/typography?id=9740b67",
                                    "cards_meta_border_color": "",
                                    "cards_read_more_typography_typography": "globals\/typography?id=text",
                                    "cards_card_border_color": "globals\/colors?id=8b564f1"
                                },
                                "classic_alignment": "left",
                                "posts_post_type": "product",
                                "classic_content_padding": {
                                    "unit": "px",
                                    "top": "20",
                                    "right": "0",
                                    "bottom": "0",
                                    "left": "0",
                                    "isLinked": false
                                },
                                "classic_box_border_width": {
                                    "unit": "px",
                                    "top": "0",
                                    "right": "0",
                                    "bottom": "0",
                                    "left": "0",
                                    "isLinked": true
                                },
                                "classic_box_bg_color": "#19191900",
                                "classic_title_color": "#FFFFFF",
                                "classic_meta_color": "#666666",
                                "classic_img_border_radius": {
                                    "unit": "px",
                                    "top": "15",
                                    "right": "15",
                                    "bottom": "15",
                                    "left": "15",
                                    "isLinked": true
                                },
                                "classic_box_padding": {
                                    "unit": "px",
                                    "top": "0",
                                    "right": "0",
                                    "bottom": "0",
                                    "left": "0",
                                    "isLinked": true
                                },
                                "classic_column_gap_tablet": {
                                    "unit": "px",
                                    "size": 10,
                                    "sizes": []
                                },
                                "classic_row_gap_tablet": {
                                    "unit": "px",
                                    "size": 10,
                                    "sizes": []
                                },
                                "classic_meta_spacing": {
                                    "unit": "px",
                                    "size": 0,
                                    "sizes": []
                                },
                                "classic_box_border_radius": {
                                    "unit": "px",
                                    "size": 0,
                                    "sizes": []
                                },
                                "_skin": "cards",
                                "cards_columns": "2",
                                "cards_posts_per_page": 2,
                                "cards_thumbnail_size_size": "full",
                                "cards_item_ratio": {
                                    "unit": "px",
                                    "size": 0.75,
                                    "sizes": []
                                },
                                "cards_title_tag": "h5",
                                "cards_show_excerpt": "",
                                "cards_excerpt_length": 6,
                                "cards_show_badge": "",
                                "cards_show_avatar": "",
                                "classic_box_border_color": "#F9F9F9",
                                "classic_title_typography_typography": "custom",
                                "classic_title_typography_font_family": "Saira",
                                "classic_title_typography_font_size": {
                                    "unit": "px",
                                    "size": 18,
                                    "sizes": []
                                },
                                "classic_title_typography_font_size_tablet": {
                                    "unit": "px",
                                    "size": 17,
                                    "sizes": []
                                },
                                "classic_title_typography_font_size_mobile": {
                                    "unit": "px",
                                    "size": 15,
                                    "sizes": []
                                },
                                "classic_title_typography_font_weight": "600",
                                "classic_title_typography_text_transform": "capitalize",
                                "classic_title_typography_line_height": {
                                    "unit": "em",
                                    "size": 1.22,
                                    "sizes": []
                                },
                                "classic_title_typography_word_spacing": {
                                    "unit": "em",
                                    "size": "",
                                    "sizes": []
                                },
                                "classic_meta_typography_typography": "custom",
                                "classic_meta_typography_font_family": "Poppins",
                                "classic_meta_typography_font_size": {
                                    "unit": "px",
                                    "size": 14,
                                    "sizes": []
                                },
                                "classic_meta_typography_font_weight": "400",
                                "classic_meta_typography_text_transform": "none",
                                "classic_meta_typography_line_height": {
                                    "unit": "em",
                                    "size": "",
                                    "sizes": []
                                },
                                "classic_meta_typography_word_spacing": {
                                    "unit": "em",
                                    "size": "",
                                    "sizes": []
                                },
                                "cards_row_gap": {
                                    "unit": "px",
                                    "size": 30,
                                    "sizes": []
                                },
                                "cards_alignment": "center",
                                "cards_card_border_radius": {
                                    "unit": "px",
                                    "size": 0,
                                    "sizes": []
                                },
                                "cards_hover_effect": "none",
                                "cards_image_spacing": {
                                    "unit": "px",
                                    "size": 0,
                                    "sizes": []
                                },
                                "cards_card_bg_color": "#FFFFFF",
                                "cards_card_border_width": {
                                    "unit": "px",
                                    "size": 2,
                                    "sizes": []
                                },
                                "cards_box_shadow_box_shadow_type": "",
                                "cards_meta_border_color": "#66666620",
                                "cards_title_color": "#1D231F",
                                "cards_title_spacing": {
                                    "unit": "px",
                                    "size": 10,
                                    "sizes": []
                                },
                                "cards_meta_color": "#666666",
                                "cards_meta_separator_color": "#666666"
                            },
                            "elements": [],
                            "isInner": false,
                            "widgetType": "posts",
                            "elType": "widget"
                        }
                    ],
                    "isInner": false,
                    "elType": "column"
                },
                {
                    "id": "19acaf52",
                    "settings": {
                        "_column_size": 50,
                        "_inline_size": 35,
                        "_inline_size_tablet": 100,
                        "margin": {
                            "unit": "px",
                            "top": "0",
                            "right": "0",
                            "bottom": "0",
                            "left": "10",
                            "isLinked": false
                        },
                        "margin_tablet": {
                            "unit": "px",
                            "top": "0",
                            "right": "0",
                            "bottom": "0",
                            "left": "0",
                            "isLinked": false
                        }
                    },
                    "elements": [
                        {
                            "id": "2026d873",
                            "settings": {
                                "gap": "no",
                                "background_background": "classic",
                                "background_overlay_background": "classic",
                                "border_radius": {
                                    "unit": "px",
                                    "top": "0",
                                    "right": "0",
                                    "bottom": "0",
                                    "left": "0",
                                    "isLinked": true
                                },
                                "margin": {
                                    "unit": "px",
                                    "top": "0",
                                    "right": 0,
                                    "bottom": "30",
                                    "left": 0,
                                    "isLinked": false
                                },
                                "padding": {
                                    "unit": "px",
                                    "top": "30",
                                    "right": "20",
                                    "bottom": "30",
                                    "left": "20",
                                    "isLinked": false
                                },
                                "__globals__": {
                                    "background_color": "globals\/colors?id=8b564f1",
                                    "background_overlay_color": "globals\/colors?id=7568283",
                                    "background_color_b": "globals\/colors?id=primary"
                                },
                                "background_color_b": "#E99D36",
                                "background_overlay_color": "#131313",
                                "border_border": "solid",
                                "border_width": {
                                    "unit": "px",
                                    "top": "1",
                                    "right": "1",
                                    "bottom": "1",
                                    "left": "1",
                                    "isLinked": true
                                },
                                "border_color": "#FFFFFF1A",
                                "background_overlay_opacity": {
                                    "unit": "px",
                                    "size": 0,
                                    "sizes": []
                                }
                            },
                            "elements": [
                                {
                                    "id": "2e0ff7af",
                                    "settings": {
                                        "_column_size": 100,
                                        "_inline_size": null,
                                        "space_between_widgets": 10
                                    },
                                    "elements": [
                                        {
                                            "id": "2c99407c",
                                            "settings": {
                                                "title": "Search Key",
                                                "header_size": "h4",
                                                "__globals__": {
                                                    "typography_typography": "globals\/typography?id=be86681",
                                                    "title_color": "globals\/colors?id=secondary"
                                                }
                                            },
                                            "elements": [],
                                            "isInner": false,
                                            "widgetType": "heading",
                                            "elType": "widget"
                                        },
                                        {
                                            "id": "767ee42b",
                                            "settings": {
                                                "width": {
                                                    "unit": "%",
                                                    "size": 10,
                                                    "sizes": []
                                                },
                                                "text": "Divider",
                                                "weight": {
                                                    "unit": "px",
                                                    "size": 2,
                                                    "sizes": []
                                                },
                                                "_margin": {
                                                    "unit": "px",
                                                    "top": "0",
                                                    "right": "0",
                                                    "bottom": "0",
                                                    "left": "0",
                                                    "isLinked": false
                                                },
                                                "__globals__": {
                                                    "color": "globals\/colors?id=primary"
                                                }
                                            },
                                            "elements": [],
                                            "isInner": false,
                                            "widgetType": "divider",
                                            "elType": "widget"
                                        },
                                        {
                                            "id": "176da7fc",
                                            "settings": {
                                                "placeholder": "Search...",
                                                "button_text": "Search",
                                                "input_background_color": "#FFFFFF00",
                                                "__globals__": {
                                                    "input_background_color": "",
                                                    "button_background_color_hover": "globals\/colors?id=primary",
                                                    "button_text_color_hover": "globals\/colors?id=3c2ad25",
                                                    "button_background_color": "",
                                                    "button_text_color": ""
                                                },
                                                "border_radius": {
                                                    "unit": "px",
                                                    "size": 0,
                                                    "sizes": []
                                                }
                                            },
                                            "elements": [],
                                            "isInner": false,
                                            "widgetType": "search-form",
                                            "elType": "widget"
                                        }
                                    ],
                                    "isInner": true,
                                    "elType": "column"
                                }
                            ],
                            "isInner": true,
                            "elType": "section"
                        },
                        {
                            "id": "2879f014",
                            "settings": {
                                "gap": "no",
                                "background_background": "classic",
                                "border_width": {
                                    "unit": "px",
                                    "top": "0",
                                    "right": "0",
                                    "bottom": "4",
                                    "left": "0",
                                    "isLinked": false
                                },
                                "margin": {
                                    "unit": "px",
                                    "top": "0",
                                    "right": 0,
                                    "bottom": "30",
                                    "left": 0,
                                    "isLinked": false
                                },
                                "__globals__": {
                                    "background_color": "",
                                    "border_color": "globals\/colors?id=primary"
                                },
                                "border_border": "none",
                                "border_color": "#E99D36"
                            },
                            "elements": [
                                {
                                    "id": "69f4b659",
                                    "settings": {
                                        "_column_size": 100,
                                        "_inline_size": null,
                                        "space_between_widgets": 10
                                    },
                                    "elements": [
                                        {
                                            "id": "18bacf93",
                                            "settings": {
                                                "title": "Product Gallery",
                                                "header_size": "h4",
                                                "__globals__": {
                                                    "typography_typography": "globals\/typography?id=be86681",
                                                    "title_color": "globals\/colors?id=secondary"
                                                }
                                            },
                                            "elements": [],
                                            "isInner": false,
                                            "widgetType": "heading",
                                            "elType": "widget"
                                        },
                                        {
                                            "id": "510ee208",
                                            "settings": {
                                                "width": {
                                                    "unit": "%",
                                                    "size": 10,
                                                    "sizes": []
                                                },
                                                "text": "Divider",
                                                "weight": {
                                                    "unit": "px",
                                                    "size": 2,
                                                    "sizes": []
                                                },
                                                "_margin": {
                                                    "unit": "px",
                                                    "top": "0",
                                                    "right": "0",
                                                    "bottom": "0",
                                                    "left": "0",
                                                    "isLinked": false
                                                },
                                                "__globals__": {
                                                    "color": "globals\/colors?id=primary"
                                                }
                                            },
                                            "elements": [],
                                            "isInner": false,
                                            "widgetType": "divider",
                                            "elType": "widget"
                                        },
                                        {
                                            "id": "690fde1d",
                                            "settings": {
                                                "gallery": [
                                                    {
                                                        "id": 1621,
                                                        "url": "https:\/\/htmldesigntemplates.com\/portfoly\/wp-content\/uploads\/sites\/28\/2023\/03\/Shoes-White.H03.2k.jpg"
                                                    },
                                                    {
                                                        "id": 1620,
                                                        "url": "https:\/\/htmldesigntemplates.com\/portfoly\/wp-content\/uploads\/sites\/28\/2023\/03\/Shirt.H03.2k.jpg"
                                                    },
                                                    {
                                                        "id": 1619,
                                                        "url": "https:\/\/htmldesigntemplates.com\/portfoly\/wp-content\/uploads\/sites\/28\/2023\/03\/Open-White-Laptop.H03.2k.jpg"
                                                    },
                                                    {
                                                        "id": 1617,
                                                        "url": "https:\/\/htmldesigntemplates.com\/portfoly\/wp-content\/uploads\/sites\/28\/2023\/03\/Wedding-Cake-Topper.H03.2k.jpg"
                                                    },
                                                    {
                                                        "id": 1618,
                                                        "url": "https:\/\/htmldesigntemplates.com\/portfoly\/wp-content\/uploads\/sites\/28\/2023\/03\/Conch-Shell.H03.2k.jpg"
                                                    },
                                                    {
                                                        "id": 1616,
                                                        "url": "https:\/\/htmldesigntemplates.com\/portfoly\/wp-content\/uploads\/sites\/28\/2023\/03\/Thermal-Camera.H03.2k.jpg"
                                                    }
                                                ],
                                                "galleries": [
                                                    {
                                                        "gallery_title": "New Gallery",
                                                        "_id": "55c11ee"
                                                    }
                                                ],
                                                "gallery_layout": "justified",
                                                "columns": 2,
                                                "thumbnail_image_size": "full",
                                                "show_all_galleries_label": "All",
                                                "ideal_row_height_tablet": {
                                                    "unit": "px",
                                                    "size": 250,
                                                    "sizes": []
                                                },
                                                "image_border_radius": {
                                                    "unit": "px",
                                                    "size": 0,
                                                    "sizes": []
                                                },
                                                "ideal_row_height": {
                                                    "unit": "px",
                                                    "size": 120,
                                                    "sizes": []
                                                },
                                                "image_border_width": {
                                                    "unit": "px",
                                                    "size": 0,
                                                    "sizes": []
                                                },
                                                "__globals__": {
                                                    "image_border_color": "globals\/colors?id=3c2ad25",
                                                    "overlay_background_color": "",
                                                    "image_border_color_hover": "globals\/colors?id=3c2ad25",
                                                    "overlay_background_hover_color": "globals\/colors?id=506d2c6"
                                                },
                                                "image_border_color": "#FFFFFF",
                                                "overlay_background_background": "classic"
                                            },
                                            "elements": [],
                                            "isInner": false,
                                            "widgetType": "gallery",
                                            "elType": "widget"
                                        }
                                    ],
                                    "isInner": true,
                                    "elType": "column"
                                }
                            ],
                            "isInner": true,
                            "elType": "section"
                        },
                        {
                            "id": "1f777eea",
                            "settings": {
                                "gap": "no",
                                "background_background": "classic",
                                "background_overlay_background": "classic",
                                "border_radius": {
                                    "unit": "px",
                                    "top": "0",
                                    "right": "0",
                                    "bottom": "0",
                                    "left": "0",
                                    "isLinked": true
                                },
                                "margin": {
                                    "unit": "px",
                                    "top": "0",
                                    "right": 0,
                                    "bottom": "30",
                                    "left": 0,
                                    "isLinked": false
                                },
                                "padding": {
                                    "unit": "px",
                                    "top": "30",
                                    "right": "20",
                                    "bottom": "30",
                                    "left": "20",
                                    "isLinked": false
                                },
                                "__globals__": {
                                    "background_color": "globals\/colors?id=8b564f1",
                                    "background_overlay_color": "globals\/colors?id=7568283",
                                    "background_color_b": "globals\/colors?id=primary"
                                },
                                "background_color_b": "#E99D36",
                                "background_overlay_color": "#131313",
                                "border_border": "solid",
                                "border_width": {
                                    "unit": "px",
                                    "top": "1",
                                    "right": "1",
                                    "bottom": "1",
                                    "left": "1",
                                    "isLinked": true
                                },
                                "border_color": "#FFFFFF1A",
                                "background_overlay_opacity": {
                                    "unit": "px",
                                    "size": 0,
                                    "sizes": []
                                }
                            },
                            "elements": [
                                {
                                    "id": "37a5e0fd",
                                    "settings": {
                                        "_column_size": 100,
                                        "_inline_size": null,
                                        "space_between_widgets": 10
                                    },
                                    "elements": [
                                        {
                                            "id": "20be616e",
                                            "settings": {
                                                "title": "Recent products",
                                                "header_size": "h4",
                                                "__globals__": {
                                                    "typography_typography": "globals\/typography?id=be86681",
                                                    "title_color": "globals\/colors?id=secondary"
                                                }
                                            },
                                            "elements": [],
                                            "isInner": false,
                                            "widgetType": "heading",
                                            "elType": "widget"
                                        },
                                        {
                                            "id": "6045a75e",
                                            "settings": {
                                                "width": {
                                                    "unit": "%",
                                                    "size": 15,
                                                    "sizes": []
                                                },
                                                "text": "Divider",
                                                "weight": {
                                                    "unit": "px",
                                                    "size": 2,
                                                    "sizes": []
                                                },
                                                "_margin": {
                                                    "unit": "px",
                                                    "top": "0",
                                                    "right": "0",
                                                    "bottom": "0",
                                                    "left": "0",
                                                    "isLinked": false
                                                },
                                                "__globals__": {
                                                    "color": "globals\/colors?id=primary"
                                                }
                                            },
                                            "elements": [],
                                            "isInner": false,
                                            "widgetType": "divider",
                                            "elType": "widget"
                                        },
                                        {
                                            "id": "39b084eb",
                                            "settings": {
                                                "classic_columns": "1",
                                                "classic_posts_per_page": 4,
                                                "classic_thumbnail": "left",
                                                "classic_thumbnail_size_size": "full",
                                                "classic_item_ratio": {
                                                    "unit": "px",
                                                    "size": 1,
                                                    "sizes": []
                                                },
                                                "classic_item_ratio_mobile": {
                                                    "unit": "px",
                                                    "size": 0.9,
                                                    "sizes": []
                                                },
                                                "classic_image_width": {
                                                    "unit": "%",
                                                    "size": 25,
                                                    "sizes": []
                                                },
                                                "classic_image_width_mobile": {
                                                    "unit": "%",
                                                    "size": 30,
                                                    "sizes": []
                                                },
                                                "classic_title_tag": "h6",
                                                "classic_show_excerpt": "",
                                                "classic_meta_data": [
                                                    "date"
                                                ],
                                                "classic_meta_separator": "",
                                                "classic_show_read_more": "",
                                                "classic_read_more_text": "Read More \u00bb",
                                                "cards_meta_separator": "\u2022",
                                                "cards_read_more_text": "Read More \u00bb",
                                                "full_content_meta_separator": "\/\/\/",
                                                "classic_column_gap": {
                                                    "unit": "px",
                                                    "size": "",
                                                    "sizes": []
                                                },
                                                "classic_row_gap": {
                                                    "unit": "px",
                                                    "size": 15,
                                                    "sizes": []
                                                },
                                                "classic_image_spacing": {
                                                    "unit": "px",
                                                    "size": 15,
                                                    "sizes": []
                                                },
                                                "classic_title_spacing": {
                                                    "unit": "px",
                                                    "size": 5,
                                                    "sizes": []
                                                },
                                                "pagination_page_limit": "5",
                                                "pagination_prev_label": "&laquo; Previous",
                                                "pagination_next_label": "Next &raquo;",
                                                "text": "Load More",
                                                "load_more_no_posts_custom_message": "No more posts to show",
                                                "__globals__": {
                                                    "classic_title_color": "globals\/colors?id=secondary",
                                                    "classic_meta_typography_typography": "globals\/typography?id=9740b67",
                                                    "classic_meta_color": "globals\/colors?id=text",
                                                    "classic_title_typography_typography": "globals\/typography?id=cbcd450",
                                                    "classic_box_bg_color": "",
                                                    "classic_box_border_color": "globals\/colors?id=8b564f1"
                                                },
                                                "classic_alignment": "left",
                                                "posts_post_type": "product",
                                                "classic_content_padding": {
                                                    "unit": "px",
                                                    "top": "20",
                                                    "right": "0",
                                                    "bottom": "0",
                                                    "left": "0",
                                                    "isLinked": false
                                                },
                                                "classic_box_border_width": {
                                                    "unit": "px",
                                                    "top": "0",
                                                    "right": "0",
                                                    "bottom": "0",
                                                    "left": "0",
                                                    "isLinked": true
                                                },
                                                "classic_box_bg_color": "#19191900",
                                                "classic_title_color": "#FFFFFF",
                                                "classic_meta_color": "#666666",
                                                "classic_img_border_radius": {
                                                    "unit": "px",
                                                    "top": "0",
                                                    "right": "0",
                                                    "bottom": "0",
                                                    "left": "0",
                                                    "isLinked": true
                                                },
                                                "classic_box_padding": {
                                                    "unit": "px",
                                                    "top": "0",
                                                    "right": "0",
                                                    "bottom": "0",
                                                    "left": "0",
                                                    "isLinked": true
                                                },
                                                "classic_column_gap_tablet": {
                                                    "unit": "px",
                                                    "size": 10,
                                                    "sizes": []
                                                },
                                                "classic_row_gap_tablet": {
                                                    "unit": "px",
                                                    "size": 10,
                                                    "sizes": []
                                                },
                                                "classic_meta_spacing": {
                                                    "unit": "px",
                                                    "size": 0,
                                                    "sizes": []
                                                },
                                                "classic_box_border_radius": {
                                                    "unit": "px",
                                                    "size": 0,
                                                    "sizes": []
                                                },
                                                "classic_box_border_color": "#F9F9F9"
                                            },
                                            "elements": [],
                                            "isInner": false,
                                            "widgetType": "posts",
                                            "elType": "widget"
                                        }
                                    ],
                                    "isInner": true,
                                    "elType": "column"
                                }
                            ],
                            "isInner": true,
                            "elType": "section"
                        }
                    ],
                    "isInner": false,
                    "elType": "column"
                }
            ],
            "isInner": false,
            "elType": "section"
        }
    ]
}