{
    "version": "0.4",
    "title": "Single Post",
    "type": "single-post",
    "metadata": {
        "template_type": "single-post",
        "include_in_zip": "1",
        "elementor_pro_required": "1",
        "elementor_library_type": "single-post",
        "elementor_pro_conditions": [
            "include\/singular\/post"
        ],
        "additional_template_information": [
            "This is a \"Single Post\" template for Elementor Pro.",
            "This template will display on: Posts."
        ],
        "wp_page_template": "default"
    },
    "content": [
        {
            "id": "5c7e974",
            "settings": {
                "padding": {
                    "unit": "px",
                    "top": "190",
                    "right": "0",
                    "bottom": "0",
                    "left": "0",
                    "isLinked": false
                },
                "background_background": "classic",
                "background_overlay_background": "classic",
                "background_overlay_image": {
                    "url": "https:\/\/htmldesigntemplates.com\/portfoly\/wp-content\/uploads\/sites\/28\/2023\/03\/price-shape1.png",
                    "id": 648,
                    "size": "",
                    "alt": "",
                    "source": "library"
                },
                "background_overlay_opacity": {
                    "unit": "px",
                    "size": 1,
                    "sizes": []
                },
                "background_overlay_position": "center center",
                "background_overlay_repeat": "no-repeat",
                "background_overlay_size": "initial",
                "border_border": "none",
                "border_width": {
                    "unit": "px",
                    "top": "0",
                    "right": "0",
                    "bottom": "5",
                    "left": "0",
                    "isLinked": false
                },
                "border_radius": {
                    "unit": "px",
                    "top": "0",
                    "right": "0",
                    "bottom": "0",
                    "left": "0",
                    "isLinked": true
                },
                "margin": {
                    "unit": "px",
                    "top": "-103",
                    "right": 0,
                    "bottom": "0",
                    "left": 0,
                    "isLinked": false
                },
                "__globals__": {
                    "background_color": "globals\/colors?id=7568283",
                    "border_color": "globals\/colors?id=primary"
                },
                "background_overlay_bg_width": {
                    "unit": "%",
                    "size": 60,
                    "sizes": []
                },
                "content_position": "middle",
                "structure": "20"
            },
            "elements": [
                {
                    "id": "6c6e1e07",
                    "settings": {
                        "_column_size": 50,
                        "_inline_size": null,
                        "space_between_widgets": 0,
                        "z_index": 1,
                        "_inline_size_tablet": 100,
                        "margin": {
                            "unit": "px",
                            "top": "0",
                            "right": "40",
                            "bottom": "110",
                            "left": "0",
                            "isLinked": false
                        },
                        "margin_tablet": {
                            "unit": "px",
                            "top": "0",
                            "right": "10",
                            "bottom": "0",
                            "left": "10",
                            "isLinked": false
                        }
                    },
                    "elements": [
                        {
                            "id": "20095282",
                            "settings": {
                                "__dynamic__": {
                                    "title": "[elementor-tag id=\"\" name=\"archive-title\" settings=\"%7B%22include_context%22%3A%22yes%22%2C%22before%22%3A%22%22%2C%22after%22%3A%22%22%2C%22fallback%22%3A%22%22%7D\"]"
                                },
                                "title": "Add Your Heading Text Here",
                                "header_size": "h2",
                                "align": "left",
                                "_margin": {
                                    "unit": "px",
                                    "top": "0",
                                    "right": "0",
                                    "bottom": "10",
                                    "left": "0",
                                    "isLinked": false
                                },
                                "_margin_tablet": {
                                    "unit": "%",
                                    "top": "4",
                                    "right": "0",
                                    "bottom": "0",
                                    "left": "0",
                                    "isLinked": false
                                },
                                "_margin_mobile": {
                                    "unit": "%",
                                    "top": "0",
                                    "right": "0",
                                    "bottom": "0",
                                    "left": "0",
                                    "isLinked": false
                                },
                                "__globals__": {
                                    "typography_typography": "globals\/typography?id=3f3e88c",
                                    "title_color": "globals\/colors?id=3c2ad25"
                                },
                                "align_tablet": "center"
                            },
                            "elements": [],
                            "isInner": false,
                            "widgetType": "theme-archive-title",
                            "elType": "widget"
                        },
                        {
                            "id": "2d17d0d1",
                            "settings": {
                                "icon_list": [
                                    {
                                        "type": "author",
                                        "selected_icon": {
                                            "value": "far fa-user-circle",
                                            "library": "fa-regular"
                                        },
                                        "_id": "b8ba3f1",
                                        "custom_date_format": "F j, Y",
                                        "custom_time_format": "g:i a"
                                    },
                                    {
                                        "selected_icon": {
                                            "value": "fas fa-calendar",
                                            "library": "fa-solid"
                                        },
                                        "_id": "2c59e0b",
                                        "custom_date_format": "F j, Y",
                                        "custom_time_format": "g:i a"
                                    },
                                    {
                                        "type": "comments",
                                        "selected_icon": {
                                            "value": "far fa-comment-dots",
                                            "library": "fa-regular"
                                        },
                                        "_id": "c851f2b",
                                        "custom_date_format": "F j, Y",
                                        "custom_time_format": "g:i a"
                                    }
                                ],
                                "space_between": {
                                    "unit": "px",
                                    "size": 25,
                                    "sizes": []
                                },
                                "divider": "yes",
                                "_padding": {
                                    "unit": "px",
                                    "top": "10",
                                    "right": "10",
                                    "bottom": "10",
                                    "left": "10",
                                    "isLinked": true
                                },
                                "_background_background": "classic",
                                "__globals__": {
                                    "icon_color": "globals\/colors?id=3c2ad25",
                                    "text_color": "globals\/colors?id=3c2ad25",
                                    "_background_color": "",
                                    "divider_color": "globals\/colors?id=8b564f1",
                                    "icon_typography_typography": "globals\/typography?id=text"
                                },
                                "icon_align": "left",
                                "divider_color": "#F1F1F1",
                                "icon_color": "#777777",
                                "text_color": "#777777",
                                "icon_align_tablet": "center"
                            },
                            "elements": [],
                            "isInner": false,
                            "widgetType": "post-info",
                            "elType": "widget"
                        }
                    ],
                    "isInner": false,
                    "elType": "column"
                },
                {
                    "id": "1cecf968",
                    "settings": {
                        "_column_size": 50,
                        "_inline_size": null,
                        "_inline_size_tablet": 100
                    },
                    "elements": [
                        {
                            "id": "22003a76",
                            "settings": {
                                "__dynamic__": {
                                    "image": "[elementor-tag id=\"\" name=\"post-featured-image\" settings=\"%7B%22fallback%22%3A%7B%22url%22%3A%22%22%2C%22id%22%3A%22%22%7D%7D\"]"
                                },
                                "image_border_radius": {
                                    "unit": "px",
                                    "top": "0",
                                    "right": "0",
                                    "bottom": "0",
                                    "left": "0",
                                    "isLinked": true
                                },
                                "image": {
                                    "id": "",
                                    "url": "https:\/\/htmldesigntemplates.com\/portfoly\/wp-content\/plugins\/elementor\/assets\/images\/placeholder.png"
                                },
                                "image_size": "full",
                                "width": {
                                    "unit": "%",
                                    "size": 100,
                                    "sizes": []
                                },
                                "_margin": {
                                    "unit": "px",
                                    "top": "0",
                                    "right": "0",
                                    "bottom": "-30",
                                    "left": "0",
                                    "isLinked": false
                                }
                            },
                            "elements": [],
                            "isInner": false,
                            "widgetType": "theme-post-featured-image",
                            "elType": "widget"
                        }
                    ],
                    "isInner": false,
                    "elType": "column"
                }
            ],
            "isInner": false,
            "elType": "section"
        },
        {
            "id": "3ce193e9",
            "settings": {
                "structure": "20",
                "padding": {
                    "unit": "px",
                    "top": "110",
                    "right": "0",
                    "bottom": "110",
                    "left": "0",
                    "isLinked": false
                },
                "margin_tablet": {
                    "unit": "px",
                    "top": "0",
                    "right": 0,
                    "bottom": "0",
                    "left": 0,
                    "isLinked": false
                }
            },
            "elements": [
                {
                    "id": "22d47b8",
                    "settings": {
                        "_column_size": 50,
                        "_inline_size": 65,
                        "margin": {
                            "unit": "px",
                            "top": "0",
                            "right": "15",
                            "bottom": "0",
                            "left": "0",
                            "isLinked": false
                        },
                        "_inline_size_tablet": 100,
                        "margin_tablet": {
                            "unit": "px",
                            "top": "0",
                            "right": "0",
                            "bottom": "20",
                            "left": "0",
                            "isLinked": false
                        },
                        "space_between_widgets": 10
                    },
                    "elements": [
                        {
                            "id": "292f43fd",
                            "settings": {
                                "__dynamic__": {
                                    "title": "[elementor-tag id=\"\" name=\"post-title\" settings=\"%7B%22before%22%3A%22%22%2C%22after%22%3A%22%22%2C%22fallback%22%3A%22%22%7D\"]"
                                },
                                "title": "Add Your Heading Text Here",
                                "header_size": "h3",
                                "__globals__": {
                                    "title_color": "globals\/colors?id=secondary",
                                    "typography_typography": "globals\/typography?id=83a0a2f"
                                },
                                "align_mobile": "center"
                            },
                            "elements": [],
                            "isInner": false,
                            "widgetType": "theme-post-title",
                            "elType": "widget"
                        },
                        {
                            "id": "27ce256d",
                            "settings": {
                                "align": "center",
                                "text": "Divider",
                                "color": "#66666620",
                                "weight": {
                                    "unit": "px",
                                    "size": 2,
                                    "sizes": []
                                },
                                "__globals__": {
                                    "color": ""
                                },
                                "gap": {
                                    "unit": "px",
                                    "size": 10,
                                    "sizes": []
                                }
                            },
                            "elements": [],
                            "isInner": false,
                            "widgetType": "divider",
                            "elType": "widget"
                        },
                        {
                            "id": "466a3c80",
                            "settings": {
                                "align_mobile": "center",
                                "__globals__": {
                                    "text_color": "globals\/colors?id=text"
                                }
                            },
                            "elements": [],
                            "isInner": false,
                            "widgetType": "theme-post-content",
                            "elType": "widget"
                        },
                        {
                            "id": "315834f6",
                            "settings": {
                                "source": "custom",
                                "author_avatar": {
                                    "id": 1373,
                                    "url": "https:\/\/htmldesigntemplates.com\/portfoly\/wp-content\/uploads\/sites\/28\/2023\/03\/smart-asian-business-woman-smiling-at-office-space-2022-11-18-09-57-02-utc.jpg",
                                    "alt": "",
                                    "source": "library",
                                    "size": ""
                                },
                                "author_name": "Lora Helmin",
                                "author_bio": "Excepteur sint occaecat cupidatat non proident, sunt in culpa qui officia deserunt mollit anim id est laborum.",
                                "link_text": "All Posts",
                                "image_vertical_align": "middle",
                                "image_size": {
                                    "unit": "px",
                                    "size": 100,
                                    "sizes": []
                                },
                                "name_gap": {
                                    "unit": "px",
                                    "size": 3,
                                    "sizes": []
                                },
                                "_padding": {
                                    "unit": "px",
                                    "top": "15",
                                    "right": "15",
                                    "bottom": "15",
                                    "left": "15",
                                    "isLinked": true
                                },
                                "_background_background": "classic",
                                "_border_width": {
                                    "unit": "px",
                                    "top": "1",
                                    "right": "1",
                                    "bottom": "1",
                                    "left": "1",
                                    "isLinked": true
                                },
                                "__globals__": {
                                    "name_color": "globals\/colors?id=primary",
                                    "_border_color": "",
                                    "_background_color": "globals\/colors?id=3c2ad25",
                                    "name_typography_typography": "globals\/typography?id=be86681",
                                    "bio_typography_typography": "globals\/typography?id=text",
                                    "image_border_color": "globals\/colors?id=text",
                                    "bio_color": "globals\/colors?id=text"
                                },
                                "image_gap": {
                                    "unit": "px",
                                    "size": 20,
                                    "sizes": []
                                },
                                "image_border": "yes",
                                "_border_radius": {
                                    "unit": "px",
                                    "top": "0",
                                    "right": "0",
                                    "bottom": "0",
                                    "left": "0",
                                    "isLinked": true
                                },
                                "image_border_radius": {
                                    "unit": "px",
                                    "size": 0,
                                    "sizes": []
                                },
                                "image_border_color": "#FFFFFF",
                                "image_border_width": {
                                    "unit": "px",
                                    "size": 0,
                                    "sizes": []
                                },
                                "name_color": "#191919",
                                "_border_border": "none",
                                "_border_color": "#FFFFFF1A"
                            },
                            "elements": [],
                            "isInner": false,
                            "widgetType": "author-box",
                            "elType": "widget"
                        },
                        {
                            "id": "2d301f00",
                            "settings": {
                                "space": {
                                    "unit": "px",
                                    "size": 10,
                                    "sizes": []
                                }
                            },
                            "elements": [],
                            "isInner": false,
                            "widgetType": "spacer",
                            "elType": "widget"
                        },
                        {
                            "id": "2161c07b",
                            "settings": {
                                "_skin": "theme_comments"
                            },
                            "elements": [],
                            "isInner": false,
                            "widgetType": "post-comments",
                            "elType": "widget"
                        },
                        {
                            "id": "6e9dac64",
                            "settings": {
                                "prev_label": "Previous",
                                "next_label": "Next",
                                "arrow": "fa fa-caret-left",
                                "sep_color": "#66666620",
                                "__globals__": {
                                    "label_typography_typography": "globals\/typography?id=9740b67",
                                    "title_typography_typography": "globals\/typography?id=cbcd450",
                                    "sep_color": "",
                                    "arrow_color": "globals\/colors?id=text",
                                    "text_color": "globals\/colors?id=secondary",
                                    "_background_color": "globals\/colors?id=3c2ad25",
                                    "_border_color": "globals\/colors?id=07a1f7e",
                                    "label_color": "globals\/colors?id=primary"
                                },
                                "label_typography_line_height": {
                                    "unit": "em",
                                    "size": "",
                                    "sizes": []
                                },
                                "title_typography_line_height": {
                                    "unit": "em",
                                    "size": 1.22,
                                    "sizes": []
                                },
                                "title_typography_line_height_tablet": {
                                    "unit": "em",
                                    "size": "",
                                    "sizes": []
                                },
                                "title_typography_line_height_mobile": {
                                    "unit": "em",
                                    "size": "",
                                    "sizes": []
                                },
                                "_padding": {
                                    "unit": "px",
                                    "top": "20",
                                    "right": "20",
                                    "bottom": "20",
                                    "left": "20",
                                    "isLinked": true
                                },
                                "_background_background": "classic",
                                "_border_radius": {
                                    "unit": "px",
                                    "top": "0",
                                    "right": "0",
                                    "bottom": "0",
                                    "left": "0",
                                    "isLinked": true
                                },
                                "_border_border": "none",
                                "_border_width": {
                                    "unit": "px",
                                    "top": "2",
                                    "right": "2",
                                    "bottom": "2",
                                    "left": "2",
                                    "isLinked": true
                                },
                                "_margin": {
                                    "unit": "px",
                                    "top": "20",
                                    "right": "0",
                                    "bottom": "0",
                                    "left": "0",
                                    "isLinked": false
                                },
                                "label_color": "#E99D36",
                                "text_color": "#1D231F",
                                "arrow_color": "#666666",
                                "_border_color": "#F4F9F0",
                                "label_typography_line_height_tablet": {
                                    "unit": "em",
                                    "size": "",
                                    "sizes": []
                                },
                                "label_typography_line_height_mobile": {
                                    "unit": "em",
                                    "size": "",
                                    "sizes": []
                                }
                            },
                            "elements": [],
                            "isInner": false,
                            "widgetType": "post-navigation",
                            "elType": "widget"
                        }
                    ],
                    "isInner": false,
                    "elType": "column"
                },
                {
                    "id": "645e7b07",
                    "settings": {
                        "_column_size": 50,
                        "_inline_size": 35,
                        "_inline_size_tablet": 100,
                        "space_between_widgets": 0,
                        "background_background": "classic",
                        "border_width": {
                            "unit": "px",
                            "top": "1",
                            "right": "1",
                            "bottom": "1",
                            "left": "1",
                            "isLinked": true
                        },
                        "border_radius": {
                            "unit": "px",
                            "top": "0",
                            "right": "0",
                            "bottom": "0",
                            "left": "0",
                            "isLinked": true
                        },
                        "box_shadow_box_shadow": {
                            "horizontal": 0,
                            "vertical": 0,
                            "blur": 15,
                            "spread": 0,
                            "color": "rgba(0, 0, 0, 0.06)"
                        },
                        "margin": {
                            "unit": "px",
                            "top": "0",
                            "right": "0",
                            "bottom": "0",
                            "left": "15",
                            "isLinked": false
                        },
                        "__globals__": {
                            "border_color": "globals\/colors?id=8b564f1",
                            "background_color": ""
                        },
                        "margin_tablet": {
                            "unit": "px",
                            "top": "0",
                            "right": "0",
                            "bottom": "0",
                            "left": "0",
                            "isLinked": true
                        },
                        "border_color": "#F1F1F1"
                    },
                    "elements": [
                        {
                            "id": "3f8bd429",
                            "settings": {
                                "gap": "no",
                                "background_background": "classic",
                                "background_overlay_background": "classic",
                                "margin": {
                                    "unit": "px",
                                    "top": "0",
                                    "right": 0,
                                    "bottom": "30",
                                    "left": 0,
                                    "isLinked": false
                                },
                                "padding": {
                                    "unit": "px",
                                    "top": "30",
                                    "right": "20",
                                    "bottom": "30",
                                    "left": "20",
                                    "isLinked": false
                                },
                                "__globals__": {
                                    "background_color": "globals\/colors?id=3c2ad25",
                                    "background_overlay_color": "",
                                    "background_color_b": "globals\/colors?id=primary"
                                },
                                "background_color": "#FFFFFF",
                                "background_color_b": "#E99D36",
                                "border_border": "solid",
                                "border_width": {
                                    "unit": "px",
                                    "top": "1",
                                    "right": "1",
                                    "bottom": "1",
                                    "left": "1",
                                    "isLinked": true
                                },
                                "border_color": "#FFFFFF1A"
                            },
                            "elements": [
                                {
                                    "id": "675a09d5",
                                    "settings": {
                                        "_column_size": 100,
                                        "_inline_size": null,
                                        "space_between_widgets": 10
                                    },
                                    "elements": [
                                        {
                                            "id": "5772faf8",
                                            "settings": {
                                                "title": "About Founter",
                                                "header_size": "h4",
                                                "__globals__": {
                                                    "typography_typography": "globals\/typography?id=be86681",
                                                    "title_color": "globals\/colors?id=secondary"
                                                },
                                                "align": "center"
                                            },
                                            "elements": [],
                                            "isInner": false,
                                            "widgetType": "heading",
                                            "elType": "widget"
                                        },
                                        {
                                            "id": "73cebb36",
                                            "settings": {
                                                "width": {
                                                    "unit": "%",
                                                    "size": 15,
                                                    "sizes": []
                                                },
                                                "text": "Divider",
                                                "weight": {
                                                    "unit": "px",
                                                    "size": 2,
                                                    "sizes": []
                                                },
                                                "_margin": {
                                                    "unit": "px",
                                                    "top": "0",
                                                    "right": "0",
                                                    "bottom": "0",
                                                    "left": "0",
                                                    "isLinked": false
                                                },
                                                "__globals__": {
                                                    "color": "globals\/colors?id=primary"
                                                },
                                                "align": "center"
                                            },
                                            "elements": [],
                                            "isInner": false,
                                            "widgetType": "divider",
                                            "elType": "widget"
                                        },
                                        {
                                            "id": "2af13d93",
                                            "settings": {
                                                "source": "custom",
                                                "author_avatar": {
                                                    "id": 1373,
                                                    "url": "https:\/\/htmldesigntemplates.com\/portfoly\/wp-content\/uploads\/sites\/28\/2023\/03\/smart-asian-business-woman-smiling-at-office-space-2022-11-18-09-57-02-utc.jpg",
                                                    "alt": "",
                                                    "source": "library",
                                                    "size": ""
                                                },
                                                "author_name": "Hi, jenny Loral",
                                                "author_name_tag": "h5",
                                                "author_bio": "Lorem ipsum dolor sit amet, consectetur adipiscing elit, sed do eiusmod tempor  dolore magna aliqua.",
                                                "link_text": "All Posts",
                                                "layout": "above",
                                                "alignment": "center",
                                                "image_gap": {
                                                    "unit": "px",
                                                    "size": 10,
                                                    "sizes": []
                                                },
                                                "__globals__": {
                                                    "name_typography_typography": "globals\/typography?id=94485de",
                                                    "bio_typography_typography": "globals\/typography?id=9740b67",
                                                    "image_border_color": "globals\/colors?id=text",
                                                    "name_color": "globals\/colors?id=primary",
                                                    "button_typography_typography": "globals\/typography?id=accent",
                                                    "bio_color": "globals\/colors?id=text"
                                                },
                                                "image_size": {
                                                    "unit": "px",
                                                    "size": 100,
                                                    "sizes": []
                                                },
                                                "image_border_width": {
                                                    "unit": "px",
                                                    "size": 0,
                                                    "sizes": []
                                                },
                                                "name_gap": {
                                                    "unit": "px",
                                                    "size": 10,
                                                    "sizes": []
                                                },
                                                "bio_gap": {
                                                    "unit": "px",
                                                    "size": 20,
                                                    "sizes": []
                                                }
                                            },
                                            "elements": [],
                                            "isInner": false,
                                            "widgetType": "author-box",
                                            "elType": "widget"
                                        }
                                    ],
                                    "isInner": true,
                                    "elType": "column"
                                }
                            ],
                            "isInner": true,
                            "elType": "section"
                        },
                        {
                            "id": "45c01c11",
                            "settings": {
                                "gap": "no",
                                "background_background": "classic",
                                "border_width": {
                                    "unit": "px",
                                    "top": "0",
                                    "right": "0",
                                    "bottom": "4",
                                    "left": "0",
                                    "isLinked": false
                                },
                                "margin": {
                                    "unit": "px",
                                    "top": "0",
                                    "right": 0,
                                    "bottom": "30",
                                    "left": 0,
                                    "isLinked": false
                                },
                                "__globals__": {
                                    "background_color": "",
                                    "border_color": "globals\/colors?id=primary"
                                },
                                "border_border": "none",
                                "border_color": "#E99D36"
                            },
                            "elements": [
                                {
                                    "id": "3ead9e",
                                    "settings": {
                                        "_column_size": 100,
                                        "_inline_size": null,
                                        "space_between_widgets": 10
                                    },
                                    "elements": [
                                        {
                                            "id": "525a6960",
                                            "settings": {
                                                "title": "Categories",
                                                "header_size": "h4",
                                                "__globals__": {
                                                    "typography_typography": "globals\/typography?id=be86681",
                                                    "title_color": "globals\/colors?id=secondary"
                                                }
                                            },
                                            "elements": [],
                                            "isInner": false,
                                            "widgetType": "heading",
                                            "elType": "widget"
                                        },
                                        {
                                            "id": "2020957a",
                                            "settings": {
                                                "width": {
                                                    "unit": "%",
                                                    "size": 10,
                                                    "sizes": []
                                                },
                                                "text": "Divider",
                                                "weight": {
                                                    "unit": "px",
                                                    "size": 2,
                                                    "sizes": []
                                                },
                                                "_margin": {
                                                    "unit": "px",
                                                    "top": "0",
                                                    "right": "0",
                                                    "bottom": "0",
                                                    "left": "0",
                                                    "isLinked": false
                                                },
                                                "__globals__": {
                                                    "color": "globals\/colors?id=primary"
                                                }
                                            },
                                            "elements": [],
                                            "isInner": false,
                                            "widgetType": "divider",
                                            "elType": "widget"
                                        },
                                        {
                                            "id": "2c7c211e",
                                            "settings": {
                                                "icon_list": [
                                                    {
                                                        "text": "Web Development",
                                                        "icons": {
                                                            "value": "icon icon-tick",
                                                            "library": "ekiticons"
                                                        },
                                                        "link": "1",
                                                        "_id": "5f89512"
                                                    },
                                                    {
                                                        "text": "Graphic Designing",
                                                        "icons": {
                                                            "value": "icon icon-tick",
                                                            "library": "ekiticons"
                                                        },
                                                        "link": "1",
                                                        "_id": "a34ddee"
                                                    },
                                                    {
                                                        "text": "Digital Marketing",
                                                        "icons": {
                                                            "value": "icon icon-tick",
                                                            "library": "ekiticons"
                                                        },
                                                        "link": "1",
                                                        "_id": "c1b07f3"
                                                    },
                                                    {
                                                        "text": "Ui\/Ux Designers",
                                                        "icons": {
                                                            "value": "icon icon-tick",
                                                            "library": "ekiticons"
                                                        },
                                                        "link": "1",
                                                        "_id": "2bc4b9f"
                                                    },
                                                    {
                                                        "text": "Social Media Marketing",
                                                        "icons": {
                                                            "value": "icon icon-tick",
                                                            "library": "ekiticons"
                                                        },
                                                        "link": "1",
                                                        "_id": "1b95b6f"
                                                    },
                                                    {
                                                        "text": "Stratagy & Research",
                                                        "icons": {
                                                            "value": "icon icon-tick",
                                                            "library": "ekiticons"
                                                        },
                                                        "link": "1",
                                                        "_id": "bb57550"
                                                    },
                                                    {
                                                        "text": "Speed Optimized",
                                                        "icons": {
                                                            "value": "icon icon-tick",
                                                            "library": "ekiticons"
                                                        },
                                                        "link": "1",
                                                        "_id": "cfbecb5"
                                                    }
                                                ],
                                                "space_between": {
                                                    "unit": "px",
                                                    "size": 30,
                                                    "sizes": []
                                                },
                                                "divider": "yes",
                                                "text_indent": {
                                                    "unit": "px",
                                                    "size": 10,
                                                    "sizes": []
                                                },
                                                "__globals__": {
                                                    "icon_typography_typography": "globals\/typography?id=text",
                                                    "text_color": "globals\/colors?id=text",
                                                    "icon_color": "globals\/colors?id=accent",
                                                    "text_color_hover": "globals\/colors?id=primary",
                                                    "icon_color_hover": "globals\/colors?id=primary",
                                                    "divider_color": "",
                                                    "_border_color": "globals\/colors?id=8b564f1",
                                                    "_background_color": ""
                                                },
                                                "_background_background": "classic",
                                                "_border_width": {
                                                    "unit": "px",
                                                    "top": "1",
                                                    "right": "1",
                                                    "bottom": "1",
                                                    "left": "1",
                                                    "isLinked": true
                                                },
                                                "_border_radius": {
                                                    "unit": "px",
                                                    "top": "10",
                                                    "right": "10",
                                                    "bottom": "10",
                                                    "left": "10",
                                                    "isLinked": true
                                                },
                                                "divider_color": "#66666620",
                                                "icon_color": "#E99D36",
                                                "icon_color_hover": "#E99D36",
                                                "text_color": "#FFFFFF",
                                                "text_color_hover": "#E99D36",
                                                "_border_color": "#F9F9F9",
                                                "divider_style": "dashed"
                                            },
                                            "elements": [],
                                            "isInner": false,
                                            "widgetType": "elementskit-category-list",
                                            "elType": "widget"
                                        }
                                    ],
                                    "isInner": true,
                                    "elType": "column"
                                }
                            ],
                            "isInner": true,
                            "elType": "section"
                        },
                        {
                            "id": "540ff651",
                            "settings": {
                                "gap": "no",
                                "background_background": "classic",
                                "border_width": {
                                    "unit": "px",
                                    "top": "0",
                                    "right": "0",
                                    "bottom": "4",
                                    "left": "0",
                                    "isLinked": false
                                },
                                "margin": {
                                    "unit": "px",
                                    "top": "0",
                                    "right": 0,
                                    "bottom": "30",
                                    "left": 0,
                                    "isLinked": false
                                },
                                "__globals__": {
                                    "background_color": "",
                                    "border_color": "globals\/colors?id=primary"
                                },
                                "border_border": "none",
                                "border_color": "#E99D36"
                            },
                            "elements": [
                                {
                                    "id": "3d1dee5b",
                                    "settings": {
                                        "_column_size": 100,
                                        "_inline_size": null,
                                        "space_between_widgets": 10
                                    },
                                    "elements": [
                                        {
                                            "id": "d4e51c1",
                                            "settings": {
                                                "title": "Recent News",
                                                "header_size": "h4",
                                                "__globals__": {
                                                    "typography_typography": "globals\/typography?id=be86681",
                                                    "title_color": "globals\/colors?id=secondary"
                                                }
                                            },
                                            "elements": [],
                                            "isInner": false,
                                            "widgetType": "heading",
                                            "elType": "widget"
                                        },
                                        {
                                            "id": "510ae653",
                                            "settings": {
                                                "width": {
                                                    "unit": "%",
                                                    "size": 10,
                                                    "sizes": []
                                                },
                                                "text": "Divider",
                                                "weight": {
                                                    "unit": "px",
                                                    "size": 2,
                                                    "sizes": []
                                                },
                                                "_margin": {
                                                    "unit": "px",
                                                    "top": "0",
                                                    "right": "0",
                                                    "bottom": "0",
                                                    "left": "0",
                                                    "isLinked": false
                                                },
                                                "__globals__": {
                                                    "color": "globals\/colors?id=primary"
                                                }
                                            },
                                            "elements": [],
                                            "isInner": false,
                                            "widgetType": "divider",
                                            "elType": "widget"
                                        },
                                        {
                                            "id": "45e7d2ab",
                                            "settings": {
                                                "classic_columns": "1",
                                                "classic_posts_per_page": 4,
                                                "classic_thumbnail": "left",
                                                "classic_thumbnail_size_size": "full",
                                                "classic_item_ratio": {
                                                    "unit": "px",
                                                    "size": 1,
                                                    "sizes": []
                                                },
                                                "classic_item_ratio_mobile": {
                                                    "unit": "px",
                                                    "size": 0.8,
                                                    "sizes": []
                                                },
                                                "classic_image_width": {
                                                    "unit": "%",
                                                    "size": 22,
                                                    "sizes": []
                                                },
                                                "classic_image_width_mobile": {
                                                    "unit": "%",
                                                    "size": 30,
                                                    "sizes": []
                                                },
                                                "classic_title_tag": "h6",
                                                "classic_show_excerpt": "",
                                                "classic_meta_separator": "|",
                                                "classic_show_read_more": "",
                                                "classic_read_more_text": "Read More \u00bb",
                                                "cards_meta_separator": "\u2022",
                                                "cards_read_more_text": "Read More \u00bb",
                                                "full_content_meta_separator": "\/\/\/",
                                                "classic_column_gap": {
                                                    "unit": "px",
                                                    "size": 20,
                                                    "sizes": []
                                                },
                                                "classic_row_gap": {
                                                    "unit": "px",
                                                    "size": 10,
                                                    "sizes": []
                                                },
                                                "classic_box_border_width": {
                                                    "unit": "px",
                                                    "top": "0",
                                                    "right": "0",
                                                    "bottom": "1",
                                                    "left": "0",
                                                    "isLinked": false
                                                },
                                                "classic_box_border_radius": {
                                                    "unit": "px",
                                                    "size": 0,
                                                    "sizes": []
                                                },
                                                "classic_box_padding": {
                                                    "unit": "px",
                                                    "top": "0",
                                                    "right": "0",
                                                    "bottom": "10",
                                                    "left": "0",
                                                    "isLinked": false
                                                },
                                                "classic_content_padding": {
                                                    "unit": "px",
                                                    "top": "0",
                                                    "right": "0",
                                                    "bottom": "0",
                                                    "left": "0",
                                                    "isLinked": false
                                                },
                                                "classic_image_spacing": {
                                                    "unit": "px",
                                                    "size": 15,
                                                    "sizes": []
                                                },
                                                "classic_title_spacing": {
                                                    "unit": "px",
                                                    "size": 5,
                                                    "sizes": []
                                                },
                                                "pagination_page_limit": "5",
                                                "pagination_prev_label": "&laquo; Previous",
                                                "pagination_next_label": "Next &raquo;",
                                                "text": "Load More",
                                                "load_more_no_posts_custom_message": "No more posts to show",
                                                "_padding": {
                                                    "unit": "px",
                                                    "top": "0",
                                                    "right": "0",
                                                    "bottom": "0",
                                                    "left": "0",
                                                    "isLinked": true
                                                },
                                                "_border_width": {
                                                    "unit": "px",
                                                    "top": "1",
                                                    "right": "1",
                                                    "bottom": "1",
                                                    "left": "1",
                                                    "isLinked": true
                                                },
                                                "_border_color": "#F55E1A59",
                                                "__globals__": {
                                                    "classic_title_color": "globals\/colors?id=secondary",
                                                    "classic_title_typography_typography": "globals\/typography?id=cbcd450",
                                                    "classic_meta_color": "globals\/colors?id=text",
                                                    "classic_meta_separator_color": "globals\/colors?id=text",
                                                    "classic_meta_typography_typography": "globals\/typography?id=9740b67",
                                                    "classic_box_border_color": "",
                                                    "classic_box_bg_color": ""
                                                },
                                                "classic_meta_data": [
                                                    "date"
                                                ],
                                                "classic_meta_spacing": {
                                                    "unit": "px",
                                                    "size": 0,
                                                    "sizes": []
                                                },
                                                "classic_box_border_color": "#FFFFFF1A",
                                                "classic_title_color": "#191919",
                                                "classic_meta_color": "#666666",
                                                "classic_meta_separator_color": "#666666"
                                            },
                                            "elements": [],
                                            "isInner": false,
                                            "widgetType": "posts",
                                            "elType": "widget"
                                        }
                                    ],
                                    "isInner": true,
                                    "elType": "column"
                                }
                            ],
                            "isInner": true,
                            "elType": "section"
                        },
                        {
                            "id": "5313fe5f",
                            "settings": {
                                "gap": "no",
                                "background_background": "classic",
                                "background_overlay_background": "classic",
                                "border_radius": {
                                    "unit": "px",
                                    "top": "0",
                                    "right": "0",
                                    "bottom": "0",
                                    "left": "0",
                                    "isLinked": true
                                },
                                "margin": {
                                    "unit": "px",
                                    "top": "0",
                                    "right": 0,
                                    "bottom": "0",
                                    "left": 0,
                                    "isLinked": false
                                },
                                "padding": {
                                    "unit": "px",
                                    "top": "20",
                                    "right": "20",
                                    "bottom": "20",
                                    "left": "20",
                                    "isLinked": true
                                },
                                "__globals__": {
                                    "background_color": "",
                                    "background_overlay_color": "globals\/colors?id=7568283",
                                    "background_color_b": "globals\/colors?id=primary"
                                },
                                "background_color": "#232221",
                                "background_color_b": "#E99D36",
                                "background_overlay_color": "#131313",
                                "border_border": "none",
                                "border_width": {
                                    "unit": "px",
                                    "top": "1",
                                    "right": "1",
                                    "bottom": "1",
                                    "left": "1",
                                    "isLinked": true
                                },
                                "border_color": "#FFFFFF1A"
                            },
                            "elements": [
                                {
                                    "id": "5fafc00f",
                                    "settings": {
                                        "_column_size": 100,
                                        "_inline_size": null,
                                        "space_between_widgets": 10
                                    },
                                    "elements": [
                                        {
                                            "id": "3660205f",
                                            "settings": {
                                                "ekit_icon_box_header_icons": {
                                                    "value": "icon icon-phone1",
                                                    "library": "ekiticons"
                                                },
                                                "ekit_icon_box_title_text": "Toll Free Call Center:",
                                                "ekit_icon_box_description_text": "+92 123 456 7890",
                                                "ekit_icon_box_enable_btn": "",
                                                "ekit_icon_box_btn_text": "Learn More",
                                                "ekit_icon_box_icons": {
                                                    "value": "icon icon-right-arrow2",
                                                    "library": "ekiticons"
                                                },
                                                "ekit_icon_box_icon_align": "right",
                                                "ekit_icon_box_title_size": "h5",
                                                "ekit_icon_box_badge_title": "EXCLUSIVE",
                                                "ekit_icon_box_infobox_bg_padding": {
                                                    "unit": "px",
                                                    "top": "0",
                                                    "right": "0",
                                                    "bottom": "0",
                                                    "left": "0",
                                                    "isLinked": true
                                                },
                                                "ekit_icon_box_infobox_box_shadow_group_box_shadow": {
                                                    "horizontal": 0,
                                                    "vertical": "",
                                                    "blur": 15,
                                                    "spread": 0,
                                                    "color": "rgba(204, 204, 204, 0.4)"
                                                },
                                                "ekit_icon_title_color": "#6EA343",
                                                "ekit_icon_title_color_hover": "#6EA343",
                                                "ekit_icon_box_icon_primary_color": "#FFFFFF",
                                                "ekit_icon_box_text_padding": {
                                                    "unit": "px",
                                                    "top": "12",
                                                    "right": "20",
                                                    "bottom": "12",
                                                    "left": "20",
                                                    "isLinked": false
                                                },
                                                "ekit_icon_box_text_margin": {
                                                    "unit": "px",
                                                    "top": "0",
                                                    "right": "0",
                                                    "bottom": "0",
                                                    "left": "0",
                                                    "isLinked": false
                                                },
                                                "ekit_icon_box_btn_icon_font_size": {
                                                    "unit": "px",
                                                    "size": 16,
                                                    "sizes": []
                                                },
                                                "ekit_icon_box_button_text_color": "#6EA343",
                                                "ekit_icon_box_btn_background_group_background": "classic",
                                                "ekit_icon_box_btn_background_group_color": "#FFFFFF",
                                                "ekit_icon_box_btn_hover_color": "#FFFFFF",
                                                "__globals__": {
                                                    "ekit_icon_box_typography_group_typography": "globals\/typography?id=text",
                                                    "ekit_icon_box_button_text_color": "globals\/colors?id=primary",
                                                    "ekit_icon_box_btn_background_group_color": "globals\/colors?id=3c2ad25",
                                                    "ekit_icon_box_btn_hover_color": "globals\/colors?id=3c2ad25",
                                                    "ekit_icon_title_color": "globals\/colors?id=primary",
                                                    "ekit_icon_title_color_hover": "globals\/colors?id=primary",
                                                    "ekit_icon_title_typography_group_typography": "globals\/typography?id=cbcd450",
                                                    "ekit_icon_description_typography_group_typography": "globals\/typography?id=be86681",
                                                    "ekit_icon_box_icon_primary_color": "globals\/colors?id=3c2ad25",
                                                    "ekit_icon_box_iocnbox_border_group_color": "globals\/colors?id=07a1f7e",
                                                    "ekit_icon_box_infobox_bg_hover_group_color": "",
                                                    "ekit_icon_description_color_hover": "globals\/colors?id=3c2ad25",
                                                    "ekit_icon_box_hover_primary_color": "globals\/colors?id=3c2ad25",
                                                    "ekit_icon_box_btn_background_hover_group_color": "globals\/colors?id=primary",
                                                    "ekit_icon_box_infobox_bg_group_color": "",
                                                    "ekit_icon_description_color": "globals\/colors?id=3c2ad25",
                                                    "ekit_icon_box_icon_box_border_hv_group_color": "globals\/colors?id=8b564f1",
                                                    "ekit_icon_box_border_icon_group_color": "globals\/colors?id=8b564f1",
                                                    "ekit_icon_box_border_color": "globals\/colors?id=3c2ad25",
                                                    "ekit_icon_box_button_border_color_group_color": "globals\/colors?id=8b564f1",
                                                    "ekit_icon_box_icon_secondary_color_normal": "globals\/colors?id=primary",
                                                    "ekit_icon_box_hover_background_color": "globals\/colors?id=primary"
                                                },
                                                "ekit_icon_box_header_image": {
                                                    "id": 1248,
                                                    "url": "https:\/\/htmldesigntemplates.com\/portfoly\/wp-content\/uploads\/sites\/28\/2023\/03\/placeholder-36.png"
                                                },
                                                "ekit_icon_box_icons__switch": "",
                                                "ekit_icon_box_show_image": {
                                                    "id": 1249,
                                                    "url": "https:\/\/htmldesigntemplates.com\/portfoly\/wp-content\/uploads\/sites\/28\/2023\/03\/placeholder-37.png"
                                                },
                                                "_margin": {
                                                    "unit": "px",
                                                    "top": "0",
                                                    "right": "0",
                                                    "bottom": "0",
                                                    "left": "0",
                                                    "isLinked": false
                                                },
                                                "ekit_icon_box_text_align_responsive": "left",
                                                "ekit_icon_box_infobox_bg_hover_group_background": "classic",
                                                "ekit_icon_icon_size": {
                                                    "unit": "px",
                                                    "size": 32,
                                                    "sizes": []
                                                },
                                                "ekit_icon_box_btn_background_hover_group_background": "classic",
                                                "ekit_icon_box_infobox_bg_group_background": "classic",
                                                "ekit_icon_box_icon_box_border_hv_group_border": "none",
                                                "ekit_icon_box_icon_box_border_hv_group_width": {
                                                    "unit": "px",
                                                    "top": "2",
                                                    "right": "2",
                                                    "bottom": "2",
                                                    "left": "2",
                                                    "isLinked": true
                                                },
                                                "ekit_icon_box_infobox_border_radious_hv": {
                                                    "unit": "px",
                                                    "top": "0",
                                                    "right": "0",
                                                    "bottom": "0",
                                                    "left": "0",
                                                    "isLinked": true
                                                },
                                                "ekit_icon_box_infobox_box_shadow_hv_group_box_shadow": {
                                                    "horizontal": 0,
                                                    "vertical": 0,
                                                    "blur": 15,
                                                    "spread": 0,
                                                    "color": "rgba(204, 204, 204, 0.4)"
                                                },
                                                "ekit_icon_box_icon_box_border_hv_group_color": "#F9F9F9",
                                                "ekit_icon_description_color": "#294145",
                                                "ekit_icon_description_color_hover": "#294145",
                                                "ekit_icon_box_hover_primary_color": "#FFFFFF",
                                                "ekit_icon_box_btn_background_hover_group_color": "#6EA343",
                                                "ekit_icon_box_water_mark_icons": {
                                                    "value": "",
                                                    "library": ""
                                                },
                                                "ekit_icon_box_iocnbox_border_group_width": {
                                                    "unit": "px",
                                                    "top": "2",
                                                    "right": "2",
                                                    "bottom": "2",
                                                    "left": "2",
                                                    "isLinked": true
                                                },
                                                "ekit_icon_box_border_border": "solid",
                                                "ekit_icon_box_border_width": {
                                                    "unit": "px",
                                                    "top": "0",
                                                    "right": "0",
                                                    "bottom": "0",
                                                    "left": "0",
                                                    "isLinked": false
                                                },
                                                "ekit_icon_box_icon_border_radius": {
                                                    "unit": "px",
                                                    "top": "0",
                                                    "right": "0",
                                                    "bottom": "0",
                                                    "left": "0",
                                                    "isLinked": true
                                                },
                                                "ekit_icon_box_border_icon_group_width": {
                                                    "unit": "px",
                                                    "top": "2",
                                                    "right": "2",
                                                    "bottom": "2",
                                                    "left": "2",
                                                    "isLinked": true
                                                },
                                                "ekit_icon_icon_padding": {
                                                    "unit": "px",
                                                    "top": "0",
                                                    "right": "0",
                                                    "bottom": "0",
                                                    "left": "0",
                                                    "isLinked": false,
                                                    "size": 15
                                                },
                                                "ekit_icon_box_infobox_border_radious": {
                                                    "unit": "px",
                                                    "top": "0",
                                                    "right": "0",
                                                    "bottom": "0",
                                                    "left": "0",
                                                    "isLinked": true
                                                },
                                                "ekit_icon_box_icon_position": "left",
                                                "ekit_icon_box_content_valign": "middle",
                                                "ekit_icon_title_bottom_space": {
                                                    "unit": "px",
                                                    "top": "0",
                                                    "right": "0",
                                                    "bottom": "6",
                                                    "left": "0",
                                                    "isLinked": false,
                                                    "size": "20"
                                                },
                                                "ekit_icon_box_margin": {
                                                    "unit": "px",
                                                    "top": "0",
                                                    "right": "0",
                                                    "bottom": "0",
                                                    "left": "0",
                                                    "isLinked": false,
                                                    "size": 15
                                                },
                                                "ekit_icon_box_icon_space": {
                                                    "unit": "px",
                                                    "top": "0",
                                                    "right": "20",
                                                    "bottom": "0",
                                                    "left": "0",
                                                    "isLinked": false
                                                },
                                                "ekit_icon_box_button_border_color_group_border": "solid",
                                                "ekit_icon_box_button_border_color_group_width": {
                                                    "unit": "px",
                                                    "top": "1",
                                                    "right": "1",
                                                    "bottom": "1",
                                                    "left": "1",
                                                    "isLinked": true
                                                },
                                                "ekit_icon_box_btn_border_radius": {
                                                    "unit": "px",
                                                    "top": "0",
                                                    "right": "0",
                                                    "bottom": "0",
                                                    "left": "0",
                                                    "isLinked": true
                                                },
                                                "ekit_icon_box_iocnbox_border_group_border": "none",
                                                "ekit_icon_box_iocnbox_border_group_color": "#F4F9F0",
                                                "ekit_icon_box_border_color": "#FFFFFF",
                                                "ekit_icon_box_border_icon_group_color": "#F9F9F9",
                                                "ekit_icon_box_typography_group_typography": "custom",
                                                "ekit_icon_box_typography_group_font_family": "Poppins",
                                                "ekit_icon_box_typography_group_font_size": {
                                                    "unit": "px",
                                                    "size": 15,
                                                    "sizes": []
                                                },
                                                "ekit_icon_box_typography_group_font_weight": "400",
                                                "ekit_icon_box_typography_group_text_transform": "none",
                                                "ekit_icon_box_typography_group_line_height": {
                                                    "unit": "em",
                                                    "size": 1.5,
                                                    "sizes": []
                                                },
                                                "ekit_icon_box_button_border_color_group_color": "#F9F9F9",
                                                "ekit_icon_box_icon_height": {
                                                    "unit": "px",
                                                    "size": 65,
                                                    "sizes": []
                                                },
                                                "ekit_icon_box_icon_width": {
                                                    "unit": "px",
                                                    "size": 65,
                                                    "sizes": []
                                                },
                                                "ekit_icon_box_icon_line_height": {
                                                    "unit": "px",
                                                    "size": 65,
                                                    "sizes": []
                                                },
                                                "_margin_mobile": {
                                                    "unit": "%",
                                                    "top": "0",
                                                    "right": "0",
                                                    "bottom": "0",
                                                    "left": "0",
                                                    "isLinked": true
                                                },
                                                "ekit_icon_box_icon_secondary_color_normal": "#294145",
                                                "ekit_icon_box_hover_background_color": "#6EA343",
                                                "ekit_icon_box_infobox_bg_group_color": "#66666600"
                                            },
                                            "elements": [],
                                            "isInner": false,
                                            "widgetType": "elementskit-icon-box",
                                            "elType": "widget"
                                        }
                                    ],
                                    "isInner": true,
                                    "elType": "column"
                                }
                            ],
                            "isInner": true,
                            "elType": "section"
                        }
                    ],
                    "isInner": false,
                    "elType": "column"
                }
            ],
            "isInner": false,
            "elType": "section"
        }
    ]
}